task,worker,answer
0,1,0
0,2,0
0,3,0
0,4,0
0,1,0
0,5,0
0,6,0
0,2,0
1,4,0
1,7,0
1,8,0
1,1,0
1,9,0
1,10,0
1,4,0
1,11,0
2,12,0
2,13,0
2,2,0
2,14,0
2,6,0
2,15,0
2,5,0
2,1,0
3,8,0
3,16,0
3,17,0
3,6,0
3,1,0
3,15,0
3,6,0
4,2,0
4,9,0
4,18,0
4,14,0
4,5,0
4,1,0
4,6,0
5,10,0
5,4,0
5,8,0
5,2,0
5,17,0
5,3,0
5,11,0
5,5,0
5,6,0
6,1,0
6,10,0
6,4,0
6,9,0
6,16,0
6,17,0
6,19,0
6,9,0
7,1,0
7,20,0
7,6,0
7,3,0
7,1,0
7,20,0
7,6,0
8,15,0
8,1,0
8,4,0
8,2,0
8,9,0
8,6,0
8,19,0
9,21,0
9,22,0
9,1,0
9,18,0
9,2,0
9,6,0
9,10,0
9,3,0
10,1,0
10,18,0
10,6,0
10,5,0
10,21,0
10,2,0
10,4,0
11,10,0
11,1,0
11,23,0
11,24,0
11,25,0
11,8,0
11,26,0
11,27,0
12,28,0
12,3,0
12,24,0
12,29,0
12,30,0
12,31,0
12,32,0
12,33,0
13,25,0
13,34,0
13,32,0
13,35,0
13,32,0
13,36,0
13,32,0
13,37,0
14,38,0
14,39,0
14,40,0
14,41,0
14,42,0
14,43,0
14,44,0
14,6,0
14,45,0
15,46,0
15,47,0
15,48,0
15,13,0
15,11,0
15,2,0
15,6,0
15,1,0
16,10,0
16,4,0
16,8,0
16,1,0
16,6,0
16,10,0
16,4,0
16,9,0
16,11,0
17,14,0
17,3,0
17,6,0
17,2,0
17,1,0
17,10,0
17,6,0
18,5,0
18,3,0
18,4,0
18,8,0
18,16,0
18,17,0
18,1,0
18,6,0
18,5,0
19,2,0
19,9,0
19,49,0
19,18,0
19,15,0
19,9,0
19,22,0
19,10,0
19,1,0
19,3,0
19,6,0
19,19,0
19,2,0
19,1,0
19,49,0
19,4,0
19,50,0
19,14,0
19,5,0
19,6,0
19,22,0
19,10,0
19,1,0
19,17,0
19,16,0
19,5,0
19,6,0
19,22,0
19,10,0
19,1,0
19,3,0
19,13,0
19,18,0
19,12,0
19,28,0
19,46,0
19,51,0
19,26,0
19,52,0
19,24,0
19,30,0
19,53,0
19,54,0
19,25,0
19,28,0
19,29,0
20,24,0
20,55,0
20,24,0
20,32,0
20,4,0
20,30,0
20,56,0
20,57,0
21,58,0
21,30,0
21,36,0
21,59,0
21,32,0
21,38,0
21,60,0
21,61,0
22,62,0
22,1,0
22,6,0
22,2,0
22,11,0
22,8,0
22,3,0
22,6,0
23,2,0
23,1,0
23,3,0
23,4,0
23,49,0
23,16,0
23,17,0
24,9,0
24,3,0
24,18,0
24,1,0
24,6,0
24,2,0
24,4,0
24,12,0
25,11,0
25,9,0
25,6,0
25,1,0
25,2,0
25,3,0
25,4,0
26,5,0
26,6,0
26,1,0
26,6,0
26,2,0
26,4,0
26,10,0
26,9,0
27,3,0
27,1,0
27,5,0
27,10,0
27,4,0
27,3,0
27,15,0
28,3,0
28,18,0
28,8,0
28,21,0
28,15,0
28,10,0
28,5,0
29,6,0
29,1,0
29,3,0
29,63,0
29,28,0
29,24,0
29,64,0
29,26,0
30,8,0
30,30,0
30,25,0
30,32,0
30,25,0
30,51,0
30,30,0
30,65,0
30,30,0
30,38,0
31,66,0
31,4,0
31,60,0
31,40,0
31,67,0
31,6,0
31,68,0
31,69,0
31,25,0
31,25,0
31,9,0
31,46,0
31,25,0
31,1,0
31,70,0
31,6,0
31,10,0
31,9,0
31,4,0
31,3,0
31,19,0
31,2,0
31,6,0
31,10,0
31,9,0
31,7,0
31,1,0
31,8,0
31,14,0
31,5,0
31,19,0
31,6,0
31,15,0
31,4,0
31,9,0
31,21,0
31,6,0
31,10,0
31,9,0
31,1,0
31,8,0
32,6,0
32,19,0
32,10,0
32,21,0
32,1,0
32,5,0
32,6,0
33,1,0
33,2,0
33,8,0
33,17,0
33,14,0
33,5,0
33,1,0
34,6,0
34,10,0
34,4,0
34,9,0
34,16,0
34,8,0
34,17,0
34,19,0
35,6,0
35,1,0
35,10,0
35,8,0
35,17,0
35,8,0
35,1,0
35,6,0
36,15,0
36,4,0
36,9,0
36,10,0
36,6,0
36,2,0
36,1,0
37,4,0
37,3,0
37,9,0
37,19,0
37,5,0
37,6,0
37,2,0
38,1,0
38,9,0
38,8,0
38,17,0
38,5,0
38,6,0
38,2,0
39,4,0
39,1,0
39,13,0
39,5,0
39,1,0
39,15,0
39,2,0
40,4,0
40,8,0
40,1,0
40,6,0
40,10,0
40,4,0
40,12,0
41,17,0
41,16,0
41,8,0
41,49,0
41,9,0
41,12,0
41,4,0
42,6,0
42,4,0
42,2,0
42,1,0
42,9,0
42,70,0
42,2,0
42,8,0
43,17,0
43,1,0
43,6,0
43,2,0
43,9,0
43,10,0
43,18,0
44,8,0
44,1,0
44,71,0
44,10,0
44,6,0
44,9,0
44,7,0
44,18,0
44,4,0
44,6,0
44,2,0
44,21,0
44,1,0
44,3,0
44,9,0
44,8,0
44,17,0
44,6,0
44,6,0
44,15,0
44,10,0
44,1,0
44,12,0
44,4,0
44,3,0
44,21,0
44,6,0
44,15,0
44,2,0
44,1,0
44,16,0
44,17,0
44,8,0
44,71,0
44,19,0
44,5,0
44,6,0
44,10,0
44,1,0
44,3,0
44,13,0
44,19,0
44,6,0
44,1,0
45,4,0
45,10,0
45,3,0
45,17,0
45,16,0
45,71,0
45,1,0
45,6,0
46,4,0
46,17,0
46,8,0
46,10,0
46,8,0
46,3,0
46,5,0
46,1,0
47,9,0
47,4,0
47,18,0
47,50,0
47,21,0
47,4,0
47,9,0
47,10,0
48,21,0
48,5,0
48,6,0
48,1,0
48,10,0
48,4,0
48,7,0
49,17,0
49,16,0
49,8,0
49,50,0
49,1,0
49,6,0
49,5,0
50,2,0
50,15,0
50,4,0
50,9,0
50,72,0
50,6,0
50,51,0
51,73,0
51,23,0
51,24,0
51,46,0
51,26,0
51,32,0
51,30,0
52,28,0
52,25,0
52,74,0
52,24,0
52,25,0
52,29,0
52,31,0
52,28,0
52,75,0
52,76,0
53,27,0
53,30,0
53,32,0
53,58,0
53,30,0
53,37,0
53,59,0
54,40,0
54,66,0
54,77,0
54,38,0
54,41,0
54,43,0
54,78,0
55,79,0
55,80,0
55,47,0
55,81,0
55,38,0
55,25,0
55,3,0
56,2,0
56,13,0
56,10,0
56,18,0
56,21,0
56,2,0
56,15,0
57,4,0
57,1,0
57,17,0
57,10,0
57,6,0
57,10,0
57,1,0
57,7,0
58,4,0
58,49,0
58,8,0
58,11,0
58,21,0
58,2,0
58,6,0
59,3,0
59,9,0
59,1,0
59,4,0
59,3,0
59,17,0
59,8,0
60,72,0
60,25,0
60,27,0
60,25,0
60,38,0
60,6,0
60,46,0
60,5,0
60,21,0
61,6,0
61,2,0
61,9,0
61,1,0
61,8,0
61,19,0
61,6,0
62,2,0
62,4,0
62,1,0
62,8,0
62,48,0
62,82,0
62,83,0
63,80,0
63,84,0
63,11,0
63,14,0
63,1,0
63,6,0
63,22,0
63,3,0
63,4,0
64,13,0
64,8,0
64,5,0
64,1,0
64,6,0
64,2,0
64,9,0
65,3,0
65,8,0
65,19,0
65,2,0
65,6,0
65,1,0
65,9,0
65,49,0
65,4,0
66,5,0
66,6,0
66,1,0
66,4,0
66,9,0
66,3,0
66,25,0
66,28,0
67,30,0
67,29,0
67,38,0
67,21,0
67,4,0
67,10,0
67,6,0
68,1,0
68,3,0
68,49,0
68,6,0
68,21,0
68,2,0
68,1,0
69,4,0
69,9,0
69,11,0
69,12,0
69,5,0
69,6,0
69,9,0
69,22,0
69,10,0
70,1,0
70,7,0
70,18,0
70,13,0
70,14,0
70,1,0
70,6,0
70,10,0
71,9,0
71,4,0
71,3,0
71,13,0
71,28,0
71,30,0
71,32,0
71,38,0
72,50,0
72,1,0
72,6,0
72,22,0
72,10,0
72,13,0
72,18,0
72,15,0
72,6,0
72,21,0
72,22,0
73,4,0
73,1,0
73,6,0
73,19,0
73,2,0
73,4,0
73,1,0
73,9,0
74,49,0
74,12,0
74,6,0
74,9,0
74,1,0
74,2,0
74,4,0
74,10,0
74,3,0
75,5,0
75,10,0
75,3,0
75,9,0
75,18,0
75,21,0
75,6,0
75,2,0
75,1,0
76,12,0
76,13,0
76,8,0
76,8,0
76,57,0
76,42,0
76,85,0
76,86,0
77,87,0
77,25,0
77,24,0
77,28,0
77,78,0
77,30,0
77,88,0
77,24,0
78,25,0
78,38,0
78,6,0
78,1,0
78,9,0
78,10,0
78,13,0
78,18,0
78,6,0
78,4,0
79,15,0
79,2,0
79,9,0
79,21,0
79,3,0
79,1,0
79,17,0
79,16,0
79,25,0
79,10,0
79,1,0
79,4,0
79,9,0
79,1,0
79,6,0
79,2,0
79,9,0
79,18,0
79,11,0
79,13,0
79,1,0
79,70,0
79,6,0
79,10,0
79,3,0
79,9,0
79,18,0
79,8,0
79,32,0
79,25,0
79,6,0
79,19,0
79,5,0
79,1,0
79,10,0
79,4,0
79,49,0
79,14,0
79,1,0
79,2,0
79,6,0
79,9,0
79,4,0
79,3,0
79,6,0
79,19,0
79,15,0
79,1,0
79,4,0
79,3,0
79,16,0
79,17,0
80,6,0
80,21,0
80,1,0
80,4,0
80,3,0
80,12,0
80,8,0
80,21,0
80,6,0
81,10,0
81,3,0
81,17,0
81,16,0
81,3,0
81,16,0
81,6,0
82,4,0
82,5,0
82,15,0
82,10,0
82,1,0
82,3,0
82,24,0
82,25,0
83,76,0
83,89,0
83,25,0
83,38,0
83,1,0
83,5,0
83,6,0
84,2,0
84,4,0
84,49,0
84,11,0
84,13,0
84,1,0
84,9,0
84,6,0
84,3,0
85,13,0
85,4,0
85,18,0
85,8,0
85,19,0
85,5,0
85,6,0
86,1,0
86,10,0
86,9,0
86,8,0
86,19,0
86,2,0
86,5,0
87,6,0
87,1,0
87,4,0
87,6,0
87,10,0
87,1,0
87,9,0
87,4,0
87,8,0
87,6,0
88,5,0
88,10,0
88,1,0
88,12,0
88,4,0
88,49,0
88,10,0
88,3,0
88,8,0
88,17,0
88,70,0
88,6,0
88,9,0
88,1,0
88,4,0
88,10,0
88,3,0
88,1,0
88,20,0
88,70,0
88,6,0
88,2,0
88,21,0
88,3,0
88,9,0
88,13,0
88,90,0
88,35,0
88,28,0
88,64,0
88,24,0
88,91,0
88,30,0
88,78,0
88,92,0
88,46,0
88,25,0
88,76,0
88,26,0
88,24,0
88,25,0
88,25,0
88,29,0
88,25,0
88,25,0
88,93,0
88,5,0
88,29,0
88,32,0
88,94,0
88,30,0
88,27,0
88,95,0
89,96,0
89,34,0
89,30,0
89,58,0
89,52,0
89,30,0
89,32,0
90,4,0
90,59,0
90,30,0
90,6,0
90,38,0
90,60,0
90,40,0
90,97,0
91,79,0
91,43,0
91,98,0
91,99,0
91,100,0
91,67,0
91,101,0
92,45,0
92,81,0
92,68,0
92,89,0
92,30,0
92,38,0
92,30,0
92,1,0
92,6,0
92,10,0
92,15,0
92,9,0
92,4,0
92,3,0
92,11,0
92,2,0
92,2,0
92,6,0
92,1,0
92,2,0
92,9,0
92,14,0
92,1,0
92,6,0
92,4,0
92,18,0
92,13,0
92,17,0
92,8,0
92,21,0
92,6,0
92,5,0
92,2,0
92,1,0
92,49,0
92,8,0
92,21,0
92,5,0
92,6,0
92,1,0
92,22,0
92,9,0
92,13,0
92,10,0
92,1,0
92,4,0
92,3,0
92,6,0
92,1,0
92,10,0
92,3,0
92,49,0
92,12,0
92,13,0
92,8,0
92,4,0
93,5,0
93,10,0
93,7,0
93,18,0
93,17,0
93,16,0
93,6,0
93,10,0
94,4,0
94,1,0
94,11,0
94,1,0
94,70,0
94,2,0
94,9,0
94,3,0
95,13,0
95,6,0
95,9,0
95,12,0
95,4,0
95,32,0
95,34,0
95,38,0
96,6,0
96,9,0
96,15,0
96,22,0
96,10,0
96,1,0
96,8,0
97,6,0
97,5,0
97,2,0
97,1,0
97,9,0
97,8,0
97,1,0
98,6,0
98,2,0
98,4,0
98,13,0
98,12,0
98,17,0
98,16,0
98,8,0
99,71,0
99,1,0
99,5,0
99,6,0
99,2,0
99,4,0
99,9,0
100,5,0
100,6,0
100,2,0
100,9,0
100,4,0
100,6,0
100,21,0
101,2,0
101,15,0
101,1,0
101,9,0
101,18,0
101,8,0
101,102,0
102,26,0
102,51,0
102,81,0
102,25,0
102,46,0
102,53,0
102,28,0
102,76,0
102,30,0
102,24,0
102,32,0
102,74,0
102,29,0
103,11,0
103,103,0
103,48,0
103,55,0
103,58,0
103,30,0
103,5,0
104,27,0
104,57,0
104,32,0
104,65,0
104,30,0
104,36,0
104,30,0
104,104,0
105,59,0
105,38,0
105,77,0
105,98,0
105,105,0
105,44,0
105,67,0
105,37,0
105,68,0
105,106,0
106,79,0
106,25,0
106,100,0
106,89,0
106,85,0
106,71,0
106,6,0
106,5,0
107,2,0
107,4,0
107,1,0
107,12,0
107,18,0
107,20,0
107,21,0
107,6,0
108,10,0
108,9,0
108,3,0
108,4,0
108,3,0
108,6,0
108,70,0
108,21,0
108,2,0
108,1,0
108,4,0
108,3,0
108,7,0
108,17,0
109,1,0
109,6,0
109,4,0
109,15,0
109,10,0
109,3,0
109,17,0
109,8,0
109,6,0
110,5,0
110,6,0
110,1,0
110,10,0
110,9,0
110,49,0
110,6,0
111,2,0
111,10,0
111,1,0
111,3,0
111,17,0
111,16,0
111,1,0
111,6,0
112,15,0
112,21,0
112,2,0
112,4,0
112,8,0
112,17,0
112,5,0
113,6,0
113,1,0
113,2,0
113,21,0
113,10,0
113,9,0
113,13,0
113,8,0
114,4,0
114,21,0
114,5,0
114,6,0
114,2,0
114,1,0
114,13,0
115,11,0
115,12,0
115,18,0
115,14,0
115,70,0
115,6,0
115,2,0
116,9,0
116,1,0
116,4,0
116,8,0
116,17,0
116,8,0
116,1,0
116,2,0
117,6,0
117,12,0
117,13,0
117,8,0
117,17,0
117,8,0
117,21,0
118,6,0
118,2,0
118,1,0
118,10,0
118,4,0
118,64,0
118,97,0
118,19,0
119,6,0
119,4,0
119,1,0
119,22,0
119,11,0
119,18,0
119,16,0
119,17,0
119,1,0
119,21,0
119,10,0
119,8,0
119,17,0
119,21,0
119,6,0
119,15,0
119,9,0
119,10,0
119,4,0
119,1,0
119,71,0
119,6,0
119,5,0
119,21,0
119,1,0
119,9,0
119,10,0
119,4,0
119,3,0
119,8,0
119,1,0
119,4,0
119,5,0
119,6,0
119,21,0
119,13,0
119,6,0
119,5,0
119,1,0
119,22,0
119,49,0
119,4,0
119,12,0
119,3,0
119,14,0
119,6,0
119,19,0
119,4,0
119,10,0
119,1,0
119,3,0
119,18,0
119,21,0
119,6,0
120,5,0
120,2,0
120,1,0
120,9,0
120,8,0
120,14,0
120,18,0
120,21,0
120,2,0
120,6,0
120,3,0
120,1,0
120,4,0
120,13,0
120,1,0
120,2,0
120,6,0
120,4,0
120,7,0
120,12,0
120,18,0
120,8,0
120,14,0
120,1,0
120,5,0
120,6,0
120,10,0
120,4,0
120,18,0
120,12,0
120,13,0
120,2,0
120,15,0
120,6,0
120,10,0
121,9,0
121,3,0
121,1,0
121,19,0
121,2,0
121,6,0
121,21,0
122,1,0
122,4,0
122,17,0
122,8,0
122,6,0
122,9,0
122,3,0
122,1,0
123,12,0
123,4,0
123,11,0
123,3,0
123,3,0
123,24,0
123,25,0
124,30,0
124,32,0
124,33,0
124,34,0
124,37,0
124,38,0
124,89,0
124,19,0
125,10,0
125,5,0
125,6,0
125,4,0
125,9,0
125,1,0
125,6,0
126,9,0
126,11,0
126,5,0
126,21,0
126,6,0
126,1,0
126,4,0
127,8,0
127,16,0
127,17,0
127,102,0
127,87,0
127,51,0
127,73,0
127,26,0
128,28,0
128,24,0
128,92,0
128,25,0
128,29,0
128,46,0
128,32,0
128,24,0
128,24,0
128,58,0
128,48,0
128,74,0
128,27,0
128,95,0
128,91,0
128,1,0
128,32,0
128,30,0
128,107,0
128,30,0
128,35,0
128,38,0
128,77,0
128,44,0
128,43,0
128,108,0
128,68,0
128,25,0
128,89,0
128,41,0
128,25,0
128,25,0
128,98,0
128,15,0
128,9,0
128,10,0
128,4,0
128,1,0
128,49,0
128,11,0
128,1,0
128,15,0
128,6,0
128,2,0
128,4,0
128,11,0
128,18,0
128,6,0
129,9,0
129,1,0
129,3,0
129,17,0
129,8,0
129,1,0
129,6,0
130,2,0
130,3,0
130,9,0
130,4,0
130,70,0
130,3,0
130,20,0
130,22,0
131,9,0
131,1,0
131,4,0
131,8,0
131,17,0
131,6,0
131,21,0
131,4,0
132,10,0
132,1,0
132,9,0
132,4,0
132,21,0
132,10,0
132,1,0
133,49,0
133,6,0
133,4,0
133,21,0
133,2,0
133,1,0
133,10,0
133,3,0
134,1,0
134,6,0
134,15,0
134,10,0
134,4,0
134,21,0
134,9,0
134,2,0
135,23,0
135,87,0
135,24,0
135,51,0
135,28,0
135,109,0
135,25,0
135,78,0
136,35,0
136,81,0
136,29,0
136,30,0
136,46,0
136,25,0
136,32,0
137,48,0
137,29,0
137,32,0
137,11,0
137,110,0
137,30,0
137,59,0
137,58,0
138,30,0
138,30,0
138,32,0
138,38,0
138,105,0
138,97,0
138,3,0
138,5,0
138,1,0
138,6,0
138,2,0
138,9,0
138,18,0
138,12,0
138,17,0
138,86,0
138,6,0
138,51,0
138,28,0
138,25,0
138,24,0
138,26,0
138,46,0
138,30,0
138,74,0
138,111,0
138,112,0
138,81,0
138,11,0
138,103,0
138,29,0
138,113,0
138,32,0
138,30,0
138,25,0
138,92,0
138,114,0
138,27,0
138,4,0
138,34,0
138,32,0
138,58,0
138,32,0
138,59,0
138,66,0
138,77,0
138,105,0
138,61,0
138,38,0
138,115,0
138,98,0
138,42,0
138,43,0
138,79,0
139,67,0
139,41,0
139,116,0
139,117,0
139,47,0
139,76,0
139,30,0
139,84,0
140,102,0
140,1,0
140,20,0
140,2,0
140,9,0
140,10,0
140,4,0
140,12,0
141,15,0
141,6,0
141,1,0
141,7,0
141,13,0
141,1,0
141,5,0
141,2,0
142,6,0
142,4,0
142,13,0
142,18,0
142,12,0
142,5,0
142,1,0
143,15,0
143,4,0
143,13,0
143,8,0
143,4,0
143,3,0
143,18,0
144,11,0
144,12,0
144,4,0
144,6,0
144,5,0
144,2,0
144,9,0
145,1,0
145,1,0
145,20,0
145,6,0
145,4,0
145,2,0
145,3,0
146,9,0
146,49,0
146,3,0
146,13,0
146,17,0
146,1,0
146,6,0
147,5,0
147,21,0
147,9,0
147,22,0
147,4,0
147,3,0
147,8,0
147,24,0
148,28,0
148,30,0
148,29,0
148,38,0
148,1,0
148,6,0
148,70,0
148,15,0
149,10,0
149,4,0
149,3,0
149,11,0
149,13,0
149,18,0
149,12,0
150,118,0
150,51,0
150,24,0
150,26,0
150,25,0
150,28,0
150,119,0
150,30,0
150,27,0
150,74,0
150,76,0
150,32,0
150,29,0
150,25,0
150,28,0
150,58,0
150,30,0
150,52,0
150,30,0
150,40,0
150,30,0
150,120,0
150,121,0
150,38,0
150,97,0
150,43,0
150,6,0
150,102,0
150,101,0
150,9,0
150,89,0
150,85,0
150,25,0
150,80,0
150,46,0
150,84,0
150,38,0
150,30,0
150,19,0
150,9,0
150,2,0
150,4,0
150,11,0
150,1,0
150,18,0
150,8,0
150,13,0
150,18,0
150,21,0
150,1,0
150,5,0
150,6,0
150,10,0
150,4,0
150,9,0
150,3,0
150,17,0
150,6,0
150,6,0
150,10,0
150,1,0
150,12,0
150,4,0
150,3,0
150,1,0
150,14,0
151,15,0
151,10,0
151,18,0
151,2,0
151,17,0
151,1,0
151,6,0
152,70,0
152,10,0
152,3,0
152,9,0
152,13,0
152,12,0
152,21,0
153,9,0
153,10,0
153,1,0
153,6,0
153,10,0
153,4,0
153,18,0
154,11,0
154,16,0
154,17,0
154,21,0
154,20,0
154,14,0
154,6,0
154,4,0
154,1,0
154,10,0
155,9,0
155,3,0
155,102,0
155,72,0
155,2,0
155,28,0
155,51,0
155,25,0
155,24,0
155,78,0
156,8,0
156,30,0
156,81,0
156,35,0
156,25,0
156,29,0
156,32,0
157,28,0
157,74,0
157,93,0
157,34,0
157,122,0
157,30,0
157,30,0
158,110,0
158,98,0
158,30,0
158,104,0
158,30,0
158,32,0
158,66,0
159,62,0
159,77,0
159,38,0
159,60,0
159,6,0
159,46,0
159,118,0
159,47,0
160,25,0
160,89,0
160,80,0
160,100,0
160,25,0
160,38,0
160,30,0
161,14,0
161,5,0
161,6,0
161,19,0
161,10,0
161,1,0
161,9,0
161,8,0
161,1,0
162,6,0
162,2,0
162,9,0
162,3,0
162,12,0
162,13,0
162,118,0
163,24,0
163,87,0
163,26,0
163,35,0
163,81,0
163,25,0
163,119,0
164,27,0
164,28,0
164,111,0
164,33,0
164,115,0
164,25,0
164,46,0
164,75,0
165,29,0
165,11,0
165,24,0
165,29,0
165,96,0
165,41,0
165,30,0
165,32,0
166,32,0
166,32,0
166,52,0
166,22,0
166,32,0
166,38,0
166,60,0
167,43,0
167,6,0
167,101,0
167,117,0
167,123,0
167,79,0
167,74,0
167,25,0
167,76,0
168,124,0
168,89,0
168,30,0
168,30,0
168,19,0
168,6,0
168,5,0
169,10,0
169,15,0
169,4,0
169,1,0
169,18,0
169,1,0
169,6,0
169,5,0
169,2,0
170,9,0
170,18,0
170,8,0
170,21,0
170,6,0
170,70,0
170,2,0
171,1,0
171,4,0
171,3,0
171,8,0
171,17,0
171,16,0
171,10,0
171,11,0
171,13,0
171,5,0
172,6,0
172,9,0
172,4,0
172,1,0
172,6,0
172,10,0
172,3,0
173,18,0
173,13,0
173,17,0
173,20,0
173,6,0
173,5,0
173,1,0
173,13,0
173,17,0
173,8,0
173,19,0
173,6,0
173,1,0
173,10,0
173,9,0
173,4,0
173,3,0
173,11,0
173,1,0
173,4,0
173,21,0
173,6,0
173,10,0
173,3,0
173,17,0
173,1,0
173,5,0
173,6,0
173,4,0
173,1,0
173,6,0
173,5,0
173,9,0
173,12,0
173,13,0
173,15,0
173,5,0
173,9,0
173,6,0
173,2,0
173,4,0
173,1,0
173,4,0
173,1,0
173,2,0
173,6,0
173,3,0
173,13,0
173,8,0
173,6,0
174,70,0
174,19,0
174,4,0
174,10,0
174,1,0
174,18,0
174,12,0
174,3,0
175,18,0
175,21,0
175,6,0
175,1,0
175,10,0
175,4,0
175,9,0
176,5,0
176,5,0
176,14,0
176,6,0
176,15,0
176,10,0
176,1,0
176,3,0
176,17,0
177,8,0
177,1,0
177,5,0
177,10,0
177,9,0
177,4,0
177,18,0
177,14,0
177,19,0
178,15,0
178,6,0
178,2,0
178,4,0
178,1,0
178,7,0
178,13,0
178,12,0
179,1,0
179,5,0
179,6,0
179,4,0
179,10,0
179,9,0
179,12,0
180,18,0
180,2,0
180,24,0
180,52,0
180,25,0
180,29,0
180,5,0
180,1,0
180,4,0
180,15,0
180,2,0
180,6,0
180,3,0
180,17,0
180,125,0
180,23,0
180,91,0
180,24,0
180,28,0
180,30,0
180,25,0
180,76,0
180,46,0
180,123,0
180,8,0
180,29,0
180,32,0
180,30,0
180,25,0
180,103,0
180,111,0
180,32,0
180,126,0
180,51,0
180,58,0
180,32,0
180,82,0
180,77,0
180,38,0
180,60,0
180,100,0
180,68,0
180,74,0
180,124,0
180,47,0
180,25,0
180,30,0
180,21,0
180,5,0
180,6,0
180,9,0
180,22,0
180,1,0
180,18,0
180,3,0
181,6,0
181,4,0
181,5,0
181,10,0
181,9,0
181,3,0
181,1,0
181,21,0
182,5,0
182,6,0
182,2,0
182,1,0
182,4,0
182,9,0
182,63,0
182,102,0
183,24,0
183,26,0
183,23,0
183,51,0
183,28,0
183,25,0
183,30,0
184,8,0
184,127,0
184,76,0
184,29,0
184,32,0
184,24,0
184,33,0
185,48,0
185,74,0
185,81,0
185,27,0
185,59,0
185,58,0
185,32,0
185,38,0
185,50,0
186,40,0
186,32,0
186,43,0
186,60,0
186,6,0
186,128,0
186,7,0
186,46,0
187,41,0
187,129,0
187,89,0
187,130,0
187,84,0
187,124,0
187,21,0
188,6,0
188,2,0
188,1,0
188,4,0
188,9,0
188,3,0
188,18,0
188,11,0
189,10,0
189,6,0
189,9,0
189,3,0
189,4,0
189,1,0
189,13,0
190,5,0
190,1,0
190,4,0
190,6,0
190,15,0
190,2,0
190,1,0
190,71,0
190,6,0
190,10,0
191,4,0
191,13,0
191,21,0
191,6,0
191,2,0
191,9,0
191,1,0
191,4,0
192,6,0
192,1,0
192,24,0
192,25,0
192,28,0
192,30,0
192,29,0
192,32,0
192,38,0
193,70,0
193,4,0
193,3,0
193,6,0
193,1,0
193,4,0
193,10,0
193,9,0
194,12,0
194,13,0
194,14,0
194,3,0
194,5,0
194,1,0
194,10,0
194,4,0
194,9,0
194,1,0
195,5,0
195,21,0
195,9,0
195,8,0
195,70,0
195,4,0
195,1,0
195,6,0
196,5,0
196,9,0
196,22,0
196,21,0
196,5,0
196,6,0
196,2,0
196,1,0
196,4,0
197,9,0
197,73,0
197,6,0
197,109,0
197,26,0
197,24,0
197,30,0
197,51,0
197,25,0
198,28,0
198,3,0
198,46,0
198,29,0
198,32,0
198,24,0
198,24,0
198,24,0
199,24,0
199,94,0
199,27,0
199,30,0
199,111,0
199,37,0
199,1,0
199,38,0
200,40,0
200,102,0
200,41,0
200,43,0
200,79,0
200,131,0
200,132,0
200,100,0
201,42,0
201,125,0
201,80,0
201,76,0
201,81,0
201,68,0
201,89,0
202,30,0
202,21,0
202,5,0
202,6,0
202,10,0
202,1,0
202,8,0
202,17,0
202,4,0
202,3,0
202,1,0
202,50,0
202,21,0
202,6,0
202,70,0
202,2,0
202,1,0
202,10,0
202,4,0
202,8,0
202,17,0
202,102,0
202,15,0
202,11,0
202,28,0
202,91,0
202,24,0
202,109,0
202,81,0
202,25,0
202,119,0
202,32,0
202,46,0
202,29,0
202,30,0
202,112,0
202,74,0
202,24,0
202,103,0
202,111,0
202,58,0
202,30,0
202,51,0
202,52,0
202,30,0
202,32,0
202,133,0
202,40,0
202,134,0
202,121,0
202,43,0
202,38,0
202,100,0
203,85,0
203,69,0
203,25,0
203,25,0
203,30,0
203,30,0
203,84,0
204,6,0
204,19,0
204,4,0
204,2,0
204,9,0
204,18,0
204,1,0
204,21,0
204,4,0
205,6,0
205,15,0
205,10,0
205,1,0
205,9,0
205,11,0
205,1,0
205,6,0
206,4,0
206,15,0
206,11,0
206,4,0
206,10,0
206,4,0
206,8,0
207,3,0
207,14,0
207,6,0
207,5,0
207,2,0
207,10,0
207,9,0
207,1,0
208,6,0
208,10,0
208,4,0
208,1,0
208,3,0
208,4,0
208,3,0
208,6,0
209,1,0
209,5,0
209,2,0
209,4,0
209,9,0
209,13,0
209,18,0
210,6,0
210,2,0
210,4,0
210,14,0
210,1,0
210,6,0
210,2,0
210,9,0
211,4,0
211,18,0
211,13,0
211,5,0
211,6,0
211,2,0
211,9,0
211,4,0
212,1,0
212,49,0
212,6,0
212,2,0
212,1,0
212,4,0
212,12,0
213,3,0
213,4,0
213,15,0
213,9,0
213,1,0
213,6,0
213,15,0
214,106,0
214,22,0
214,9,0
214,18,0
214,13,0
214,4,0
214,15,0
215,10,0
215,6,0
215,3,0
215,17,0
215,16,0
215,8,0
215,50,0
215,5,0
215,21,0
216,4,0
216,6,0
216,1,0
216,22,0
216,9,0
216,63,0
216,25,0
217,91,0
217,24,0
217,81,0
217,28,0
217,46,0
217,30,0
217,32,0
217,74,0
218,48,0
218,93,0
218,27,0
218,30,0
218,30,0
218,30,0
218,32,0
219,110,0
219,30,0
219,40,0
219,38,0
219,135,0
219,60,0
219,43,0
220,136,0
220,6,0
220,137,0
220,100,0
220,68,0
220,85,0
220,25,0
221,138,0
221,38,0
221,1,0
221,6,0
221,15,0
221,10,0
221,9,0
222,21,0
222,4,0
222,90,0
222,6,0
222,64,0
222,25,0
222,24,0
222,46,0
222,23,0
223,63,0
223,51,0
223,52,0
223,28,0
223,30,0
223,3,0
223,74,0
223,32,0
223,113,0
224,48,0
224,29,0
224,75,0
224,28,0
224,28,0
224,24,0
224,24,0
225,28,0
225,58,0
225,29,0
225,93,0
225,56,0
225,59,0
225,110,0
225,30,0
226,30,0
226,107,0
226,82,0
226,14,0
226,38,0
226,40,0
226,43,0
227,67,0
227,42,0
227,137,0
227,89,0
227,79,0
227,71,0
227,101,0
227,80,0
227,41,0
228,30,0
228,21,0
228,6,0
228,1,0
228,4,0
228,10,0
228,9,0
229,11,0
229,1,0
229,6,0
229,5,0
229,2,0
229,21,0
229,9,0
229,8,0
230,3,0
230,25,0
230,24,0
230,8,0
230,26,0
230,24,0
230,29,0
231,111,0
231,67,0
231,69,0
231,25,0
231,1,0
231,70,0
231,4,0
231,2,0
231,10,0
231,18,0
231,21,0
231,5,0
231,4,0
231,10,0
231,6,0
231,1,0
231,16,0
231,8,0
231,17,0
231,102,0
231,87,0
231,51,0
231,23,0
231,46,0
231,28,0
231,24,0
231,138,0
231,30,0
231,26,0
231,78,0
231,3,0
231,24,0
231,111,0
231,74,0
231,29,0
231,32,0
231,75,0
231,81,0
231,25,0
231,30,0
231,93,0
231,25,0
231,76,0
231,27,0
231,30,0
231,40,0
231,58,0
231,37,0
231,52,0
232,139,0
232,30,0
232,32,0
232,38,0
232,6,0
232,60,0
232,97,0
233,79,0
233,41,0
233,108,0
233,101,0
233,137,0
233,42,0
233,80,0
234,100,0
234,68,0
234,89,0
234,8,0
234,8,0
234,30,0
234,17,0
235,6,0
235,19,0
235,5,0
235,4,0
235,10,0
235,1,0
235,11,0
235,50,0
235,6,0
235,2,0
235,10,0
235,1,0
235,3,0
235,11,0
235,12,0
235,4,0
235,5,0
235,1,0
235,6,0
235,10,0
235,3,0
235,4,0
235,11,0
235,87,0
235,73,0
235,35,0
235,24,0
235,51,0
235,25,0
235,30,0
235,53,0
235,8,0
235,28,0
235,78,0
235,29,0
235,76,0
235,111,0
235,55,0
235,25,0
235,24,0
235,33,0
235,58,0
235,32,0
235,32,0
235,65,0
235,38,0
235,6,0
235,3,0
235,1,0
235,8,0
236,1,0
236,6,0
236,70,0
236,2,0
236,9,0
236,3,0
236,4,0
237,6,0
237,10,0
237,4,0
237,1,0
237,50,0
237,21,0
237,4,0
237,6,0
237,1,0
238,2,0
238,10,0
238,9,0
238,50,0
238,20,0
238,6,0
238,10,0
239,9,0
239,1,0
239,4,0
239,13,0
239,21,0
239,15,0
239,9,0
240,6,0
240,10,0
240,1,0
240,13,0
240,12,0
240,21,0
240,6,0
240,10,0
241,4,0
241,9,0
241,1,0
241,18,0
241,140,0
241,35,0
241,28,0
241,24,0
241,81,0
242,87,0
242,23,0
242,25,0
242,30,0
242,119,0
242,24,0
242,115,0
243,112,0
243,25,0
243,32,0
243,31,0
243,75,0
243,48,0
243,33,0
243,29,0
244,25,0
244,24,0
244,51,0
244,113,0
244,30,0
244,29,0
244,37,0
244,59,0
244,38,0
245,46,0
245,50,0
245,1,0
245,6,0
245,9,0
245,2,0
245,12,0
245,6,0
246,15,0
246,10,0
246,9,0
246,1,0
246,13,0
246,71,0
246,4,0
246,6,0
246,15,0
247,10,0
247,9,0
247,1,0
247,3,0
247,6,0
247,4,0
247,2,0
248,1,0
248,9,0
248,11,0
248,12,0
248,141,0
248,86,0
248,35,0
249,51,0
249,28,0
249,24,0
249,25,0
249,30,0
249,32,0
249,88,0
249,27,0
250,8,0
250,29,0
250,111,0
250,25,0
250,58,0
250,25,0
250,24,0
250,74,0
250,24,0
251,113,0
251,32,0
251,56,0
251,110,0
251,32,0
251,30,0
251,32,0
252,38,0
252,50,0
252,32,0
252,98,0
252,142,0
252,41,0
252,60,0
253,44,0
253,143,0
253,70,0
253,132,0
253,67,0
253,47,0
253,46,0
254,69,0
254,80,0
254,89,0
254,68,0
254,30,0
254,85,0
254,130,0
254,24,0
254,24,0
254,48,0
254,103,0
254,58,0
254,144,0
254,69,0
254,10,0
254,3,0
254,13,0
254,87,0
254,25,0
254,26,0
254,30,0
254,52,0
254,88,0
254,29,0
254,107,0
254,32,0
254,38,0
254,42,0
254,25,0
254,25,0
254,46,0
254,30,0
254,41,0
254,32,0
254,38,0
254,38,0
254,50,0
254,1,0
255,6,0
255,9,0
255,10,0
255,13,0
255,9,0
255,17,0
255,5,0
255,6,0
256,1,0
256,9,0
256,4,0
256,10,0
256,49,0
256,3,0
256,9,0
256,4,0
256,1,0
256,70,0
256,6,0
256,5,0
256,21,0
256,2,0
256,1,0
256,4,0
256,9,0
256,102,0
256,78,0
256,51,0
256,6,0
256,25,0
256,24,0
256,27,0
256,28,0
256,3,0
256,46,0
256,24,0
256,24,0
256,111,0
256,30,0
256,31,0
256,29,0
256,32,0
256,103,0
256,25,0
256,30,0
256,93,0
256,88,0
256,58,0
256,59,0
256,32,0
256,32,0
256,1,0
256,35,0
256,83,0
256,38,0
256,131,0
256,99,0
256,67,0
256,6,0
256,68,0
256,125,0
256,129,0
256,84,0
256,98,0
256,124,0
257,74,0
257,76,0
257,30,0
257,85,0
257,102,0
257,28,0
257,25,0
257,30,0
258,46,0
258,29,0
258,64,0
258,26,0
258,28,0
258,81,0
258,111,0
258,29,0
259,30,0
259,6,0
259,28,0
259,74,0
259,111,0
259,81,0
259,6,0
259,51,0
259,30,0
259,28,0
260,35,0
260,103,0
260,24,0
260,5,0
260,46,0
260,28,0
260,29,0
261,32,0
261,25,0
261,24,0
261,103,0
261,11,0
261,145,0
261,28,0
261,91,0
262,76,0
262,113,0
262,64,0
262,46,0
262,111,0
262,30,0
262,6,0
262,28,0
262,119,0
263,46,0
263,88,0
263,24,0
263,32,0
263,87,0
263,51,0
263,6,0
264,25,0
264,78,0
264,28,0
264,32,0
264,2,0
264,25,0
264,24,0
265,32,0
265,26,0
265,87,0
265,25,0
265,52,0
265,88,0
265,29,0
265,24,0
266,103,0
266,46,0
266,24,0
266,44,0
266,23,0
266,25,0
266,46,0
266,24,0
267,31,0
267,30,0
267,90,0
267,81,0
267,109,0
267,32,0
267,25,0
267,51,0
268,30,0
268,58,0
268,1,0
268,4,0
268,10,0
268,15,0
268,6,0
269,3,0
269,118,0
269,87,0
269,2,0
269,23,0
269,24,0
269,52,0
269,54,0
269,25,0
270,27,0
270,28,0
270,8,0
270,32,0
270,25,0
270,48,0
270,33,0
270,74,0
270,29,0
270,28,0
270,30,0
270,96,0
270,37,0
270,30,0
270,30,0
270,58,0
270,30,0
270,59,0
270,32,0
270,77,0
270,38,0
270,60,0
270,44,0
270,67,0
270,146,0
270,47,0
270,75,0
270,78,0
270,147,0
270,88,0
270,25,0
270,80,0
270,100,0
270,89,0
270,30,0
270,25,0
270,38,0
270,51,0
270,25,0
270,53,0
270,28,0
270,8,0
270,33,0
270,32,0
270,24,0
270,26,0
270,29,0
270,30,0
270,24,0
270,24,0
271,81,0
271,26,0
271,28,0
271,27,0
271,30,0
271,48,0
271,32,0
272,35,0
272,6,0
272,38,0
272,60,0
272,105,0
272,32,0
272,43,0
272,67,0
273,47,0
273,6,0
273,74,0
273,25,0
273,100,0
273,46,0
273,25,0
273,78,0
274,130,0
274,69,0
274,84,0
274,30,0
274,7,0
274,26,0
274,24,0
275,28,0
275,31,0
275,29,0
275,24,0
275,26,0
275,29,0
275,55,0
276,5,0
276,30,0
276,28,0
276,114,0
276,23,0
276,26,0
276,119,0
276,24,0
276,81,0
277,88,0
277,1,0
277,118,0
277,28,0
277,24,0
277,74,0
277,55,0
277,48,0
277,25,0
278,6,0
278,26,0
278,28,0
278,25,0
278,24,0
278,29,0
278,25,0
279,111,0
279,29,0
279,58,0
279,30,0
279,54,0
279,88,0
279,28,0
279,33,0
280,31,0
280,26,0
280,81,0
280,109,0
280,28,0
280,35,0
280,24,0
280,24,0
281,73,0
281,58,0
281,87,0
281,26,0
281,35,0
281,75,0
281,21,0
282,19,0
282,15,0
282,9,0
282,3,0
282,1,0
282,18,0
282,12,0
282,28,0
283,87,0
283,51,0
283,64,0
283,6,0
283,25,0
283,24,0
283,78,0
283,24,0
284,8,0
284,30,0
284,46,0
284,29,0
284,74,0
284,32,0
284,5,0
285,25,0
285,48,0
285,29,0
285,24,0
285,113,0
285,4,0
285,56,0
285,59,0
286,58,0
286,30,0
286,40,0
286,66,0
286,38,0
286,43,0
286,41,0
286,143,0
286,129,0
286,47,0
287,68,0
287,76,0
287,84,0
287,24,0
287,52,0
287,81,0
287,28,0
287,32,0
288,92,0
288,1,0
288,50,0
288,25,0
288,51,0
288,28,0
288,29,0
288,30,0
289,28,0
289,33,0
289,74,0
289,87,0
289,25,0
289,24,0
289,140,0
289,23,0
289,25,0
289,29,0
289,88,0
289,24,0
289,92,0
289,78,0
289,28,0
289,111,0
289,32,0
289,48,0
289,140,0
289,30,0
289,81,0
289,29,0
289,6,0
289,24,0
289,32,0
289,25,0
289,74,0
289,11,0
289,58,0
289,102,0
289,51,0
289,24,0
289,32,0
289,29,0
289,1,0
289,25,0
289,26,0
289,28,0
289,11,0
289,29,0
289,125,0
289,64,0
289,1,0
289,51,0
289,28,0
289,3,0
289,24,0
289,30,0
289,140,0
289,87,0
289,26,0
289,74,0
289,81,0
289,29,0
289,1,0
289,26,0
289,28,0
289,24,0
289,25,0
290,74,0
290,6,0
290,28,0
290,74,0
290,76,0
290,112,0
290,81,0
290,102,0
290,25,0
291,53,0
291,78,0
291,32,0
291,28,0
291,28,0
291,25,0
291,24,0
291,81,0
291,30,0
291,32,0
291,74,0
291,29,0
291,93,0
291,51,0
291,58,0
291,6,0
291,24,0
291,30,0
291,32,0
291,38,0
291,87,0
291,35,0
291,6,0
291,25,0
291,26,0
291,24,0
291,30,0
291,25,0
291,28,0
291,72,0
291,23,0
291,51,0
291,35,0
291,25,0
291,78,0
291,30,0
291,28,0
291,24,0
291,32,0
291,25,0
291,75,0
291,26,0
291,78,0
291,28,0
291,30,0
291,29,0
291,113,0
291,24,0
291,75,0
291,63,0
291,24,0
291,26,0
291,103,0
291,29,0
291,25,0
291,31,0
292,72,0
292,91,0
292,35,0
292,74,0
292,24,0
292,78,0
292,26,0
293,28,0
293,74,0
293,31,0
293,5,0
293,11,0
293,26,0
293,119,0
293,32,0
294,25,0
294,102,0
294,23,0
294,24,0
294,81,0
294,25,0
294,93,0
295,32,0
295,30,0
295,24,0
295,28,0
295,29,0
295,32,0
295,58,0
296,23,0
296,8,0
296,30,0
296,29,0
296,25,0
296,27,0
296,64,0
296,28,0
296,8,0
296,29,0
296,51,0
297,24,0
297,32,0
297,24,0
297,5,0
297,46,0
297,28,0
297,29,0
298,75,0
298,81,0
298,28,0
298,30,0
298,75,0
298,25,0
298,8,0
298,127,0
298,28,0
299,46,0
299,29,0
299,32,0
299,28,0
299,25,0
299,6,0
299,24,0
300,46,0
300,25,0
300,28,0
300,30,0
300,29,0
300,14,0
300,1,0
301,6,0
301,19,0
301,4,0
301,9,0
301,10,0
301,13,0
301,17,0
301,8,0
301,87,0
302,102,0
302,6,0
302,23,0
302,24,0
302,51,0
302,28,0
302,25,0
302,109,0
303,119,0
303,54,0
303,26,0
303,27,0
303,46,0
303,115,0
303,29,0
304,111,0
304,74,0
304,33,0
304,30,0
304,48,0
304,25,0
304,81,0
305,25,0
305,103,0
305,75,0
305,58,0
305,25,0
305,30,0
305,30,0
305,30,0
306,30,0
306,83,0
306,65,0
306,59,0
306,38,0
306,60,0
306,99,0
307,6,0
307,7,0
307,80,0
307,79,0
307,76,0
307,25,0
307,69,0
308,89,0
308,25,0
308,30,0
308,84,0
308,141,0
308,91,0
308,28,0
308,46,0
309,29,0
309,30,0
309,6,0
309,24,0
309,28,0
309,35,0
309,25,0
309,30,0
310,6,0
310,26,0
310,136,0
310,28,0
310,119,0
310,88,0
310,29,0
310,58,0
310,28,0
311,24,0
311,8,0
311,90,0
311,26,0
311,28,0
311,35,0
311,30,0
311,25,0
312,46,0
312,32,0
312,29,0
312,76,0
312,103,0
312,75,0
312,64,0
313,28,0
313,30,0
313,24,0
313,125,0
313,64,0
313,51,0
313,28,0
314,30,0
314,25,0
314,29,0
314,6,0
314,24,0
314,28,0
314,32,0
315,25,0
315,29,0
315,76,0
315,102,0
315,87,0
315,26,0
315,25,0
316,8,0
316,29,0
316,24,0
316,52,0
316,46,0
316,30,0
316,8,0
317,46,0
317,109,0
317,28,0
317,81,0
317,24,0
317,25,0
317,33,0
317,24,0
317,53,0
318,25,0
318,74,0
318,30,0
318,1,0
318,26,0
318,25,0
318,24,0
318,32,0
319,28,0
319,92,0
319,6,0
319,21,0
319,2,0
319,9,0
319,1,0
320,13,0
320,49,0
320,3,0
320,4,0
320,8,0
320,28,0
320,86,0
320,24,0
320,87,0
320,81,0
321,25,0
321,35,0
321,46,0
321,91,0
321,26,0
321,78,0
321,29,0
321,74,0
322,30,0
322,5,0
322,32,0
322,25,0
322,24,0
322,51,0
322,25,0
322,111,0
323,58,0
323,59,0
323,30,0
323,32,0
323,148,0
323,38,0
323,79,0
323,37,0
324,40,0
324,135,0
324,47,0
324,67,0
324,20,0
324,41,0
324,149,0
324,100,0
324,89,0
325,76,0
325,87,0
325,46,0
325,24,0
325,78,0
325,30,0
325,25,0
325,33,0
325,26,0
325,109,0
325,30,0
325,24,0
325,32,0
325,25,0
325,75,0
325,1,0
325,20,0
325,5,0
325,6,0
325,10,0
325,15,0
326,2,0
326,3,0
326,13,0
326,90,0
326,24,0
326,87,0
326,106,0
327,51,0
327,119,0
327,28,0
327,25,0
327,30,0
327,74,0
327,76,0
327,24,0
327,29,0
327,25,0
327,32,0
327,25,0
327,75,0
327,81,0
327,29,0
327,92,0
327,95,0
327,32,0
327,32,0
327,58,0
327,66,0
327,4,0
327,38,0
327,77,0
327,43,0
327,32,0
327,39,0
327,143,0
327,6,0
327,42,0
327,47,0
327,101,0
327,46,0
327,80,0
327,100,0
327,85,0
327,84,0
327,118,0
327,24,0
327,51,0
327,30,0
327,8,0
328,29,0
328,28,0
328,145,0
328,6,0
328,28,0
328,30,0
328,12,0
329,29,0
329,74,0
329,150,0
329,102,0
329,51,0
329,109,0
329,78,0
329,30,0
329,32,0
330,1,0
330,150,0
330,102,0
330,28,0
330,27,0
330,113,0
330,30,0
330,6,0
330,24,0
331,35,0
331,26,0
331,28,0
331,25,0
331,76,0
331,1,0
331,26,0
332,28,0
332,24,0
332,76,0
332,30,0
332,74,0
332,32,0
332,30,0
332,30,0
333,27,0
333,126,0
333,57,0
333,41,0
333,37,0
333,59,0
333,30,0
333,32,0
333,30,0
333,144,0
333,83,0
333,6,0
333,77,0
333,120,0
333,38,0
333,6,0
333,61,0
333,151,0
333,32,0
333,67,0
333,43,0
333,46,0
333,89,0
333,129,0
333,25,0
333,100,0
333,85,0
333,101,0
333,80,0
333,3,0
333,6,0
333,30,0
333,28,0
333,46,0
333,76,0
333,74,0
333,29,0
333,58,0
333,48,0
333,25,0
333,5,0
333,33,0
333,81,0
333,23,0
333,32,0
333,28,0
333,30,0
334,25,0
334,28,0
334,109,0
334,24,0
334,3,0
334,111,0
334,29,0
334,46,0
334,30,0
335,93,0
335,51,0
335,64,0
335,91,0
335,28,0
335,25,0
335,5,0
335,74,0
336,26,0
336,28,0
336,3,0
336,24,0
336,24,0
336,92,0
336,30,0
337,28,0
337,33,0
337,25,0
337,87,0
337,1,0
337,35,0
337,25,0
337,27,0
338,92,0
338,29,0
338,35,0
338,28,0
338,25,0
338,91,0
338,24,0
339,32,0
339,30,0
339,118,0
339,51,0
339,24,0
339,111,0
339,30,0
339,24,0
339,1,0
340,19,0
340,5,0
340,6,0
340,15,0
340,10,0
340,21,0
340,4,0
340,106,0
340,2,0
341,22,0
341,3,0
341,3,0
341,9,0
341,7,0
341,12,0
341,11,0
341,13,0
342,16,0
342,90,0
342,78,0
342,6,0
342,23,0
342,63,0
342,25,0
342,51,0
342,24,0
343,30,0
343,28,0
343,27,0
343,29,0
343,112,0
343,115,0
343,111,0
344,24,0
344,24,0
344,32,0
344,75,0
344,24,0
344,24,0
344,91,0
344,58,0
345,127,0
345,32,0
345,59,0
345,152,0
345,35,0
345,38,0
345,43,0
346,41,0
346,79,0
346,146,0
346,71,0
346,46,0
346,89,0
346,80,0
347,25,0
347,85,0
347,30,0
347,25,0
347,30,0
347,1,0
347,30,0
348,33,0
348,24,0
348,94,0
348,25,0
348,1,0
348,28,0
348,63,0
349,26,0
349,81,0
349,29,0
349,6,0
349,26,0
349,119,0
349,28,0
349,31,0
350,30,0
350,24,0
350,30,0
350,30,0
350,24,0
350,90,0
350,1,0
350,2,0
350,87,0
350,24,0
350,46,0
350,28,0
350,25,0
350,75,0
350,32,0
350,44,0
350,1,0
350,28,0
350,26,0
350,115,0
350,74,0
350,93,0
350,6,0
350,102,0
350,24,0
350,74,0
350,28,0
350,30,0
350,8,0
350,123,0
350,112,0
350,24,0
350,32,0
350,30,0
350,28,0
350,113,0
350,58,0
350,55,0
350,8,0
350,24,0
350,23,0
350,29,0
350,30,0
350,91,0
350,83,0
350,38,0
350,44,0
350,79,0
350,41,0
350,24,0
350,30,0
350,29,0
351,6,0
351,24,0
351,28,0
351,35,0
351,25,0
351,32,0
351,6,0
352,28,0
352,24,0
352,78,0
352,29,0
352,48,0
352,74,0
352,25,0
352,75,0
353,8,0
353,24,0
353,87,0
353,6,0
353,26,0
353,25,0
353,74,0
353,75,0
354,29,0
354,87,0
354,1,0
354,30,0
354,26,0
354,8,0
354,75,0
354,25,0
354,75,0
354,6,0
354,87,0
354,26,0
354,30,0
354,24,0
354,6,0
354,88,0
354,26,0
354,127,0
354,24,0
354,103,0
354,24,0
354,73,0
354,30,0
354,28,0
354,140,0
354,24,0
354,23,0
354,26,0
354,28,0
354,30,0
354,103,0
354,8,0
354,25,0
354,24,0
354,25,0
354,28,0
354,24,0
354,81,0
354,74,0
354,33,0
354,2,0
354,51,0
354,24,0
354,32,0
354,28,0
354,53,0
354,28,0
354,24,0
354,32,0
354,33,0
354,1,0
354,26,0
354,119,0
354,28,0
354,127,0
355,30,0
355,24,0
355,23,0
355,24,0
355,28,0
355,46,0
355,30,0
355,48,0
356,32,0
356,29,0
356,28,0
356,27,0
356,1,0
356,26,0
356,81,0
357,35,0
357,3,0
357,30,0
357,113,0
357,25,0
357,30,0
357,28,0
358,123,0
358,46,0
358,29,0
358,32,0
358,24,0
358,1,0
358,73,0
358,51,0
359,25,0
359,127,0
359,8,0
359,24,0
359,25,0
359,30,0
359,6,0
359,29,0
360,52,0
360,24,0
360,8,0
360,112,0
360,32,0
360,46,0
360,28,0
360,3,0
361,32,0
361,24,0
361,6,0
361,26,0
361,28,0
361,74,0
361,29,0
362,1,0
362,90,0
362,32,0
362,63,0
362,24,0
362,28,0
362,32,0
362,23,0
362,24,0
362,29,0
363,94,0
363,63,0
363,28,0
363,6,0
363,25,0
363,111,0
363,30,0
363,24,0
364,111,0
364,113,0
364,24,0
364,119,0
364,88,0
364,32,0
364,17,0
365,24,0
365,26,0
365,28,0
365,76,0
365,29,0
365,31,0
365,87,0
366,78,0
366,23,0
366,106,0
366,29,0
366,81,0
366,28,0
366,24,0
367,51,0
367,29,0
367,140,0
367,51,0
367,24,0
367,30,0
367,8,0
367,28,0
367,25,0
368,24,0
368,29,0
368,32,0
368,51,0
368,28,0
368,24,0
368,32,0
368,74,0
369,24,0
369,102,0
369,23,0
369,73,0
369,25,0
369,88,0
369,46,0
369,29,0
370,24,0
370,5,0
370,103,0
370,32,0
370,24,0
370,30,0
370,24,0
371,6,0
371,29,0
371,25,0
371,28,0
371,25,0
371,29,0
371,64,0
372,30,0
372,24,0
372,119,0
372,52,0
372,46,0
372,58,0
372,25,0
372,30,0
372,63,0
373,1,0
373,24,0
373,55,0
373,74,0
373,30,0
373,58,0
373,32,0
373,75,0
374,24,0
374,30,0
374,90,0
374,28,0
374,25,0
374,52,0
374,74,0
374,33,0
374,29,0
375,28,0
375,5,0
375,25,0
375,127,0
375,24,0
375,31,0
375,92,0
376,35,0
376,30,0
376,32,0
376,24,0
376,91,0
376,25,0
376,26,0
376,30,0
376,25,0
376,30,0
376,28,0
376,46,0
376,74,0
376,81,0
376,103,0
376,28,0
376,29,0
376,93,0
376,11,0
376,86,0
376,6,0
376,28,0
376,30,0
376,75,0
376,25,0
376,44,0
376,24,0
376,25,0
376,52,0
376,24,0
376,28,0
376,30,0
376,5,0
376,32,0
376,23,0
376,30,0
376,24,0
376,24,0
376,28,0
376,29,0
376,24,0
376,25,0
376,87,0
376,6,0
376,30,0
376,51,0
376,54,0
376,29,0
376,48,0
376,46,0
376,25,0
376,6,0
376,28,0
377,25,0
377,30,0
377,33,0
377,24,0
377,1,0
377,24,0
377,29,0
377,32,0
377,30,0
377,103,0
377,74,0
377,24,0
377,28,0
377,119,0
377,29,0
377,30,0
377,87,0
377,46,0
377,24,0
377,35,0
377,29,0
377,24,0
377,6,0
377,30,0
377,25,0
377,58,0
377,28,0
377,103,0
377,6,0
377,24,0
377,28,0
377,111,0
377,35,0
377,92,0
377,58,0
377,1,0
377,102,0
377,28,0
377,30,0
377,8,0
377,24,0
377,25,0
377,25,0
377,17,0
377,50,0
377,25,0
377,26,0
377,32,0
377,48,0
377,4,0
377,24,0
377,109,0
377,26,0
377,28,0
377,30,0
377,25,0
378,32,0
378,46,0
378,24,0
378,48,0
378,5,0
378,28,0
378,30,0
378,29,0
379,24,0
379,23,0
379,119,0
379,35,0
379,24,0
379,32,0
379,46,0
380,4,0
380,145,0
380,78,0
380,46,0
380,8,0
380,28,0
380,88,0
380,29,0
380,24,0
380,25,0
380,28,0
380,24,0
380,25,0
380,28,0
380,25,0
380,26,0
380,111,0
380,24,0
380,30,0
380,35,0
380,46,0
380,28,0
380,81,0
380,150,0
380,24,0
380,26,0
380,30,0
380,32,0
380,113,0
380,58,0
380,90,0
380,28,0
380,24,0
380,1,0
380,30,0
380,33,0
380,103,0
380,87,0
380,30,0
380,119,0
380,115,0
380,28,0
380,91,0
380,23,0
380,51,0
380,109,0
380,30,0
380,32,0
380,24,0
380,113,0
380,1,0
380,114,0
380,46,0
380,27,0
380,58,0
381,25,0
381,24,0
381,24,0
381,32,0
381,25,0
381,24,0
381,75,0
381,53,0
382,30,0
382,28,0
382,25,0
382,24,0
382,90,0
382,81,0
382,25,0
382,28,0
382,111,0
382,24,0
382,32,0
382,141,0
382,51,0
382,24,0
382,32,0
382,25,0
382,103,0
382,102,0
382,28,0
382,119,0
382,8,0
382,35,0
382,29,0
382,111,0
382,86,0
382,51,0
382,109,0
382,28,0
382,88,0
382,58,0
382,1,0
382,87,0
382,119,0
382,54,0
382,112,0
382,29,0
382,24,0
382,1,0
382,26,0
382,28,0
382,27,0
382,24,0
382,74,0
382,81,0
382,35,0
382,50,0
382,119,0
382,88,0
382,30,0
382,74,0
382,23,0
382,102,0
382,6,0
382,46,0
382,24,0
382,28,0
382,8,0
382,25,0
382,91,0
383,46,0
383,109,0
383,28,0
383,8,0
383,25,0
383,48,0
383,6,0
383,136,0
384,92,0
384,25,0
384,28,0
384,29,0
384,30,0
384,32,0
384,24,0
384,94,0
384,6,0
384,109,0
384,26,0
384,54,0
384,24,0
384,55,0
384,48,0
384,58,0
384,51,0
384,78,0
384,25,0
384,30,0
384,32,0
385,24,0
385,93,0
385,74,0
385,48,0
385,28,0
385,24,0
385,1,0
385,50,0
386,28,0
386,92,0
386,119,0
386,111,0
386,6,0
386,24,0
386,30,0
387,24,0
387,6,0
387,30,0
387,46,0
387,32,0
387,25,0
387,29,0
388,102,0
388,23,0
388,24,0
388,81,0
388,28,0
388,115,0
388,29,0
388,74,0
388,87,0
388,6,0
389,102,0
389,109,0
389,35,0
389,28,0
389,74,0
389,25,0
389,28,0
390,136,0
390,81,0
390,25,0
390,3,0
390,58,0
390,113,0
390,28,0
390,5,0
390,109,0
390,74,0
390,25,0
390,24,0
390,92,0
390,6,0
390,92,0
390,28,0
390,103,0
390,48,0
390,87,0
390,23,0
390,27,0
390,28,0
390,24,0
390,30,0
390,5,0
390,102,0
390,51,0
390,25,0
390,8,0
390,29,0
390,55,0
390,48,0
390,87,0
390,91,0
390,8,0
390,24,0
391,91,0
391,78,0
391,87,0
391,1,0
391,138,0
391,27,0
391,88,0
392,112,0
392,25,0
392,103,0
392,90,0
392,24,0
392,26,0
392,24,0
392,63,0
393,28,0
393,30,0
393,48,0
393,102,0
393,28,0
393,23,0
393,26,0
393,109,0
393,35,0
394,90,0
394,6,0
394,24,0
394,50,0
394,26,0
394,28,0
394,25,0
395,28,0
395,35,0
395,109,0
395,30,0
395,46,0
395,29,0
395,25,0
395,24,0
396,6,0
396,28,0
396,92,0
396,76,0
396,25,0
396,74,0
396,78,0
396,46,0
396,29,0
396,25,0
397,102,0
397,25,0
397,26,0
397,30,0
397,28,0
397,24,0
397,48,0
397,51,0
397,24,0
398,5,0
398,111,0
398,28,0
398,26,0
398,30,0
398,32,0
398,102,0
398,24,0
398,5,0
399,28,0
399,30,0
399,113,0
399,4,0
399,1,0
399,2,0
399,26,0
399,24,0
400,30,0
400,33,0
400,6,0
400,25,0
400,28,0
400,26,0
400,74,0
400,103,0
400,81,0
400,23,0
400,30,0
400,26,0
400,24,0
400,32,0
400,25,0
400,30,0
400,31,0
400,2,0
400,1,0
400,138,0
400,25,0
400,28,0
400,30,0
400,81,0
400,32,0
400,29,0
400,58,0
400,1,0
400,26,0
400,24,0
400,32,0
400,48,0
400,24,0
400,25,0
400,141,0
400,87,0
400,46,0
400,25,0
401,30,0
401,29,0
401,28,0
401,28,0
401,5,0
401,25,0
401,26,0
401,29,0
402,31,0
402,26,0
402,109,0
402,28,0
402,24,0
402,30,0
402,29,0
402,30,0
403,46,0
403,51,0
403,81,0
403,27,0
403,24,0
403,32,0
403,46,0
404,30,0
404,119,0
404,29,0
404,78,0
404,46,0
404,78,0
404,46,0
405,102,0
405,23,0
405,28,0
405,25,0
405,29,0
405,75,0
405,74,0
405,58,0
406,1,0
406,25,0
406,28,0
406,26,0
406,29,0
406,32,0
406,11,0
406,25,0
406,28,0
406,64,0
406,46,0
406,52,0
406,24,0
406,28,0
406,91,0
406,25,0
406,74,0
406,51,0
406,33,0
406,87,0
406,25,0
406,51,0
406,81,0
406,24,0
406,74,0
406,5,0
406,6,0
406,153,0
406,1,0
406,32,0
406,38,0
406,151,0
406,105,0
406,41,0
406,78,0
406,47,0
406,100,0
406,130,0
406,30,0
406,80,0
406,46,0
406,69,0
406,25,0
406,25,0
406,86,0
406,26,0
406,35,0
406,75,0
406,141,0
406,24,0
406,109,0
406,28,0
406,4,0
406,24,0
406,81,0
406,28,0
407,25,0
407,30,0
407,29,0
407,58,0
407,25,0
407,24,0
407,33,0
407,29,0
407,30,0
407,25,0
407,28,0
407,52,0
407,51,0
407,28,0
407,5,0
407,25,0
407,30,0
407,32,0
407,74,0
407,81,0
407,55,0
407,6,0
407,28,0
407,27,0
407,74,0
407,30,0
407,29,0
407,5,0
407,51,0
407,25,0
407,28,0
407,30,0
407,55,0
407,4,0
407,87,0
407,6,0
407,24,0
407,3,0
407,30,0
407,32,0
407,25,0
407,5,0
407,26,0
407,109,0
407,12,0
407,30,0
407,74,0
407,6,0
407,72,0
407,28,0
408,26,0
408,74,0
408,76,0
408,30,0
408,87,0
408,63,0
408,24,0
409,30,0
409,28,0
409,29,0
409,5,0
409,17,0
409,25,0
409,81,0
409,5,0
409,74,0
409,29,0
409,75,0
409,8,0
409,81,0
409,28,0
409,25,0
409,24,0
409,32,0
409,29,0
409,72,0
409,30,0
409,76,0
409,81,0
409,48,0
409,92,0
409,58,0
409,118,0
409,24,0
409,109,0
409,46,0
409,51,0
409,29,0
409,55,0
409,92,0
409,8,0
409,54,0
409,27,0
409,28,0
409,32,0
409,24,0
409,51,0
409,30,0
409,6,0
409,28,0
409,106,0
409,25,0
409,24,0
409,5,0
409,30,0
409,103,0
409,24,0
409,30,0
410,46,0
410,5,0
410,93,0
410,32,0
410,1,0
410,26,0
410,27,0
410,25,0
410,48,0
410,58,0
410,24,0
410,74,0
410,103,0
410,51,0
410,75,0
410,6,0
410,28,0
410,92,0
410,25,0
410,29,0
410,51,0
410,25,0
410,91,0
410,28,0
410,112,0
410,32,0
410,33,0
410,4,0
410,46,0
410,30,0
410,53,0
410,32,0
410,24,0
410,28,0
410,1,0
410,109,0
410,29,0
410,46,0
410,30,0
410,48,0
410,91,0
410,30,0
410,3,0
410,145,0
410,24,0
410,75,0
410,58,0
410,6,0
410,28,0
410,25,0
410,3,0
410,32,0
410,30,0
410,26,0
410,8,0
410,35,0
410,24,0
411,28,0
411,25,0
411,29,0
411,6,0
411,24,0
411,28,0
411,8,0
411,30,0
411,29,0
412,25,0
412,51,0
412,28,0
412,24,0
412,24,0
412,23,0
412,26,0
412,30,0
413,32,0
413,51,0
413,92,0
413,86,0
413,102,0
413,28,0
413,26,0
413,52,0
414,30,0
414,25,0
414,32,0
414,23,0
414,25,0
414,29,0
414,88,0
414,111,0
415,11,0
415,30,0
415,23,0
415,25,0
415,25,0
415,52,0
415,81,0
416,78,0
416,3,0
416,46,0
416,23,0
416,28,0
416,6,0
416,26,0
416,24,0
416,28,0
416,74,0
416,51,0
416,52,0
416,81,0
416,28,0
416,8,0
416,32,0
416,25,0
416,25,0
416,32,0
416,1,0
416,28,0
416,30,0
416,114,0
416,106,0
416,64,0
416,32,0
416,28,0
416,51,0
416,72,0
416,74,0
416,25,0
416,24,0
416,113,0
416,28,0
416,1,0
416,28,0
416,25,0
416,51,0
416,74,0
416,35,0
416,94,0
416,23,0
416,28,0
416,102,0
416,24,0
416,52,0
416,28,0
416,25,0
416,31,0
416,11,0
416,28,0
416,30,0
416,25,0
416,74,0
416,24,0
417,58,0
417,6,0
417,46,0
417,28,0
417,29,0
417,25,0
417,32,0
418,24,0
418,93,0
418,30,0
418,51,0
418,81,0
418,58,0
418,81,0
419,26,0
419,25,0
419,30,0
419,32,0
419,92,0
419,29,0
419,24,0
420,5,0
420,6,0
420,1,0
420,10,0
420,4,0
420,3,0
420,24,0
421,6,0
421,86,0
421,23,0
421,26,0
421,25,0
421,51,0
421,28,0
422,81,0
422,119,0
422,54,0
422,92,0
422,46,0
422,78,0
422,30,0
422,29,0
422,32,0
422,31,0
422,11,0
422,25,0
422,28,0
422,113,0
422,25,0
423,30,0
423,25,0
423,29,0
423,94,0
423,82,0
423,30,0
423,95,0
424,58,0
424,32,0
424,1,0
424,30,0
424,35,0
424,136,0
424,38,0
425,6,0
425,67,0
425,101,0
425,47,0
425,69,0
425,28,0
425,119,0
426,26,0
426,3,0
426,30,0
426,102,0
426,24,0
426,109,0
426,28,0
427,30,0
427,75,0
427,103,0
427,28,0
427,91,0
427,28,0
427,32,0
428,29,0
428,28,0
428,25,0
428,24,0
428,73,0
428,5,0
428,138,0
429,92,0
429,35,0
429,29,0
429,17,0
429,72,0
429,26,0
429,115,0
429,8,0
430,32,0
430,25,0
430,103,0
430,28,0
430,74,0
430,29,0
430,5,0
431,51,0
431,127,0
431,30,0
431,28,0
431,74,0
431,29,0
431,24,0
432,51,0
432,52,0
432,24,0
432,28,0
432,111,0
432,48,0
432,93,0
433,25,0
433,51,0
433,28,0
433,109,0
433,35,0
433,74,0
433,113,0
434,30,0
434,28,0
434,25,0
434,29,0
434,58,0
434,24,0
434,91,0
434,28,0
434,30,0
434,25,0
434,1,0
434,63,0
434,102,0
434,46,0
434,32,0
434,51,0
434,6,0
434,25,0
434,81,0
434,28,0
434,5,0
434,48,0
434,30,0
434,1,0
434,26,0
434,73,0
434,25,0
434,29,0
434,74,0
434,46,0
434,24,0
434,48,0
434,6,0
434,6,0
434,28,0
434,27,0
434,24,0
434,29,0
434,30,0
434,32,0
434,28,0
434,30,0
434,29,0
434,32,0
434,74,0
434,48,0
434,58,0
434,32,0
434,63,0
434,111,0
434,109,0
434,30,0
434,46,0
434,103,0
434,30,0
434,78,0
434,111,0
435,25,0
435,111,0
435,30,0
435,28,0
435,30,0
435,24,0
435,25,0
436,51,0
436,28,0
436,8,0
436,81,0
436,25,0
436,24,0
436,30,0
437,28,0
437,30,0
437,8,0
437,26,0
437,29,0
437,103,0
437,24,0
438,102,0
438,109,0
438,24,0
438,51,0
438,75,0
438,6,0
438,24,0
438,76,0
438,30,0
438,75,0
438,29,0
438,90,0
438,1,0
438,24,0
438,26,0
438,25,0
438,32,0
438,87,0
438,30,0
438,27,0
438,46,0
438,48,0
438,28,0
438,94,0
438,24,0
438,25,0
438,29,0
438,32,0
438,48,0
439,24,0
439,8,0
439,29,0
439,86,0
439,81,0
439,24,0
439,30,0
440,32,0
440,58,0
440,6,0
440,86,0
440,32,0
440,28,0
440,25,0
441,74,0
441,91,0
441,30,0
441,24,0
441,25,0
441,6,0
441,28,0
442,26,0
442,27,0
442,30,0
442,113,0
442,24,0
442,87,0
442,51,0
442,6,0
443,30,0
443,111,0
443,28,0
443,74,0
443,11,0
443,35,0
443,11,0
443,35,0
444,24,0
444,102,0
444,26,0
444,28,0
444,1,0
444,32,0
444,24,0
445,28,0
445,25,0
445,30,0
445,74,0
445,58,0
445,24,0
445,58,0
446,25,0
446,46,0
446,8,0
446,32,0
446,81,0
446,55,0
446,81,0
447,25,0
447,32,0
447,74,0
447,46,0
447,29,0
447,76,0
447,102,0
448,1,0
448,26,0
448,24,0
448,74,0
448,32,0
448,102,0
448,25,0
449,27,0
449,32,0
449,28,0
449,46,0
449,30,0
449,30,0
449,29,0
450,25,0
450,35,0
450,73,0
450,6,0
450,24,0
450,51,0
450,74,0
451,29,0
451,24,0
451,111,0
451,30,0
451,4,0
451,74,0
451,113,0
451,29,0
451,103,0
451,1,0
451,28,0
451,6,0
451,25,0
451,119,0
451,136,0
451,24,0
451,30,0
451,32,0
451,24,0
451,24,0
451,44,0
451,29,0
451,24,0
451,48,0
451,5,0
451,24,0
451,29,0
451,29,0
451,94,0
451,59,0
451,32,0
451,58,0
451,40,0
451,35,0
451,38,0
451,66,0
451,105,0
451,67,0
451,43,0
451,42,0
451,46,0
451,79,0
451,69,0
451,118,0
451,80,0
451,76,0
451,3,0
451,74,0
452,5,0
452,24,0
452,32,0
452,92,0
452,28,0
452,114,0
452,15,0
453,51,0
453,30,0
453,28,0
453,8,0
453,29,0
453,24,0
453,23,0
454,30,0
454,26,0
454,32,0
454,29,0
454,48,0
454,63,0
454,8,0
455,26,0
455,28,0
455,17,0
455,30,0
455,26,0
455,76,0
455,32,0
455,29,0
456,51,0
456,113,0
456,24,0
456,28,0
456,74,0
456,58,0
456,93,0
457,28,0
457,81,0
457,24,0
457,11,0
457,29,0
457,30,0
457,25,0
458,6,0
458,87,0
458,30,0
458,111,0
458,29,0
458,1,0
458,50,0
459,30,0
459,28,0
459,29,0
459,24,0
459,1,0
459,63,0
459,24,0
460,28,0
460,81,0
460,6,0
460,24,0
460,127,0
460,29,0
460,32,0
461,30,0
461,28,0
461,78,0
461,6,0
461,111,0
461,24,0
461,32,0
462,11,0
462,51,0
462,28,0
462,30,0
462,27,0
462,25,0
462,74,0
463,32,0
463,24,0
463,26,0
463,23,0
463,25,0
463,32,0
463,30,0
463,88,0
464,29,0
464,32,0
464,1,0
464,24,0
464,88,0
464,28,0
464,81,0
465,25,0
465,25,0
465,26,0
465,63,0
465,25,0
465,25,0
465,29,0
466,23,0
466,24,0
466,30,0
466,64,0
466,6,0
466,72,0
466,102,0
467,87,0
467,8,0
467,28,0
467,32,0
467,87,0
467,30,0
467,25,0
468,81,0
468,113,0
468,24,0
468,118,0
468,72,0
468,51,0
468,5,0
468,24,0
468,81,0
468,28,0
468,11,0
468,73,0
468,51,0
468,73,0
469,25,0
469,52,0
469,35,0
469,28,0
469,30,0
469,38,0
469,6,0
469,40,0
469,32,0
470,1,0
470,43,0
470,6,0
470,67,0
470,99,0
470,100,0
470,46,0
471,68,0
471,89,0
471,130,0
471,101,0
471,69,0
471,98,0
471,80,0
472,47,0
472,30,0
472,24,0
472,25,0
472,90,0
472,72,0
472,28,0
473,81,0
473,138,0
473,76,0
473,30,0
473,32,0
473,91,0
473,25,0
474,26,0
474,29,0
474,32,0
474,51,0
474,30,0
474,25,0
474,24,0
475,30,0
475,25,0
475,28,0
475,33,0
475,8,0
475,8,0
475,6,0
476,28,0
476,54,0
476,30,0
476,48,0
476,74,0
476,24,0
476,30,0
477,28,0
477,93,0
477,23,0
477,30,0
477,28,0
477,25,0
477,29,0
477,5,0
478,58,0
478,28,0
478,35,0
478,46,0
478,91,0
478,32,0
478,24,0
479,30,0
479,26,0
479,24,0
479,29,0
479,32,0
479,25,0
479,4,0
480,32,0
480,73,0
480,52,0
480,30,0
480,33,0
480,24,0
480,27,0
481,78,0
481,111,0
481,25,0
481,78,0
481,25,0
481,27,0
481,58,0
482,113,0
482,74,0
482,6,0
482,145,0
482,64,0
482,28,0
482,74,0
483,25,0
483,30,0
483,38,0
483,40,0
483,1,0
483,32,0
483,131,0
483,43,0
484,6,0
484,68,0
484,46,0
484,41,0
484,85,0
484,3,0
484,35,0
485,25,0
485,32,0
485,24,0
485,87,0
485,102,0
485,8,0
485,30,0
486,26,0
486,111,0
486,74,0
486,25,0
486,3,0
486,78,0
486,3,0
487,102,0
487,1,0
487,26,0
487,28,0
487,24,0
487,31,0
487,46,0
488,32,0
488,51,0
488,55,0
488,75,0
488,32,0
488,46,0
488,25,0
488,81,0
489,28,0
489,46,0
489,115,0
489,24,0
489,29,0
489,6,0
489,28,0
490,119,0
490,24,0
490,103,0
490,81,0
490,29,0
490,51,0
490,64,0
491,72,0
491,106,0
491,30,0
491,35,0
491,58,0
491,25,0
491,24,0
491,17,0
492,28,0
492,102,0
492,25,0
492,51,0
492,48,0
492,75,0
492,46,0
493,24,0
493,53,0
493,30,0
493,54,0
493,27,0
493,28,0
493,6,0
493,24,0
494,26,0
494,111,0
494,30,0
494,25,0
494,51,0
494,29,0
494,74,0
495,58,0
495,87,0
495,51,0
495,25,0
495,24,0
495,29,0
495,1,0
496,51,0
496,28,0
496,30,0
496,32,0
496,5,0
496,6,0
496,30,0
497,26,0
497,76,0
497,24,0
497,32,0
497,32,0
497,145,0
497,30,0
498,25,0
498,29,0
498,74,0
498,90,0
498,1,0
498,46,0
498,28,0
499,29,0
499,32,0
499,6,0
499,72,0
499,51,0
499,28,0
499,32,0
500,30,0
500,113,0
500,51,0
500,25,0
500,115,0
500,24,0
500,6,0
501,109,0
501,26,0
501,28,0
501,24,0
501,30,0
501,29,0
501,24,0
502,6,0
502,26,0
502,4,0
502,28,0
502,74,0
502,32,0
502,24,0
502,93,0
502,46,0
502,28,0
502,140,0
502,5,0
502,25,0
502,26,0
502,32,0
502,28,0
502,6,0
502,30,0
502,25,0
502,74,0
502,32,0
502,6,0
502,24,0
502,92,0
502,28,0
502,74,0
502,75,0
502,6,0
502,24,0
502,26,0
502,74,0
502,32,0
502,28,0
502,94,0
502,24,0
502,102,0
502,6,0
502,26,0
502,28,0
502,74,0
502,35,0
502,150,0
502,51,0
502,25,0
502,81,0
502,30,0
502,32,0
502,29,0
502,140,0
502,2,0
502,6,0
502,26,0
502,28,0
502,25,0
502,78,0
502,1,0
502,26,0
502,78,0
502,28,0
502,58,0
503,24,0
503,141,0
503,24,0
503,11,0
503,51,0
503,32,0
503,4,0
504,29,0
504,25,0
504,28,0
504,74,0
504,58,0
504,91,0
504,119,0
505,32,0
505,25,0
505,24,0
505,28,0
505,29,0
505,30,0
505,46,0
506,54,0
506,24,0
506,140,0
506,25,0
506,53,0
506,28,0
506,26,0
507,24,0
507,113,0
507,25,0
507,6,0
507,25,0
507,29,0
507,32,0
508,58,0
508,5,0
508,24,0
508,8,0
508,30,0
508,81,0
508,91,0
508,25,0
509,25,0
509,8,0
509,23,0
509,25,0
509,74,0
509,111,0
509,30,0
510,29,0
510,24,0
510,6,0
510,91,0
510,28,0
510,25,0
510,75,0
511,32,0
511,24,0
511,30,0
511,29,0
511,51,0
511,8,0
511,28,0
512,81,0
512,32,0
512,24,0
512,6,0
512,51,0
512,119,0
512,29,0
513,24,0
513,32,0
513,48,0
513,140,0
513,26,0
513,78,0
513,28,0
514,25,0
514,74,0
514,28,0
514,91,0
514,8,0
514,6,0
514,24,0
514,26,0
515,32,0
515,27,0
515,25,0
515,28,0
515,8,0
515,25,0
515,32,0
516,24,0
516,74,0
516,75,0
516,28,0
516,6,0
516,25,0
516,24,0
517,32,0
517,29,0
517,28,0
517,93,0
517,6,0
517,24,0
517,111,0
517,46,0
518,75,0
518,28,0
518,29,0
518,87,0
518,28,0
518,28,0
518,52,0
519,119,0
519,33,0
519,103,0
519,6,0
519,51,0
519,28,0
519,74,0
520,48,0
520,32,0
520,23,0
520,64,0
520,30,0
520,28,0
520,7,0
521,24,0
521,26,0
521,30,0
521,81,0
521,93,0
521,30,0
521,24,0
522,29,0
522,24,0
522,35,0
522,5,0
522,24,0
522,28,0
522,74,0
523,113,0
523,58,0
523,24,0
523,46,0
523,30,0
523,24,0
523,24,0
524,8,0
524,87,0
524,46,0
524,30,0
524,119,0
524,3,0
524,24,0
525,32,0
525,24,0
525,6,0
525,102,0
525,32,0
525,25,0
525,102,0
526,91,0
526,30,0
526,26,0
526,24,0
526,32,0
526,31,0
526,87,0
526,6,0
526,25,0
526,24,0
526,30,0
526,51,0
526,75,0
526,6,0
526,25,0
526,28,0
526,29,0
526,74,0
526,30,0
526,25,0
526,46,0
526,102,0
526,6,0
526,73,0
526,24,0
526,51,0
526,74,0
526,28,0
526,44,0
526,1,0
526,91,0
526,32,0
526,29,0
526,1,0
526,72,0
526,73,0
526,25,0
526,11,0
526,28,0
526,30,0
526,93,0
526,28,0
526,27,0
526,75,0
526,109,0
526,53,0
526,111,0
526,32,0
526,74,0
527,81,0
527,25,0
527,24,0
527,64,0
527,51,0
527,8,0
527,29,0
528,46,0
528,25,0
528,31,0
528,74,0
528,24,0
528,30,0
528,28,0
529,32,0
529,24,0
529,11,0
529,28,0
529,51,0
529,25,0
529,48,0
529,76,0
529,1,0
529,27,0
529,28,0
529,25,0
529,1,0
529,81,0
529,25,0
529,32,0
529,75,0
529,5,0
529,24,0
529,1,0
529,30,0
529,3,0
529,46,0
529,74,0
529,25,0
529,28,0
529,35,0
529,11,0
529,1,0
529,35,0
529,29,0
529,125,0
529,28,0
529,27,0
529,29,0
529,74,0
529,48,0
529,113,0
529,73,0
529,6,0
529,26,0
529,102,0
529,24,0
529,25,0
529,28,0
529,24,0
529,26,0
529,6,0
529,35,0
529,29,0
529,32,0
529,30,0
530,24,0
530,8,0
530,6,0
530,46,0
530,25,0
530,88,0
530,28,0
531,30,0
531,91,0
531,114,0
531,6,0
531,28,0
531,24,0
531,51,0
532,30,0
532,32,0
532,6,0
532,25,0
532,28,0
532,81,0
532,30,0
533,32,0
533,48,0
533,35,0
533,109,0
533,26,0
533,119,0
533,74,0
534,103,0
534,87,0
534,6,0
534,51,0
534,25,0
534,35,0
534,113,0
535,90,0
535,102,0
535,26,0
535,6,0
535,109,0
535,24,0
535,32,0
535,90,0
535,1,0
535,6,0
535,24,0
535,102,0
535,28,0
535,51,0
535,109,0
535,30,0
535,25,0
535,88,0
535,113,0
535,24,0
535,29,0
535,46,0
535,32,0
535,25,0
535,75,0
535,74,0
535,30,0
535,27,0
535,95,0
535,40,0
535,122,0
535,35,0
535,91,0
535,58,0
535,30,0
535,37,0
535,136,0
535,38,0
535,60,0
535,47,0
536,6,0
536,79,0
536,130,0
536,25,0
536,89,0
536,98,0
536,76,0
536,140,0
536,6,0
536,24,0
536,26,0
536,28,0
536,24,0
537,30,0
537,140,0
537,6,0
537,28,0
537,30,0
537,25,0
537,11,0
537,119,0
537,8,0
538,92,0
538,30,0
538,24,0
538,91,0
538,52,0
538,26,0
538,28,0
539,8,0
539,32,0
539,25,0
539,51,0
539,91,0
539,24,0
539,28,0
540,25,0
540,113,0
540,81,0
540,17,0
540,102,0
540,28,0
540,30,0
540,25,0
540,81,0
540,24,0
541,32,0
541,5,0
541,6,0
541,64,0
541,26,0
541,24,0
541,28,0
542,58,0
542,25,0
542,90,0
542,81,0
542,30,0
542,28,0
542,24,0
543,46,0
543,94,0
543,2,0
543,26,0
543,109,0
543,28,0
543,30,0
544,25,0
544,32,0
544,24,0
544,93,0
544,51,0
544,113,0
544,81,0
545,58,0
545,7,0
545,28,0
545,52,0
545,127,0
545,35,0
545,29,0
546,51,0
546,6,0
546,25,0
546,28,0
546,8,0
546,4,0
546,91,0
547,28,0
547,52,0
547,24,0
547,115,0
547,25,0
547,32,0
547,30,0
548,58,0
548,6,0
548,28,0
548,30,0
548,88,0
548,24,0
548,111,0
548,24,0
549,30,0
549,28,0
549,46,0
549,6,0
549,1,0
549,25,0
549,24,0
550,28,0
550,30,0
550,38,0
550,28,0
550,26,0
550,8,0
550,119,0
551,88,0
551,51,0
551,23,0
551,32,0
551,25,0
551,29,0
551,24,0
552,26,0
552,6,0
552,25,0
552,24,0
552,32,0
552,30,0
552,28,0
552,5,0
552,78,0
552,24,0
552,74,0
552,63,0
552,25,0
552,28,0
552,24,0
552,23,0
552,25,0
552,28,0
552,29,0
552,75,0
552,24,0
552,115,0
552,32,0
552,87,0
552,25,0
552,8,0
552,11,0
552,24,0
552,51,0
552,32,0
552,28,0
552,75,0
552,90,0
552,24,0
552,81,0
552,111,0
552,25,0
552,30,0
552,72,0
552,63,0
552,6,0
552,28,0
552,26,0
552,27,0
552,102,0
552,52,0
552,24,0
552,74,0
552,24,0
552,24,0
552,29,0
552,32,0
552,28,0
552,74,0
552,25,0
552,102,0
552,91,0
552,28,0
552,46,0
552,24,0
553,8,0
553,113,0
553,8,0
553,111,0
553,28,0
553,48,0
553,24,0
554,31,0
554,30,0
554,25,0
554,1,0
554,24,0
554,30,0
554,32,0
554,28,0
555,29,0
555,4,0
555,6,0
555,46,0
555,24,0
555,25,0
555,26,0
556,28,0
556,24,0
556,28,0
556,27,0
556,24,0
556,28,0
556,145,0
557,28,0
557,24,0
557,127,0
557,25,0
557,48,0
557,81,0
557,27,0
558,28,0
558,48,0
558,29,0
558,24,0
558,4,0
558,90,0
558,51,0
559,119,0
559,28,0
559,8,0
559,24,0
559,48,0
559,24,0
559,28,0
560,75,0
560,63,0
560,46,0
560,30,0
560,123,0
560,58,0
560,29,0
561,33,0
561,90,0
561,24,0
561,119,0
561,30,0
561,29,0
561,32,0
562,28,0
562,51,0
562,28,0
562,24,0
562,23,0
562,6,0
562,25,0
562,28,0
563,46,0
563,29,0
563,48,0
563,30,0
563,1,0
563,102,0
563,24,0
564,51,0
564,28,0
564,115,0
564,111,0
564,102,0
564,28,0
564,27,0
565,11,0
565,5,0
565,32,0
565,29,0
565,25,0
565,102,0
565,51,0
566,35,0
566,23,0
566,25,0
566,29,0
566,48,0
566,28,0
566,6,0
566,26,0
566,109,0
566,32,0
566,30,0
567,3,0
567,24,0
567,46,0
567,25,0
567,30,0
567,26,0
567,74,0
567,28,0
567,81,0
567,29,0
567,24,0
567,28,0
567,24,0
567,8,0
567,113,0
567,24,0
567,28,0
567,32,0
567,113,0
567,46,0
567,141,0
567,6,0
567,26,0
567,136,0
567,119,0
567,30,0
567,102,0
567,24,0
567,28,0
567,29,0
567,30,0
567,32,0
567,46,0
567,11,0
567,7,0
567,28,0
567,51,0
567,75,0
567,29,0
567,23,0
567,28,0
567,25,0
567,24,0
567,5,0
567,29,0
567,6,0
567,24,0
567,28,0
567,29,0
567,102,0
567,28,0
567,24,0
567,46,0
567,31,0
567,27,0
567,11,0
567,24,0
568,106,0
568,35,0
568,28,0
568,113,0
568,30,0
568,23,0
568,30,0
568,63,0
569,1,0
569,46,0
569,25,0
569,28,0
569,8,0
569,1,0
569,64,0
569,28,0
569,51,0
570,74,0
570,81,0
570,28,0
570,25,0
570,5,0
570,25,0
570,28,0
571,88,0
571,78,0
571,113,0
571,24,0
571,29,0
571,48,0
571,6,0
572,27,0
572,28,0
572,24,0
572,29,0
572,30,0
572,93,0
572,25,0
573,8,0
573,8,0
573,28,0
573,24,0
573,33,0
573,6,0
573,24,0
574,51,0
574,28,0
574,29,0
574,103,0
574,25,0
574,24,0
574,32,0
575,74,0
575,48,0
575,29,0
575,6,0
575,25,0
575,24,0
575,24,0
575,28,0
575,6,0
575,73,0
575,25,0
576,88,0
576,26,0
576,24,0
576,24,0
576,3,0
576,48,0
576,30,0
577,92,0
577,33,0
577,1,0
577,28,0
577,64,0
577,30,0
577,1,0
578,25,0
578,32,0
578,24,0
578,74,0
578,24,0
578,32,0
578,6,0
579,24,0
579,106,0
579,28,0
579,30,0
579,25,0
579,32,0
579,30,0
579,1,0
580,45,0
580,58,0
580,30,0
580,35,0
580,30,0
580,36,0
580,6,0
581,77,0
581,102,0
581,38,0
581,79,0
581,32,0
581,67,0
581,99,0
582,47,0
582,6,0
582,117,0
582,76,0
582,81,0
582,74,0
582,101,0
582,129,0
583,84,0
583,46,0
583,30,0
583,9,0
583,124,0
583,3,0
583,28,0
583,53,0
584,25,0
584,29,0
584,32,0
584,58,0
584,75,0
584,23,0
584,50,0
585,24,0
585,88,0
585,32,0
585,29,0
585,32,0
585,28,0
585,25,0
586,25,0
586,24,0
586,28,0
586,25,0
586,24,0
586,78,0
586,87,0
587,8,0
587,29,0
587,30,0
587,28,0
587,32,0
587,46,0
587,24,0
588,51,0
588,86,0
588,35,0
588,28,0
588,91,0
588,4,0
588,30,0
588,24,0
589,28,0
589,28,0
589,48,0
589,25,0
589,63,0
589,91,0
589,25,0
590,24,0
590,30,0
590,111,0
590,28,0
590,25,0
590,26,0
590,28,0
591,24,0
591,46,0
591,87,0
591,25,0
591,30,0
591,24,0
591,29,0
591,81,0
592,74,0
592,28,0
592,25,0
592,102,0
592,24,0
592,44,0
592,88,0
592,46,0
593,75,0
593,1,0
593,30,0
593,26,0
593,25,0
593,32,0
593,28,0
593,24,0
594,25,0
594,109,0
594,51,0
594,28,0
594,24,0
594,75,0
594,29,0
595,23,0
595,28,0
595,81,0
595,24,0
595,113,0
595,46,0
595,30,0
596,29,0
596,25,0
596,75,0
596,28,0
596,26,0
596,75,0
596,30,0
597,46,0
597,25,0
597,24,0
597,35,0
597,25,0
597,46,0
597,24,0
597,11,0
598,25,0
598,28,0
598,32,0
598,30,0
598,29,0
598,93,0
598,24,0
599,11,0
599,26,0
599,25,0
599,30,0
599,81,0
599,32,0
599,28,0
600,33,0
600,32,0
600,93,0
600,30,0
600,74,0
600,48,0
600,5,0
600,24,0
600,91,0
601,88,0
601,28,0
601,46,0
601,93,0
601,29,0
601,48,0
601,30,0
602,74,0
602,81,0
602,58,0
602,25,0
602,63,0
602,23,0
602,28,0
603,74,0
603,32,0
603,102,0
603,114,0
603,23,0
603,28,0
603,30,0
604,26,0
604,25,0
604,48,0
604,46,0
604,109,0
604,28,0
604,30,0
604,24,0
605,74,0
605,24,0
605,6,0
605,26,0
605,30,0
605,8,0
605,102,0
606,26,0
606,109,0
606,24,0
606,32,0
606,115,0
606,30,0
606,72,0
607,109,0
607,28,0
607,74,0
607,111,0
607,103,0
607,24,0
607,8,0
608,111,0
608,32,0
608,30,0
608,1,0
608,25,0
608,28,0
608,46,0
609,74,0
609,48,0
609,87,0
609,52,0
609,33,0
609,30,0
609,29,0
610,32,0
610,28,0
610,75,0
610,55,0
610,93,0
610,63,0
610,28,0
611,78,0
611,106,0
611,52,0
611,88,0
611,74,0
611,92,0
611,58,0
612,72,0
612,6,0
612,28,0
612,24,0
612,25,0
612,32,0
612,30,0
613,28,0
613,29,0
613,58,0
613,26,0
613,109,0
613,28,0
613,24,0
613,30,0
614,25,0
614,26,0
614,25,0
614,50,0
614,81,0
614,24,0
614,51,0
615,29,0
615,32,0
615,25,0
615,64,0
615,6,0
615,51,0
615,24,0
616,25,0
616,86,0
616,87,0
616,109,0
616,46,0
616,24,0
616,25,0
617,75,0
617,71,0
617,24,0
617,38,0
617,1,0
617,25,0
617,24,0
618,29,0
618,78,0
618,24,0
618,114,0
618,5,0
618,28,0
618,76,0
619,29,0
619,92,0
619,32,0
619,48,0
619,24,0
619,58,0
619,25,0
620,24,0
620,93,0
620,6,0
620,24,0
620,24,0
620,38,0
620,18,0
620,25,0
621,48,0
621,24,0
621,28,0
621,28,0
621,30,0
621,46,0
621,25,0
622,64,0
622,46,0
622,24,0
622,51,0
622,23,0
622,28,0
622,25,0
623,54,0
623,24,0
623,29,0
623,81,0
623,17,0
623,51,0
623,28,0
624,27,0
624,140,0
624,6,0
624,102,0
624,26,0
624,119,0
624,28,0
624,6,0
625,24,0
625,28,0
625,112,0
625,75,0
625,3,0
625,72,0
625,11,0
626,138,0
626,127,0
626,28,0
626,25,0
626,63,0
626,27,0
626,30,0
627,88,0
627,28,0
627,32,0
627,29,0
627,119,0
627,111,0
627,29,0
627,24,0
628,87,0
628,46,0
628,25,0
628,17,0
628,30,0
628,28,0
628,24,0
629,33,0
629,35,0
629,51,0
629,46,0
629,29,0
629,24,0
629,30,0
630,73,0
630,11,0
630,26,0
630,25,0
630,30,0
630,81,0
630,48,0
631,102,0
631,23,0
631,24,0
631,26,0
631,25,0
631,103,0
631,23,0
631,86,0
631,6,0
632,28,0
632,111,0
632,24,0
632,63,0
632,87,0
632,6,0
632,91,0
633,46,0
633,24,0
633,76,0
633,1,0
633,106,0
633,119,0
633,127,0
633,28,0
633,24,0
633,25,0
633,48,0
634,6,0
634,6,0
634,38,0
634,32,0
634,37,0
634,46,0
634,68,0
635,78,0
635,89,0
635,18,0
635,80,0
635,79,0
635,30,0
635,84,0
636,124,0
636,30,0
636,130,0
636,41,0
636,30,0
636,91,0
636,25,0
636,32,0
637,92,0
637,88,0
637,48,0
637,24,0
637,28,0
637,30,0
637,29,0
638,33,0
638,74,0
638,25,0
638,32,0
638,48,0
638,75,0
638,113,0
638,90,0
638,23,0
638,51,0
638,30,0
638,28,0
638,25,0
639,32,0
639,96,0
639,32,0
639,1,0
639,30,0
639,139,0
639,107,0
639,58,0
639,35,0
639,59,0
640,6,0
640,40,0
640,6,0
640,6,0
640,60,0
640,38,0
640,105,0
641,43,0
641,46,0
641,46,0
641,109,0
641,53,0
641,30,0
641,28,0
642,32,0
642,94,0
642,1,0
642,28,0
642,29,0
642,74,0
642,2,0
642,24,0
642,6,0
642,26,0
642,3,0
643,74,0
643,32,0
643,6,0
643,24,0
643,76,0
643,25,0
643,32,0
644,81,0
644,29,0
644,28,0
644,6,0
644,87,0
644,26,0
644,30,0
645,81,0
645,28,0
645,140,0
645,6,0
645,25,0
645,24,0
645,32,0
645,51,0
645,24,0
645,29,0
646,30,0
646,28,0
646,29,0
646,91,0
646,30,0
646,58,0
646,38,0
647,43,0
647,45,0
647,100,0
647,44,0
647,24,0
647,88,0
647,30,0
648,32,0
648,28,0
648,119,0
648,93,0
648,63,0
648,1,0
648,87,0
648,51,0
649,24,0
649,81,0
649,30,0
649,29,0
649,86,0
649,140,0
649,6,0
650,102,0
650,28,0
650,25,0
650,28,0
650,86,0
650,6,0
650,25,0
651,4,0
651,103,0
651,31,0
651,87,0
651,91,0
651,30,0
651,111,0
652,48,0
652,90,0
652,6,0
652,25,0
652,26,0
652,28,0
652,8,0
653,32,0
653,24,0
653,30,0
653,74,0
653,90,0
653,64,0
653,46,0
654,25,0
654,26,0
654,29,0
654,100,0
654,46,0
654,89,0
654,24,0
655,51,0
655,52,0
655,24,0
655,46,0
655,28,0
655,24,0
655,26,0
656,28,0
656,24,0
656,64,0
656,103,0
656,81,0
656,25,0
656,32,0
657,29,0
657,46,0
657,51,0
657,64,0
657,24,0
657,6,0
657,24,0
658,29,0
658,25,0
658,30,0
658,74,0
658,25,0
658,30,0
658,113,0
659,28,0
659,25,0
659,24,0
659,58,0
659,24,0
659,48,0
659,30,0
660,6,0
660,35,0
660,24,0
660,102,0
660,26,0
660,28,0
660,29,0
661,91,0
661,46,0
661,28,0
661,24,0
661,119,0
661,8,0
661,33,0
662,30,0
662,6,0
662,28,0
662,109,0
662,113,0
662,24,0
662,28,0
663,6,0
663,8,0
663,111,0
663,28,0
663,91,0
663,1,0
663,24,0
664,51,0
664,28,0
664,3,0
664,90,0
664,28,0
664,51,0
664,52,0
664,29,0
665,140,0
665,6,0
665,25,0
665,28,0
665,24,0
665,26,0
665,26,0
666,6,0
666,24,0
666,28,0
666,32,0
666,93,0
666,5,0
666,24,0
667,26,0
667,102,0
667,32,0
667,113,0
667,63,0
667,6,0
667,51,0
668,32,0
668,81,0
668,24,0
668,90,0
668,6,0
668,109,0
668,54,0
669,28,0
669,46,0
669,111,0
669,1,0
669,32,0
669,75,0
669,6,0
670,114,0
670,24,0
670,28,0
670,46,0
670,29,0
670,103,0
670,25,0
671,28,0
671,30,0
671,27,0
671,24,0
671,5,0
671,93,0
671,24,0
672,6,0
672,51,0
672,54,0
672,28,0
672,81,0
672,25,0
672,74,0
673,118,0
673,2,0
673,5,0
673,28,0
673,24,0
673,46,0
673,102,0
674,32,0
674,8,0
674,25,0
674,6,0
674,28,0
674,24,0
674,103,0
675,25,0
675,30,0
675,48,0
675,25,0
675,30,0
675,46,0
675,25,0
676,29,0
676,24,0
676,23,0
676,24,0
676,26,0
676,25,0
676,30,0
677,74,0
677,140,0
677,5,0
677,28,0
677,26,0
677,30,0
677,119,0
678,30,0
678,25,0
678,30,0
678,28,0
678,102,0
678,87,0
678,30,0
679,25,0
679,74,0
679,1,0
679,26,0
679,27,0
679,32,0
679,115,0
680,24,0
680,25,0
680,78,0
680,46,0
680,30,0
680,87,0
680,11,0
681,54,0
681,8,0
681,33,0
681,32,0
681,5,0
681,32,0
681,24,0
681,94,0
682,24,0
682,48,0
682,29,0
682,52,0
682,26,0
682,88,0
682,24,0
682,74,0
683,24,0
683,5,0
683,26,0
683,32,0
683,29,0
683,30,0
683,25,0
683,87,0
684,24,0
684,102,0
684,53,0
684,4,0
684,33,0
684,28,0
684,15,0
685,102,0
685,25,0
685,32,0
685,30,0
685,24,0
685,30,0
685,29,0
685,28,0
685,46,0
686,30,0
686,24,0
686,25,0
686,30,0
686,31,0
686,52,0
686,25,0
686,111,0
687,30,0
687,24,0
687,94,0
687,1,0
687,52,0
687,28,0
687,46,0
688,30,0
688,32,0
688,25,0
688,26,0
688,28,0
688,23,0
688,35,0
689,118,0
689,1,0
689,26,0
689,24,0
689,29,0
689,113,0
689,103,0
690,24,0
690,35,0
690,28,0
690,103,0
690,29,0
690,58,0
690,74,0
691,48,0
691,28,0
691,51,0
691,30,0
691,25,0
691,24,0
691,58,0
692,119,0
692,8,0
692,33,0
692,24,0
692,28,0
692,94,0
692,72,0
693,109,0
693,92,0
693,32,0
693,28,0
693,24,0
693,63,0
693,1,0
694,119,0
694,113,0
694,32,0
694,25,0
694,1,0
694,24,0
694,28,0
695,46,0
695,35,0
695,74,0
695,25,0
695,6,0
695,26,0
695,28,0
696,30,0
696,123,0
696,25,0
696,87,0
696,24,0
696,27,0
696,46,0
697,29,0
697,28,0
697,51,0
697,32,0
697,106,0
697,87,0
697,25,0
698,109,0
698,29,0
698,24,0
698,91,0
698,81,0
698,24,0
698,28,0
699,32,0
699,113,0
699,51,0
699,140,0
699,30,0
699,30,0
699,75,0
700,24,0
700,75,0
700,5,0
700,29,0
700,28,0
700,24,0
700,74,0
701,29,0
701,32,0
701,25,0
701,30,0
701,28,0
701,35,0
701,29,0
701,74,0
701,6,0
701,119,0
702,28,0
702,8,0
702,24,0
702,30,0
702,24,0
702,72,0
702,6,0
702,24,0
703,32,0
703,25,0
703,29,0
703,26,0
703,25,0
703,28,0
703,8,0
703,24,0
703,32,0
704,26,0
704,119,0
704,8,0
704,35,0
704,76,0
704,25,0
704,32,0
704,30,0
705,28,0
705,25,0
705,111,0
705,24,0
705,32,0
705,48,0
705,109,0
706,46,0
706,32,0
706,31,0
706,29,0
706,30,0
706,28,0
706,28,0
707,2,0
707,87,0
707,25,0
707,81,0
707,74,0
707,28,0
707,29,0
708,25,0
708,46,0
708,30,0
708,26,0
708,1,0
708,32,0
708,25,0
709,76,0
709,74,0
709,28,0
709,102,0
709,87,0
709,5,0
709,30,0
710,46,0
710,111,0
710,32,0
710,78,0
710,6,0
710,51,0
710,102,0
711,25,0
711,32,0
711,31,0
711,6,0
711,51,0
711,24,0
711,28,0
712,35,0
712,25,0
712,29,0
712,51,0
712,23,0
712,63,0
712,25,0
713,24,0
713,28,0
713,32,0
713,87,0
713,5,0
713,24,0
713,112,0
714,25,0
714,29,0
714,32,0
714,87,0
714,24,0
714,23,0
714,26,0
714,30,0
715,25,0
715,94,0
715,1,0
715,119,0
715,29,0
715,32,0
715,113,0
715,25,0
715,48,0
716,6,0
716,73,0
716,81,0
716,29,0
716,11,0
716,32,0
716,48,0
717,6,0
717,28,0
717,109,0
717,88,0
717,29,0
717,24,0
717,94,0
718,35,0
718,46,0
718,8,0
718,25,0
718,28,0
718,3,0
718,32,0
719,102,0
719,24,0
719,28,0
719,8,0
719,112,0
719,30,0
719,74,0
720,32,0
720,25,0
720,48,0
720,29,0
720,51,0
720,113,0
720,81,0
721,5,0
721,118,0
721,6,0
721,24,0
721,51,0
721,30,0
721,74,0
721,28,0
722,26,0
722,119,0
722,3,0
722,32,0
722,30,0
722,29,0
722,25,0
722,112,0
722,24,0
722,74,0
722,51,0
722,11,0
722,26,0
723,25,0
723,28,0
723,24,0
723,29,0
723,86,0
723,11,0
723,46,0
724,24,0
724,29,0
724,24,0
724,1,0
724,29,0
724,1,0
724,30,0
725,88,0
725,24,0
725,32,0
725,28,0
725,93,0
725,25,0
725,35,0
726,32,0
726,30,0
726,30,0
726,32,0
726,46,0
726,63,0
726,111,0
726,6,0
726,46,0
726,28,0
726,27,0
727,35,0
727,24,0
727,25,0
727,125,0
727,51,0
727,91,0
727,30,0
728,28,0
728,115,0
728,76,0
728,88,0
728,28,0
728,25,0
728,53,0
729,30,0
729,28,0
729,74,0
729,24,0
729,25,0
729,4,0
729,24,0
730,29,0
730,28,0
730,25,0
730,53,0
730,30,0
730,24,0
730,32,0
731,25,0
731,53,0
731,92,0
731,28,0
731,48,0
731,113,0
731,74,0
732,17,0
732,24,0
732,28,0
732,32,0
732,24,0
732,23,0
732,102,0
732,6,0
733,28,0
733,25,0
733,138,0
733,111,0
733,29,0
733,74,0
733,87,0
734,91,0
734,30,0
734,29,0
734,30,0
734,32,0
734,28,0
734,28,0
734,51,0
735,53,0
735,25,0
735,74,0
735,29,0
735,94,0
735,25,0
735,6,0
736,78,0
736,46,0
736,28,0
736,35,0
736,23,0
736,24,0
736,28,0
736,46,0
737,30,0
737,29,0
737,87,0
737,6,0
737,25,0
737,26,0
737,30,0
738,75,0
738,140,0
738,6,0
738,24,0
738,51,0
738,28,0
738,5,0
738,28,0
739,64,0
739,8,0
739,29,0
739,46,0
739,30,0
739,25,0
739,25,0
740,23,0
740,27,0
740,25,0
740,32,0
740,29,0
740,8,0
740,28,0
741,24,0
741,25,0
741,87,0
741,6,0
741,51,0
741,30,0
741,25,0
741,74,0
741,24,0
741,17,0
742,24,0
742,26,0
742,28,0
742,25,0
742,41,0
742,58,0
742,29,0
743,78,0
743,81,0
743,29,0
743,75,0
743,24,0
743,92,0
743,30,0
743,6,0
744,24,0
744,28,0
744,29,0
744,25,0
744,103,0
744,30,0
744,109,0
745,28,0
745,25,0
745,24,0
745,32,0
745,48,0
745,74,0
745,92,0
746,24,0
746,25,0
746,30,0
746,111,0
746,28,0
746,32,0
746,29,0
747,72,0
747,6,0
747,28,0
747,35,0
747,8,0
747,29,0
747,5,0
747,6,0
747,73,0
747,24,0
747,46,0
748,74,0
748,28,0
748,29,0
748,17,0
748,25,0
748,26,0
748,32,0
749,74,0
749,30,0
749,58,0
749,26,0
749,119,0
749,8,0
749,29,0
750,32,0
750,58,0
750,103,0
750,102,0
750,24,0
750,23,0
750,73,0
751,26,0
751,29,0
751,32,0
751,28,0
751,25,0
751,1,0
751,25,0
752,26,0
752,28,0
752,74,0
752,81,0
752,32,0
752,64,0
752,52,0
752,46,0
753,30,0
753,51,0
753,25,0
753,24,0
753,93,0
753,90,0
753,25,0
754,8,0
754,28,0
754,24,0
754,29,0
754,75,0
754,1,0
754,24,0
755,74,0
755,28,0
755,24,0
755,88,0
755,30,0
755,28,0
755,25,0
755,24,0
756,112,0
756,51,0
756,29,0
756,6,0
756,28,0
756,26,0
756,25,0
756,30,0
757,48,0
757,24,0
757,74,0
757,52,0
757,30,0
757,74,0
757,25,0
758,32,0
758,24,0
758,29,0
758,25,0
758,30,0
758,28,0
758,74,0
759,48,0
759,29,0
759,81,0
759,24,0
759,81,0
759,32,0
759,112,0
760,28,0
760,29,0
760,94,0
760,29,0
760,25,0
760,1,0
760,87,0
761,102,0
761,51,0
761,81,0
761,24,0
761,28,0
761,44,0
761,25,0
762,28,0
762,35,0
762,24,0
762,81,0
762,74,0
762,33,0
762,1,0
763,87,0
763,51,0
763,102,0
763,30,0
763,3,0
763,28,0
763,1,0
763,28,0
763,30,0
763,74,0
763,29,0
763,11,0
763,48,0
763,46,0
763,25,0
763,8,0
763,30,0
763,32,0
763,29,0
763,51,0
763,28,0
763,141,0
763,26,0
763,30,0
763,81,0
764,24,0
764,32,0
764,25,0
764,11,0
764,64,0
764,29,0
764,30,0
765,28,0
765,32,0
765,24,0
765,23,0
765,30,0
765,28,0
765,32,0
766,81,0
766,24,0
766,113,0
766,90,0
766,6,0
766,87,0
766,72,0
767,26,0
767,28,0
767,28,0
767,26,0
767,25,0
767,81,0
767,87,0
768,35,0
768,29,0
768,1,0
768,30,0
768,58,0
768,92,0
768,140,0
769,64,0
769,24,0
769,8,0
769,58,0
769,6,0
769,30,0
769,92,0
769,32,0
769,28,0
769,4,0
769,51,0
770,26,0
770,25,0
770,5,0
770,27,0
770,74,0
770,32,0
770,81,0
770,23,0
770,26,0
770,25,0
770,28,0
770,58,0
770,102,0
771,6,0
771,24,0
771,111,0
771,32,0
771,74,0
771,30,0
771,32,0
772,24,0
772,28,0
772,92,0
772,25,0
772,6,0
772,51,0
772,28,0
773,25,0
773,123,0
773,48,0
773,30,0
773,32,0
773,74,0
773,24,0
774,24,0
774,28,0
774,52,0
774,26,0
774,115,0
774,93,0
774,81,0
774,26,0
775,28,0
775,25,0
775,127,0
775,29,0
775,30,0
775,74,0
775,24,0
776,8,0
776,8,0
776,30,0
776,24,0
776,27,0
776,28,0
776,25,0
776,29,0
777,28,0
777,51,0
777,30,0
777,24,0
777,25,0
777,94,0
777,30,0
778,25,0
778,111,0
778,29,0
778,145,0
778,24,0
778,1,0
778,28,0
779,88,0
779,111,0
779,81,0
779,51,0
779,28,0
779,30,0
779,74,0
780,25,0
780,28,0
780,29,0
780,90,0
780,6,0
780,50,0
780,51,0
781,119,0
781,28,0
781,24,0
781,28,0
781,24,0
781,48,0
781,109,0
782,75,0
782,64,0
782,30,0
782,28,0
782,81,0
782,24,0
782,81,0
783,28,0
783,24,0
783,32,0
783,28,0
783,30,0
783,93,0
783,87,0
783,24,0
783,30,0
783,26,0
784,74,0
784,25,0
784,32,0
784,41,0
784,32,0
784,28,0
784,24,0
784,26,0
785,28,0
785,32,0
785,23,0
785,73,0
785,51,0
785,111,0
785,91,0
786,28,0
786,24,0
786,46,0
786,30,0
786,29,0
786,28,0
786,26,0
786,6,0
786,24,0
786,112,0
786,32,0
787,28,0
787,55,0
787,32,0
787,29,0
787,136,0
787,46,0
787,3,0
788,25,0
788,32,0
788,24,0
788,30,0
788,5,0
788,75,0
788,72,0
789,28,0
789,109,0
789,27,0
789,46,0
789,76,0
789,29,0
789,25,0
790,52,0
790,26,0
790,32,0
790,8,0
790,74,0
790,93,0
790,26,0
791,30,0
791,115,0
791,29,0
791,32,0
791,74,0
791,24,0
791,33,0
792,25,0
792,75,0
792,50,0
792,25,0
792,27,0
792,88,0
792,119,0
793,24,0
793,11,0
793,24,0
793,26,0
793,28,0
793,76,0
793,111,0
794,25,0
794,30,0
794,24,0
794,25,0
794,33,0
794,30,0
794,24,0
795,52,0
795,74,0
795,25,0
795,35,0
795,26,0
795,54,0
795,30,0
796,27,0
796,29,0
796,32,0
796,1,0
796,30,0
796,76,0
796,28,0
797,46,0
797,29,0
797,102,0
797,35,0
797,26,0
797,24,0
797,32,0
798,28,0
798,27,0
798,28,0
798,24,0
798,48,0
798,27,0
798,81,0
799,32,0
799,24,0
799,74,0
799,28,0
799,5,0
799,92,0
799,78,0
800,32,0
800,28,0
800,27,0
800,31,0
800,6,0
800,24,0
800,28,0
801,76,0
801,11,0
801,29,0
801,74,0
801,55,0
801,24,0
801,6,0
802,51,0
802,28,0
802,74,0
802,29,0
802,55,0
802,28,0
802,24,0
803,5,0
803,63,0
803,123,0
803,46,0
803,81,0
803,25,0
803,54,0
804,30,0
804,29,0
804,74,0
804,32,0
804,24,0
804,75,0
804,5,0
805,24,0
805,28,0
805,46,0
805,25,0
805,76,0
805,24,0
805,8,0
806,44,0
806,32,0
806,25,0
806,29,0
806,28,0
806,109,0
806,30,0
807,28,0
807,112,0
807,24,0
807,5,0
807,86,0
807,26,0
807,53,0
807,32,0
807,51,0
807,24,0
808,150,0
808,91,0
808,51,0
808,24,0
808,54,0
808,32,0
808,29,0
809,25,0
809,30,0
809,58,0
809,118,0
809,6,0
809,26,0
809,30,0
810,35,0
810,3,0
810,32,0
810,74,0
810,24,0
810,87,0
810,106,0
811,23,0
811,35,0
811,3,0
811,25,0
811,6,0
811,109,0
811,92,0
812,74,0
812,58,0
812,32,0
812,23,0
812,26,0
812,25,0
812,28,0
812,29,0
813,74,0
813,58,0
813,81,0
813,28,0
813,30,0
813,25,0
813,29,0
814,81,0
814,103,0
814,32,0
814,91,0
814,25,0
814,3,0
814,32,0
815,6,0
815,25,0
815,51,0
815,24,0
815,115,0
815,32,0
815,30,0
816,27,0
816,28,0
816,30,0
816,29,0
816,55,0
816,33,0
816,24,0
817,92,0
817,91,0
817,6,0
817,24,0
817,28,0
817,91,0
817,29,0
817,74,0
818,25,0
818,33,0
818,25,0
818,111,0
818,46,0
818,30,0
818,48,0
818,24,0
819,111,0
819,30,0
819,46,0
819,24,0
819,5,0
819,24,0
819,46,0
819,74,0
820,25,0
820,51,0
820,25,0
820,32,0
820,125,0
820,6,0
820,102,0
820,24,0
821,32,0
821,74,0
821,25,0
821,140,0
821,5,0
821,30,0
821,3,0
822,32,0
822,92,0
822,81,0
822,25,0
822,24,0
822,30,0
822,25,0
823,46,0
823,75,0
823,33,0
823,26,0
823,30,0
823,119,0
823,29,0
824,74,0
824,32,0
824,25,0
824,138,0
824,52,0
824,26,0
824,4,0
825,74,0
825,23,0
825,78,0
825,24,0
825,8,0
825,24,0
825,112,0
826,32,0
826,28,0
826,81,0
826,30,0
826,28,0
826,46,0
826,25,0
826,30,0
826,29,0
826,74,0
826,24,0
826,25,0
826,28,0
826,119,0
827,33,0
827,111,0
827,81,0
827,24,0
827,103,0
827,6,0
827,40,0
827,120,0
828,61,0
828,38,0
828,98,0
828,32,0
828,43,0
828,6,0
828,128,0
829,1,0
829,119,0
829,46,0
829,32,0
829,30,0
829,94,0
829,6,0
829,74,0
829,32,0
829,29,0
829,6,0
829,30,0
829,74,0
829,111,0
829,25,0
829,5,0
829,29,0
829,24,0
829,58,0
829,103,0
829,91,0
829,30,0
829,28,0
829,35,0
829,26,0
829,74,0
829,94,0
829,25,0
829,109,0
829,92,0
829,32,0
829,28,0
829,103,0
829,29,0
829,23,0
829,30,0
829,33,0
829,24,0
829,32,0
829,5,0
829,113,0
829,72,0
829,28,0
829,8,0
829,24,0
829,111,0
829,25,0
829,48,0
829,75,0
829,28,0
829,38,0
829,30,0
829,25,0
830,27,0
830,28,0
830,24,0
830,32,0
830,6,0
830,28,0
830,113,0
831,140,0
831,25,0
831,29,0
831,32,0
831,30,0
831,48,0
831,30,0
832,29,0
832,86,0
832,26,0
832,76,0
832,29,0
832,32,0
832,25,0
832,25,0
833,29,0
833,6,0
833,30,0
833,28,0
833,8,0
833,103,0
833,17,0
834,78,0
834,127,0
834,28,0
834,30,0
834,32,0
834,25,0
834,113,0
834,23,0
835,102,0
835,51,0
835,119,0
835,32,0
835,46,0
835,29,0
835,118,0
835,51,0
836,24,0
836,30,0
836,113,0
836,25,0
836,28,0
836,1,0
836,51,0
837,28,0
837,27,0
837,24,0
837,30,0
837,78,0
837,25,0
837,30,0
838,103,0
838,86,0
838,27,0
838,28,0
838,32,0
838,24,0
838,8,0
839,24,0
839,26,0
839,5,0
839,25,0
839,31,0
839,32,0
839,44,0
840,52,0
840,136,0
840,28,0
840,30,0
840,24,0
840,81,0
840,33,0
841,102,0
841,25,0
841,51,0
841,28,0
841,92,0
841,76,0
841,30,0
842,24,0
842,58,0
842,25,0
842,25,0
842,51,0
842,28,0
842,30,0
843,24,0
843,75,0
843,92,0
843,87,0
843,24,0
843,51,0
843,30,0
843,74,0
843,25,0
843,29,0
844,138,0
844,46,0
844,28,0
844,74,0
844,32,0
844,24,0
844,6,0
845,78,0
845,28,0
845,46,0
845,25,0
845,25,0
845,24,0
845,23,0
846,28,0
846,24,0
846,74,0
846,25,0
846,58,0
846,30,0
846,29,0
846,92,0
846,25,0
847,1,0
847,51,0
847,24,0
847,91,0
847,26,0
847,24,0
847,28,0
848,25,0
848,30,0
848,48,0
848,32,0
848,5,0
848,58,0
848,25,0
848,30,0
849,46,0
849,74,0
849,29,0
849,32,0
849,24,0
849,113,0
849,24,0
849,25,0
850,1,0
850,24,0
850,51,0
850,28,0
850,25,0
850,103,0
850,140,0
850,109,0
850,25,0
851,28,0
851,24,0
851,5,0
851,29,0
851,32,0
851,64,0
851,24,0
851,46,0
852,28,0
852,115,0
852,28,0
852,7,0
852,44,0
852,24,0
852,8,0
853,29,0
853,46,0
853,24,0
853,8,0
853,88,0
853,28,0
853,25,0
854,51,0
854,28,0
854,51,0
854,24,0
854,30,0
854,81,0
854,29,0
854,94,0
854,28,0
855,51,0
855,24,0
855,25,0
855,4,0
855,6,0
855,26,0
855,8,0
856,25,0
856,32,0
856,28,0
856,24,0
856,74,0
856,1,0
856,25,0
856,28,0
857,29,0
857,33,0
857,24,0
857,32,0
857,91,0
857,24,0
857,28,0
858,75,0
858,92,0
858,32,0
858,24,0
858,32,0
858,24,0
858,102,0
859,51,0
859,74,0
859,29,0
859,30,0
859,25,0
859,87,0
859,109,0
860,28,0
860,11,0
860,94,0
860,1,0
860,28,0
860,26,0
860,113,0
861,32,0
861,26,0
861,8,0
861,24,0
861,32,0
861,81,0
861,48,0
861,51,0
862,30,0
862,81,0
862,32,0
862,29,0
862,25,0
862,24,0
862,35,0
863,23,0
863,91,0
863,32,0
863,30,0
863,55,0
863,28,0
863,25,0
864,25,0
864,46,0
864,24,0
864,25,0
864,6,0
864,78,0
864,74,0
864,32,0
865,28,0
865,28,0
865,81,0
865,119,0
865,92,0
865,30,0
865,51,0
866,32,0
866,5,0
866,119,0
866,35,0
866,32,0
866,29,0
866,28,0
866,58,0
867,6,0
867,26,0
867,78,0
867,29,0
867,75,0
867,28,0
867,25,0
867,30,0
868,46,0
868,75,0
868,1,0
868,24,0
868,28,0
868,29,0
868,30,0
869,26,0
869,30,0
869,81,0
869,29,0
869,74,0
869,55,0
869,24,0
870,24,0
870,87,0
870,53,0
870,24,0
870,28,0
870,25,0
870,30,0
871,6,0
871,30,0
871,28,0
871,111,0
871,74,0
871,48,0
871,35,0
872,119,0
872,27,0
872,25,0
872,32,0
872,30,0
872,6,0
872,102,0
872,24,0
873,28,0
873,25,0
873,30,0
873,11,0
873,28,0
873,27,0
873,46,0
874,74,0
874,93,0
874,26,0
874,25,0
874,29,0
874,74,0
874,24,0
875,25,0
875,25,0
875,85,0
875,25,0
875,81,0
875,119,0
875,115,0
876,28,0
876,32,0
876,25,0
876,30,0
876,64,0
876,74,0
876,30,0
877,32,0
877,75,0
877,24,0
877,1,0
877,30,0
877,29,0
877,48,0
877,51,0
877,26,0
877,30,0
877,28,0
877,29,0
877,24,0
877,11,0
878,26,0
878,28,0
878,30,0
878,32,0
878,25,0
878,51,0
878,78,0
878,28,0
878,24,0
878,5,0
878,29,0
879,87,0
879,30,0
879,27,0
879,46,0
879,81,0
879,11,0
879,25,0
880,140,0
880,30,0
880,28,0
880,29,0
880,5,0
880,35,0
880,26,0
881,24,0
881,91,0
881,28,0
881,29,0
881,75,0
881,30,0
881,27,0
882,127,0
882,112,0
882,29,0
882,113,0
882,58,0
882,11,0
882,32,0
883,37,0
883,1,0
883,91,0
883,65,0
883,30,0
883,98,0
883,152,0
884,38,0
884,35,0
884,6,0
884,40,0
884,77,0
884,142,0
884,32,0
885,41,0
885,32,0
885,42,0
885,67,0
885,6,0
885,28,0
885,100,0
885,43,0
886,78,0
886,25,0
886,129,0
886,76,0
886,89,0
886,46,0
886,68,0
887,48,0
887,87,0
887,24,0
887,52,0
887,92,0
887,25,0
887,113,0
888,103,0
888,24,0
888,28,0
888,103,0
888,93,0
888,150,0
888,26,0
888,27,0
889,25,0
889,74,0
889,28,0
889,11,0
889,6,0
889,106,0
889,25,0
889,28,0
889,29,0
889,30,0
889,24,0
889,6,0
889,113,0
889,74,0
889,6,0
889,24,0
889,51,0
889,74,0
889,55,0
889,29,0
889,30,0
889,24,0
889,35,0
889,109,0
889,113,0
889,92,0
889,29,0
889,25,0
889,27,0
889,81,0
889,25,0
889,28,0
889,74,0
889,29,0
889,88,0
889,91,0
889,25,0
889,115,0
889,32,0
889,29,0
889,94,0
890,28,0
890,51,0
890,25,0
890,102,0
890,86,0
890,87,0
890,109,0
891,138,0
891,46,0
891,30,0
891,29,0
891,25,0
891,25,0
891,24,0
892,30,0
892,25,0
892,28,0
892,46,0
892,24,0
892,35,0
892,94,0
893,46,0
893,75,0
893,72,0
893,23,0
893,26,0
893,28,0
893,24,0
894,75,0
894,28,0
894,27,0
894,25,0
894,24,0
894,29,0
894,103,0
894,29,0
894,6,0
894,25,0
894,28,0
894,74,0
894,92,0
894,6,0
895,30,0
895,28,0
895,24,0
895,25,0
895,29,0
895,93,0
895,106,0
895,30,0
896,25,0
896,28,0
896,74,0
896,29,0
896,32,0
896,25,0
896,6,0
897,63,0
897,111,0
897,78,0
897,46,0
897,30,0
897,87,0
897,5,0
898,119,0
898,26,0
898,28,0
898,32,0
898,24,0
898,35,0
898,119,0
899,53,0
899,26,0
899,113,0
899,32,0
899,24,0
899,30,0
899,35,0
900,32,0
900,26,0
900,23,0
900,102,0
900,81,0
900,28,0
900,24,0
901,24,0
901,52,0
901,28,0
901,30,0
901,29,0
901,103,0
901,32,0
901,30,0
901,32,0
902,1,0
902,32,0
902,58,0
902,30,0
902,30,0
902,38,0
902,6,0
903,60,0
903,40,0
903,67,0
903,79,0
903,4,0
903,41,0
903,25,0
904,80,0
904,69,0
904,85,0
904,46,0
904,89,0
904,74,0
904,30,0
905,48,0
905,25,0
905,84,0
905,72,0
905,76,0
905,28,0
905,27,0
906,24,0
906,25,0
906,32,0
906,30,0
906,29,0
906,28,0
906,24,0
907,23,0
907,30,0
907,32,0
907,87,0
907,24,0
907,26,0
907,81,0
908,25,0
908,32,0
908,24,0
908,51,0
908,109,0
908,76,0
908,30,0
909,32,0
909,25,0
909,25,0
909,111,0
909,24,0
909,64,0
909,28,0
910,35,0
910,46,0
910,30,0
910,1,0
910,26,0
910,28,0
910,24,0
911,25,0
911,30,0
911,35,0
911,26,0
911,28,0
911,25,0
911,74,0
912,81,0
912,6,0
912,28,0
912,30,0
912,25,0
912,46,0
912,81,0
913,29,0
913,24,0
913,28,0
913,81,0
913,145,0
913,24,0
913,25,0
914,51,0
914,24,0
914,6,0
914,29,0
914,28,0
914,74,0
914,25,0
915,111,0
915,30,0
915,29,0
915,35,0
915,32,0
915,24,0
915,81,0
916,24,0
916,81,0
916,32,0
916,30,0
916,27,0
916,33,0
916,29,0
917,28,0
917,24,0
917,30,0
917,28,0
917,28,0
917,6,0
917,25,0
917,26,0
917,24,0
917,29,0
917,32,0
917,25,0
917,30,0
917,27,0
917,25,0
917,46,0
917,24,0
917,32,0
917,30,0
917,28,0
917,24,0
917,1,0
917,32,0
917,23,0
917,25,0
917,28,0
917,29,0
917,23,0
918,24,0
918,26,0
918,111,0
918,31,0
918,5,0
918,32,0
918,24,0
918,33,0
919,3,0
919,6,0
919,64,0
919,24,0
919,29,0
919,30,0
919,3,0
919,25,0
920,46,0
920,81,0
920,1,0
920,73,0
920,102,0
920,81,0
920,35,0
921,46,0
921,26,0
921,30,0
921,81,0
921,76,0
921,25,0
921,31,0
922,32,0
922,30,0
922,58,0
922,87,0
922,109,0
922,8,0
922,30,0
922,74,0
922,24,0
923,32,0
923,30,0
923,27,0
923,28,0
923,74,0
923,11,0
923,94,0
924,119,0
924,30,0
924,29,0
924,28,0
924,11,0
924,25,0
924,75,0
924,102,0
925,24,0
925,11,0
925,46,0
925,25,0
925,28,0
925,46,0
925,25,0
926,27,0
926,32,0
926,111,0
926,30,0
926,51,0
926,52,0
926,26,0
927,25,0
927,28,0
927,32,0
927,58,0
927,93,0
927,24,0
927,28,0
928,30,0
928,46,0
928,74,0
928,25,0
928,94,0
928,26,0
928,28,0
929,81,0
929,52,0
929,29,0
929,74,0
929,109,0
929,54,0
929,30,0
930,24,0
930,28,0
930,63,0
930,24,0
930,32,0
930,30,0
930,74,0
930,25,0
931,109,0
931,28,0
931,119,0
931,111,0
931,4,0
931,75,0
931,24,0
931,30,0
931,81,0
932,28,0
932,46,0
932,88,0
932,74,0
932,24,0
932,26,0
932,25,0
933,28,0
933,30,0
933,74,0
933,24,0
933,92,0
933,115,0
933,30,0
934,81,0
934,25,0
934,91,0
934,28,0
934,29,0
934,32,0
934,75,0
935,30,0
935,28,0
935,8,0
935,26,0
935,81,0
935,24,0
935,30,0
936,4,0
936,119,0
936,30,0
936,32,0
936,24,0
936,29,0
936,92,0
937,74,0
937,58,0
937,27,0
937,28,0
937,30,0
937,24,0
937,1,0
937,24,0
937,28,0
937,111,0
937,113,0
938,25,0
938,29,0
938,24,0
938,76,0
938,28,0
938,30,0
938,46,0
939,29,0
939,25,0
939,63,0
939,30,0
939,24,0
939,51,0
939,81,0
940,32,0
940,25,0
940,103,0
940,8,0
940,28,0
940,35,0
940,25,0
941,6,0
941,46,0
941,32,0
941,93,0
941,24,0
941,30,0
941,28,0
941,74,0
941,75,0
941,25,0
941,8,0
941,29,0
941,11,0
941,32,0
941,24,0
941,75,0
941,5,0
941,24,0
941,54,0
942,25,0
942,28,0
942,30,0
942,74,0
942,30,0
942,111,0
942,30,0
943,24,0
943,23,0
943,28,0
943,27,0
943,30,0
943,81,0
943,25,0
944,93,0
944,81,0
944,25,0
944,32,0
944,24,0
944,112,0
944,29,0
945,24,0
945,51,0
945,23,0
945,78,0
945,76,0
945,5,0
945,32,0
946,30,0
946,74,0
946,75,0
946,29,0
946,23,0
946,24,0
946,25,0
947,103,0
947,58,0
947,28,0
947,51,0
947,32,0
947,78,0
947,74,0
948,73,0
948,91,0
948,24,0
948,29,0
948,87,0
948,26,0
948,53,0
949,119,0
949,28,0
949,11,0
949,23,0
949,27,0
949,46,0
949,118,0
950,52,0
950,28,0
950,6,0
950,119,0
950,115,0
950,8,0
950,46,0
951,24,0
951,25,0
951,5,0
951,25,0
951,28,0
951,24,0
951,74,0
951,29,0
951,33,0
952,24,0
952,46,0
952,109,0
952,28,0
952,30,0
952,51,0
952,1,0
953,30,0
953,76,0
953,46,0
953,74,0
953,32,0
953,25,0
953,28,0
954,24,0
954,8,0
954,28,0
954,25,0
954,29,0
954,5,0
954,24,0
954,58,0
955,26,0
955,24,0
955,30,0
955,32,0
955,29,0
955,28,0
955,81,0
956,26,0
956,24,0
956,32,0
956,46,0
956,24,0
956,1,0
956,28,0
957,76,0
957,111,0
957,29,0
957,103,0
957,1,0
957,24,0
957,51,0
958,28,0
958,5,0
958,32,0
958,109,0
958,30,0
958,76,0
958,3,0
959,32,0
959,25,0
959,24,0
959,48,0
959,29,0
959,1,0
959,28,0
960,78,0
960,76,0
960,24,0
960,32,0
960,48,0
960,25,0
960,51,0
960,30,0
960,29,0
960,28,0
960,5,0
961,93,0
961,1,0
961,51,0
961,24,0
961,28,0
961,30,0
961,81,0
962,75,0
962,24,0
962,30,0
962,46,0
962,35,0
962,28,0
962,111,0
963,6,0
963,26,0
963,28,0
963,30,0
963,24,0
963,25,0
963,24,0
964,6,0
964,24,0
964,51,0
964,32,0
964,75,0
964,48,0
964,24,0
965,30,0
965,91,0
965,5,0
965,25,0
965,123,0
965,46,0
965,30,0
966,32,0
966,24,0
966,91,0
966,24,0
966,46,0
966,58,0
966,23,0
967,51,0
967,28,0
967,113,0
967,11,0
967,32,0
967,28,0
967,25,0
968,24,0
968,23,0
968,28,0
968,25,0
968,26,0
968,24,0
968,74,0
969,51,0
969,87,0
969,150,0
969,109,0
969,92,0
969,32,0
969,25,0
970,28,0
970,29,0
970,25,0
970,46,0
970,28,0
970,33,0
970,87,0
970,25,0
971,28,0
971,24,0
971,27,0
971,26,0
971,28,0
971,35,0
971,48,0
971,81,0
971,86,0
971,6,0
971,28,0
972,26,0
972,32,0
972,103,0
972,23,0
972,1,0
972,51,0
972,119,0
972,74,0
973,28,0
973,25,0
973,94,0
973,46,0
973,30,0
973,72,0
973,1,0
974,28,0
974,24,0
974,11,0
974,5,0
974,74,0
974,87,0
974,23,0
975,63,0
975,46,0
975,25,0
975,32,0
975,24,0
975,30,0
975,78,0
976,81,0
976,24,0
976,25,0
976,74,0
976,32,0
976,30,0
976,29,0
977,58,0
977,51,0
977,87,0
977,24,0
977,8,0
977,28,0
977,25,0
978,32,0
978,81,0
978,6,0
978,78,0
978,63,0
978,87,0
978,26,0
979,28,0
979,30,0
979,102,0
979,6,0
979,74,0
979,81,0
979,55,0
980,92,0
980,14,0
980,9,0
980,6,0
980,21,0
980,1,0
980,12,0
981,11,0
981,90,0
981,28,0
981,6,0
981,24,0
981,26,0
981,25,0
981,136,0
981,119,0
981,53,0
981,8,0
982,27,0
982,3,0
982,88,0
982,74,0
982,46,0
982,24,0
982,32,0
982,30,0
982,29,0
983,75,0
983,24,0
983,58,0
983,103,0
983,96,0
983,32,0
983,32,0
984,153,0
984,38,0
984,40,0
984,41,0
984,44,0
984,79,0
984,7,0
985,25,0
985,130,0
985,30,0
985,2,0
985,64,0
985,63,0
985,6,0
986,1,0
986,28,0
986,25,0
986,29,0
986,74,0
986,88,0
986,125,0
987,26,0
987,74,0
987,32,0
987,24,0
987,29,0
987,28,0
987,64,0
988,73,0
988,81,0
988,26,0
988,24,0
988,28,0
988,103,0
988,87,0
989,109,0
989,51,0
989,119,0
989,25,0
989,30,0
989,74,0
989,81,0
990,26,0
990,24,0
990,29,0
990,11,0
990,30,0
990,25,0
990,30,0
991,29,0
991,1,0
991,24,0
991,46,0
991,75,0
991,25,0
991,28,0
992,24,0
992,46,0
992,81,0
992,28,0
992,29,0
992,136,0
992,78,0
993,24,0
993,29,0
993,26,0
993,81,0
993,25,0
993,24,0
993,32,0
994,30,0
994,23,0
994,106,0
994,119,0
994,25,0
994,32,0
994,93,0
995,29,0
995,28,0
995,24,0
995,74,0
995,48,0
995,113,0
995,81,0
996,145,0
996,25,0
996,8,0
996,24,0
996,32,0
996,30,0
996,29,0
997,58,0
997,81,0
997,51,0
997,109,0
997,24,0
997,25,0
997,32,0
998,30,0
998,74,0
998,6,0
998,81,0
998,28,0
998,29,0
998,24,0
999,48,0
999,6,0
999,24,0
999,32,0
999,30,0
999,25,0
999,28,0
1000,81,0
1000,55,0
1000,24,0
1000,92,0
1000,74,0
1000,24,0
1000,25,0
1000,90,0
1001,28,0
1001,8,0
1001,30,0
1001,26,0
1001,27,0
1001,114,0
1001,28,0
1001,81,0
1002,46,0
1002,28,0
1002,51,0
1002,24,0
1002,91,0
1002,5,0
1002,25,0
1002,102,0
1002,52,0
1002,119,0
1003,28,0
1003,26,0
1003,74,0
1003,30,0
1003,30,0
1003,81,0
1003,26,0
1004,8,0
1004,24,0
1004,32,0
1004,28,0
1004,25,0
1004,30,0
1004,32,0
1004,46,0
1004,24,0
1005,28,0
1005,29,0
1005,26,0
1005,58,0
1005,1,0
1005,74,0
1005,24,0
1006,87,0
1006,63,0
1006,30,0
1006,33,0
1006,25,0
1006,51,0
1006,8,0
1007,74,0
1007,32,0
1007,29,0
1007,94,0
1007,72,0
1007,87,0
1007,46,0
1008,30,0
1008,81,0
1008,25,0
1008,102,0
1008,125,0
1008,102,0
1008,26,0
1009,63,0
1009,25,0
1009,30,0
1009,29,0
1009,32,0
1009,1,0
1009,92,0
1010,81,0
1010,3,0
1010,29,0
1010,32,0
1010,2,0
1010,6,0
1010,111,0
1011,28,0
1011,25,0
1011,32,0
1011,5,0
1011,73,0
1011,92,0
1011,35,0
1011,30,0
1011,113,0
1011,24,0
1012,26,0
1012,28,0
1012,25,0
1012,28,0
1012,27,0
1012,25,0
1012,24,0
1012,74,0
1013,32,0
1013,23,0
1013,91,0
1013,1,0
1013,102,0
1013,119,0
1013,26,0
1014,88,0
1014,28,0
1014,29,0
1014,24,0
1014,51,0
1014,5,0
1014,28,0
1015,25,0
1015,30,0
1015,55,0
1015,6,0
1015,25,0
1015,76,0
1015,28,0
1016,24,0
1016,28,0
1016,30,0
1016,24,0
1016,74,0
1016,29,0
1016,32,0
1016,6,0
1017,51,0
1017,24,0
1017,32,0
1017,25,0
1017,28,0
1017,29,0
1017,30,0
1017,75,0
1018,81,0
1018,1,0
1018,27,0
1018,28,0
1018,111,0
1018,25,0
1018,30,0
1019,32,0
1019,24,0
1019,30,0
1019,28,0
1019,8,0
1019,29,0
1019,46,0
1020,29,0
1020,145,0
1020,30,0
1020,29,0
1020,31,0
1020,1,0
1020,25,0
1021,26,0
1021,88,0
1021,32,0
1021,111,0
1021,74,0
1021,6,0
1021,109,0
1022,32,0
1022,24,0
1022,74,0
1022,51,0
1022,25,0
1022,58,0
1022,30,0
1023,140,0
1023,87,0
1023,24,0
1023,23,0
1023,111,0
1023,30,0
1023,25,0
1024,5,0
1024,87,0
1024,25,0
1024,27,0
1024,30,0
1024,29,0
1024,32,0
1025,46,0
1025,25,0
1025,30,0
1025,75,0
1025,11,0
1025,119,0
1025,29,0
1025,32,0
1026,74,0
1026,25,0
1026,24,0
1026,64,0
1026,24,0
1026,91,0
1026,24,0
1027,28,0
1027,24,0
1027,30,0
1027,29,0
1027,23,0
1027,35,0
1027,30,0
1027,28,0
1028,46,0
1028,1,0
1028,26,0
1028,24,0
1028,102,0
1028,8,0
1028,32,0
1029,103,0
1029,25,0
1029,30,0
1029,25,0
1029,24,0
1029,46,0
1029,63,0
1030,24,0
1030,8,0
1030,30,0
1030,28,0
1030,51,0
1030,7,0
1030,102,0
1031,28,0
1031,25,0
1031,74,0
1031,29,0
1031,48,0
1031,1,0
1031,28,0
1032,24,0
1032,5,0
1032,25,0
1032,30,0
1032,50,0
1032,24,0
1032,28,0
1032,88,0
1033,30,0
1033,29,0
1033,1,0
1033,25,0
1033,24,0
1033,5,0
1033,28,0
1034,74,0
1034,30,0
1034,58,0
1034,26,0
1034,27,0
1034,29,0
1034,6,0
1034,102,0
1034,26,0
1035,25,0
1035,24,0
1035,32,0
1035,5,0
1035,25,0
1035,30,0
1035,24,0
1036,24,0
1036,1,0
1036,35,0
1036,102,0
1036,28,0
1036,48,0
1036,27,0
1037,30,0
1037,25,0
1037,29,0
1037,32,0
1037,48,0
1037,92,0
1037,87,0
1038,23,0
1038,25,0
1038,24,0
1038,46,0
1038,48,0
1038,32,0
1038,24,0
1039,46,0
1039,51,0
1039,25,0
1039,32,0
1039,30,0
1039,33,0
1039,11,0
1040,1,0
1040,24,0
1040,28,0
1040,25,0
1040,46,0
1040,24,0
1040,6,0
1040,74,0
1041,6,0
1041,92,0
1041,30,0
1041,28,0
1041,74,0
1041,25,0
1041,75,0
1042,119,0
1042,26,0
1042,111,0
1042,78,0
1042,1,0
1042,76,0
1042,32,0
1043,25,0
1043,28,0
1043,64,0
1043,26,0
1043,1,0
1043,74,0
1043,30,0
1044,55,0
1044,25,0
1044,6,0
1044,73,0
1044,25,0
1044,28,0
1044,31,0
1045,30,0
1045,48,0
1045,28,0
1045,51,0
1045,30,0
1045,74,0
1045,113,0
1046,48,0
1046,25,0
1046,5,0
1046,25,0
1046,26,0
1046,32,0
1046,31,0
1047,24,0
1047,24,0
1047,29,0
1047,6,0
1047,46,0
1047,102,0
1047,109,0
1048,25,0
1048,35,0
1048,58,0
1048,91,0
1048,11,0
1048,25,0
1048,46,0
1048,30,0
1049,28,0
1049,24,0
1049,48,0
1049,25,0
1049,24,0
1049,26,0
1049,28,0
1050,25,0
1050,11,0
1050,30,0
1050,4,0
1050,32,0
1050,28,0
1050,24,0
1051,5,0
1051,6,0
1051,28,0
1051,46,0
1051,32,0
1051,48,0
1051,24,0
1052,81,0
1052,28,0
1052,24,0
1052,46,0
1052,53,0
1052,25,0
1052,58,0
1052,29,0
1053,25,0
1053,46,0
1053,35,0
1053,30,0
1053,6,0
1053,26,0
1053,119,0
1054,29,0
1054,33,0
1054,58,0
1054,93,0
1054,81,0
1054,51,0
1054,28,0
1054,88,0
1055,24,0
1055,30,0
1055,48,0
1055,6,0
1055,24,0
1055,1,0
1055,23,0
1056,106,0
1056,25,0
1056,119,0
1056,28,0
1056,30,0
1056,88,0
1056,74,0
1057,46,0
1057,29,0
1057,58,0
1057,32,0
1057,25,0
1057,5,0
1057,48,0
1058,93,0
1058,30,0
1058,32,0
1058,32,0
1058,51,0
1058,35,0
1058,59,0
1058,30,0
1058,30,0
1058,30,0
1058,98,0
1058,38,0
1058,102,0
1058,40,0
1058,99,0
1058,67,0
1058,43,0
1058,137,0
1058,47,0
1058,79,0
1058,80,0
1058,78,0
1058,41,0
1058,81,0
1058,129,0
1058,68,0
1058,25,0
1058,89,0
1058,25,0
1058,38,0
1058,9,0
1058,84,0
1058,24,0
1058,26,0
1058,6,0
1058,28,0
1058,25,0
1058,29,0
1058,32,0
1058,5,0
1058,3,0
1058,30,0
1058,81,0
1058,25,0
1059,24,0
1059,28,0
1059,29,0
1059,4,0
1059,52,0
1059,46,0
1059,25,0
1060,28,0
1060,74,0
1060,30,0
1060,29,0
1060,30,0
1060,25,0
1060,111,0
1061,32,0
1061,28,0
1061,75,0
1061,24,0
1061,28,0
1061,26,0
1061,3,0
1062,29,0
1062,29,0
1062,23,0
1062,28,0
1062,30,0
1062,29,0
1062,24,0
1063,25,0
1063,24,0
1063,26,0
1063,29,0
1063,6,0
1063,51,0
1063,27,0
1064,29,0
1064,5,0
1064,8,0
1064,93,0
1064,11,0
1064,51,0
1064,30,0
1064,28,0
1065,76,0
1065,29,0
1065,32,0
1065,24,0
1065,28,0
1065,52,0
1065,35,0
1065,8,0
1065,25,0
1066,28,0
1066,111,0
1066,6,0
1066,102,0
1066,87,0
1066,24,0
1066,3,0
1067,46,0
1067,3,0
1067,32,0
1067,24,0
1067,24,0
1067,28,0
1067,8,0
1068,1,0
1068,24,0
1068,28,0
1068,115,0
1068,29,0
1068,27,0
1068,74,0
1068,51,0
1068,25,0
1068,81,0
1068,28,0
1068,32,0
1068,30,0
1069,48,0
1069,75,0
1069,6,0
1069,24,0
1069,29,0
1069,6,0
1069,32,0
1070,115,0
1070,103,0
1070,93,0
1070,26,0
1070,8,0
1070,6,0
1070,25,0
1070,26,0
1071,28,0
1071,4,0
1071,24,0
1071,29,0
1071,28,0
1071,35,0
1071,51,0
1071,25,0
1072,119,0
1072,24,0
1072,6,0
1072,24,0
1072,63,0
1072,46,0
1072,28,0
1073,4,0
1073,94,0
1073,30,0
1073,46,0
1073,119,0
1073,28,0
1073,25,0
1074,32,0
1074,52,0
1074,30,0
1074,26,0
1074,76,0
1074,25,0
1074,32,0
1075,24,0
1075,30,0
1075,24,0
1075,23,0
1075,102,0
1075,87,0
1075,24,0
1075,74,0
1075,28,0
1076,78,0
1076,90,0
1076,26,0
1076,30,0
1076,25,0
1076,5,0
1076,28,0
1077,32,0
1077,24,0
1077,51,0
1077,28,0
1077,24,0
1077,23,0
1077,30,0
1077,102,0
1078,51,0
1078,28,0
1078,25,0
1078,24,0
1078,111,0
1078,48,0
1078,28,0
1078,24,0
1079,26,0
1079,32,0
1079,75,0
1079,30,0
1079,26,0
1079,32,0
1079,28,0
1079,6,0
1080,102,0
1080,26,0
1080,30,0
1080,29,0
1080,81,0
1080,64,0
1080,30,0
1081,28,0
1081,46,0
1081,52,0
1081,25,0
1081,48,0
1081,30,0
1081,23,0
1082,24,0
1082,26,0
1082,28,0
1082,25,0
1082,25,0
1082,28,0
1082,111,0
1083,48,0
1083,90,0
1083,25,0
1083,30,0
1083,29,0
1083,32,0
1083,24,0
1084,111,0
1084,119,0
1084,24,0
1084,93,0
1084,24,0
1084,78,0
1084,28,0
1085,63,0
1085,24,0
1085,29,0
1085,87,0
1085,91,0
1085,54,0
1085,30,0
1086,74,0
1086,115,0
1086,2,0
1086,24,0
1086,8,0
1086,26,0
1086,30,0
1086,25,0
1086,32,0
1086,24,0
1086,17,0
1086,24,0
1086,30,0
1087,91,0
1087,28,0
1087,25,0
1087,58,0
1087,28,0
1087,30,0
1087,23,0
1088,46,0
1088,25,0
1088,28,0
1088,24,0
1088,87,0
1088,90,0
1088,87,0
1089,26,0
1089,109,0
1089,25,0
1089,28,0
1089,51,0
1089,5,0
1089,25,0
1089,26,0
1089,127,0
1090,88,0
1090,93,0
1090,24,0
1090,51,0
1090,6,0
1090,63,0
1090,91,0
1091,26,0
1091,30,0
1091,32,0
1091,74,0
1091,51,0
1091,30,0
1091,28,0
1092,8,0
1092,81,0
1092,6,0
1092,44,0
1092,26,0
1092,54,0
1092,27,0
1092,32,0
1093,30,0
1093,26,0
1093,25,0
1093,28,0
1093,51,0
1093,109,0
1093,25,0
1094,29,0
1094,24,0
1094,32,0
1094,63,0
1094,28,0
1094,6,0
1094,25,0
1094,81,0
1095,32,0
1095,6,0
1095,25,0
1095,28,0
1095,88,0
1095,26,0
1095,23,0
1096,24,0
1096,28,0
1096,26,0
1096,29,0
1096,30,0
1096,32,0
1096,114,0
1097,87,0
1097,6,0
1097,92,0
1097,81,0
1097,74,0
1097,48,0
1097,28,0
1098,91,0
1098,51,0
1098,109,0
1098,74,0
1098,113,0
1098,48,0
1098,6,0
1099,63,0
1099,51,0
1099,30,0
1099,24,0
1099,32,0
1099,93,0
1099,17,0
1100,87,0
1100,46,0
1100,27,0
1100,28,0
1100,25,0
1100,75,0
1100,17,0
1101,87,0
1101,25,0
1101,26,0
1101,78,0
1101,81,0
1101,28,0
1101,6,0
1102,26,0
1102,119,0
1102,35,0
1102,29,0
1102,30,0
1102,35,0
1102,6,0
1103,28,0
1103,46,0
1103,81,0
1103,123,0
1103,74,0
1103,114,0
1103,23,0
1104,51,0
1104,27,0
1104,88,0
1104,29,0
1104,32,0
1104,24,0
1104,118,0
1105,35,0
1105,6,0
1105,28,0
1105,24,0
1105,26,0
1105,32,0
1105,29,0
1106,25,0
1106,30,0
1106,92,0
1106,48,0
1106,32,0
1106,51,0
1106,75,0
1106,150,0
1107,1,0
1107,26,0
1107,25,0
1107,24,0
1107,32,0
1107,103,0
1107,24,0
1108,28,0
1108,102,0
1108,8,0
1108,92,0
1108,58,0
1108,87,0
1108,30,0
1108,27,0
1109,123,0
1109,74,0
1109,24,0
1109,25,0
1109,29,0
1109,90,0
1109,51,0
1110,23,0
1110,25,0
1110,28,0
1110,3,0
1110,64,0
1110,6,0
1110,25,0
1111,51,0
1111,28,0
1111,24,0
1111,30,0
1111,48,0
1111,24,0
1111,28,0
1112,30,0
1112,46,0
1112,74,0
1112,81,0
1112,32,0
1112,91,0
1112,46,0
1113,30,0
1113,24,0
1113,28,0
1113,32,0
1113,25,0
1113,88,0
1113,28,0
1114,30,0
1114,75,0
1114,25,0
1114,30,0
1114,28,0
1114,1,0
1114,35,0
1115,25,0
1115,28,0
1115,6,0
1115,25,0
1115,28,0
1115,24,0
1115,29,0
1115,30,0
1116,74,0
1116,25,0
1116,27,0
1116,28,0
1116,26,0
1116,30,0
1116,32,0
1117,140,0
1117,26,0
1117,25,0
1117,52,0
1117,28,0
1117,81,0
1117,32,0
1118,141,0
1118,6,0
1118,24,0
1118,30,0
1118,28,0
1118,32,0
1118,74,0
1119,51,0
1119,28,0
1119,25,0
1119,74,0
1119,32,0
1119,28,0
1119,24,0
1120,25,0
1120,29,0
1120,30,0
1120,6,0
1120,51,0
1120,102,0
1120,28,0
1121,30,0
1121,24,0
1121,81,0
1121,26,0
1121,28,0
1121,29,0
1121,25,0
1121,58,0
1122,24,0
1122,28,0
1122,111,0
1122,29,0
1122,75,0
1122,51,0
1122,81,0
1123,30,0
1123,24,0
1123,32,0
1123,25,0
1123,28,0
1123,23,0
1123,24,0
1124,54,0
1124,92,0
1124,31,0
1124,32,0
1124,25,0
1124,24,0
1124,3,0
1124,28,0
1124,111,0
1125,25,0
1125,48,0
1125,6,0
1125,24,0
1125,46,0
1125,28,0
1125,25,0
1125,32,0
1126,24,0
1126,32,0
1126,48,0
1126,29,0
1126,25,0
1126,23,0
1126,119,0
1127,25,0
1127,28,0
1127,103,0
1127,24,0
1127,6,0
1127,25,0
1127,24,0
1128,6,0
1128,25,0
1128,27,0
1128,32,0
1128,29,0
1128,90,0
1128,51,0
1128,6,0
1129,28,0
1129,25,0
1129,4,0
1129,6,0
1129,109,0
1129,127,0
1129,29,0
1130,32,0
1130,74,0
1130,1,0
1130,51,0
1130,24,0
1130,32,0
1130,29,0
1131,5,0
1131,25,0
1131,28,0
1131,28,0
1131,35,0
1131,30,0
1131,27,0
1132,74,0
1132,24,0
1132,87,0
1132,53,0
1132,46,0
1132,28,0
1132,4,0
1133,23,0
1133,24,0
1133,88,0
1133,25,0
1133,48,0
1133,1,0
1133,51,0
1133,32,0
1133,30,0
1134,28,0
1134,94,0
1134,23,0
1134,25,0
1134,11,0
1134,46,0
1134,28,0
1135,32,0
1135,24,0
1135,25,0
1135,30,0
1135,90,0
1135,24,0
1135,11,0
1136,26,0
1136,3,0
1136,74,0
1136,24,0
1136,30,0
1136,6,0
1136,24,0
1137,32,0
1137,46,0
1137,25,0
1137,48,0
1137,30,0
1137,8,0
1137,32,0
1138,75,0
1138,24,0
1138,51,0
1138,6,0
1138,54,0
1138,32,0
1138,111,0
1139,29,0
1139,3,0
1139,29,0
1139,46,0
1139,4,0
1139,48,0
1139,25,0
1140,86,0
1140,28,0
1140,8,0
1140,29,0
1140,125,0
1140,6,0
1140,26,0
1141,32,0
1141,30,0
1141,29,0
1141,140,0
1141,11,0
1141,109,0
1141,28,0
1141,29,0
1142,46,0
1142,94,0
1142,17,0
1142,118,0
1142,24,0
1142,28,0
1142,30,0
1143,38,0
1143,28,0
1143,29,0
1143,24,0
1143,24,0
1143,78,0
1143,25,0
1144,6,0
1144,28,0
1144,25,0
1144,111,0
1144,24,0
1144,30,0
1144,51,0
1144,28,0
1145,29,0
1145,30,0
1145,63,0
1145,24,0
1145,11,0
1145,46,0
1145,30,0
1145,32,0
1145,28,0
1146,31,0
1146,25,0
1146,6,0
1146,26,0
1146,28,0
1146,27,0
1146,25,0
1147,24,0
1147,30,0
1147,24,0
1147,6,0
1147,119,0
1147,28,0
1147,74,0
1148,30,0
1148,48,0
1148,33,0
1148,86,0
1148,73,0
1148,25,0
1148,28,0
1148,29,0
1149,25,0
1149,93,0
1149,28,0
1149,27,0
1149,29,0
1149,30,0
1149,58,0
1150,87,0
1150,24,0
1150,3,0
1150,31,0
1150,28,0
1150,29,0
1150,28,0
1151,24,0
1151,52,0
1151,28,0
1151,25,0
1151,26,0
1151,88,0
1151,30,0
1151,1,0
1151,30,0
1152,29,0
1152,32,0
1152,90,0
1152,26,0
1152,25,0
1152,52,0
1152,78,0
1153,28,0
1153,24,0
1153,24,0
1153,1,0
1153,26,0
1153,76,0
1153,81,0
1154,28,0
1154,24,0
1154,32,0
1154,102,0
1154,24,0
1154,112,0
1154,111,0
1155,102,0
1155,119,0
1155,24,0
1155,29,0
1155,28,0
1155,26,0
1155,119,0
1155,24,0
1155,24,0
1155,28,0
1155,24,0
1155,24,0
1155,8,0
1156,29,0
1156,24,0
1156,46,0
1156,1,0
1156,140,0
1156,24,0
1156,26,0
1157,27,0
1157,76,0
1157,32,0
1157,6,0
1157,119,0
1157,90,0
1157,106,0
1158,6,0
1158,30,0
1158,28,0
1158,3,0
1158,25,0
1158,24,0
1158,28,0
1159,48,0
1159,46,0
1159,25,0
1159,30,0
1159,24,0
1159,6,0
1159,81,0
1159,28,0
1160,76,0
1160,30,0
1160,5,0
1160,32,0
1160,24,0
1160,29,0
1160,6,0
1160,24,0
1160,30,0
1160,32,0
1160,26,0
1160,109,0
1160,28,0
1160,73,0
1160,28,0
1160,28,0
1160,23,0
1160,106,0
1160,25,0
1160,24,0
1160,58,0
1160,94,0
1160,92,0
1160,24,0
1160,30,0
1160,24,0
1160,30,0
1160,24,0
1160,5,0
1160,51,0
1160,30,0
1160,28,0
1160,111,0
1160,25,0
1160,48,0
1160,73,0
1160,23,0
1160,25,0
1161,35,0
1161,76,0
1161,24,0
1161,30,0
1161,102,0
1161,24,0
1161,74,0
1161,81,0
1162,25,0
1162,103,0
1162,86,0
1162,27,0
1162,28,0
1162,24,0
1162,32,0
1163,30,0
1163,4,0
1163,1,0
1163,28,0
1163,30,0
1163,26,0
1163,29,0
1164,81,0
1164,87,0
1164,26,0
1164,6,0
1164,25,0
1164,29,0
1164,6,0
1165,145,0
1165,35,0
1165,24,0
1165,28,0
1165,29,0
1165,32,0
1165,38,0
1166,1,0
1166,60,0
1166,105,0
1166,43,0
1166,6,0
1166,67,0
1166,45,0
1167,117,0
1167,89,0
1167,106,0
1167,80,0
1167,25,0
1167,30,0
1167,46,0
1168,9,0
1168,30,0
1168,38,0
1168,130,0
1168,74,0
1168,30,0
1168,102,0
1169,72,0
1169,23,0
1169,28,0
1169,115,0
1169,24,0
1169,11,0
1169,32,0
1170,30,0
1170,32,0
1170,110,0
1170,1,0
1170,96,0
1170,83,0
1170,30,0
1171,32,0
1171,30,0
1171,40,0
1171,37,0
1171,59,0
1171,6,0
1171,66,0
1171,38,0
1171,97,0
1171,136,0
1171,108,0
1172,132,0
1172,151,0
1172,6,0
1172,42,0
1172,146,0
1172,75,0
1172,118,0
1172,68,0
1173,25,0
1173,25,0
1173,80,0
1173,30,0
1173,89,0
1173,47,0
1173,76,0
1174,46,0
1174,3,0
1174,48,0
1174,90,0
1174,28,0
1174,46,0
1174,24,0
1174,75,0
1174,28,0
1174,25,0
1174,23,0
1175,25,0
1175,26,0
1175,28,0
1175,24,0
1175,30,0
1175,29,0
1175,32,0
1176,24,0
1176,6,0
1176,24,0
1176,26,0
1176,76,0
1176,74,0
1176,30,0
1177,23,0
1177,24,0
1177,54,0
1177,26,0
1177,28,0
1177,30,0
1177,25,0
1177,87,0
1178,6,0
1178,51,0
1178,25,0
1178,24,0
1178,31,0
1178,32,0
1178,27,0
1179,30,0
1179,35,0
1179,110,0
1179,37,0
1179,1,0
1179,32,0
1179,32,0
1179,30,0
1179,38,0
1180,102,0
1180,115,0
1180,148,0
1180,60,0
1180,152,0
1180,41,0
1180,67,0
1181,50,0
1181,46,0
1181,12,0
1181,79,0
1181,89,0
1181,76,0
1181,47,0
1182,80,0
1182,69,0
1182,3,0
1182,24,0
1182,23,0
1182,28,0
1182,29,0
1183,74,0
1183,81,0
1183,25,0
1183,24,0
1183,53,0
1183,28,0
1183,30,0
1184,25,0
1184,29,0
1184,58,0
1184,87,0
1184,23,0
1184,64,0
1184,111,0
1185,48,0
1185,74,0
1185,24,0
1185,24,0
1185,28,0
1185,46,0
1185,29,0
1186,29,0
1186,15,0
1186,114,0
1186,102,0
1186,24,0
1186,28,0
1186,46,0
1186,115,0
1187,8,0
1187,102,0
1187,6,0
1187,32,0
1187,25,0
1187,88,0
1187,24,0
1188,30,0
1188,24,0
1188,25,0
1188,30,0
1188,32,0
1188,24,0
1188,6,0
1189,24,0
1189,50,0
1189,26,0
1189,29,0
1189,32,0
1189,48,0
1189,51,0
1190,91,0
1190,27,0
1190,32,0
1190,30,0
1190,29,0
1190,113,0
1190,94,0
1191,73,0
1191,91,0
1191,25,0
1191,4,0
1191,81,0
1191,74,0
1191,30,0
1191,41,0
1192,90,0
1192,28,0
1192,23,0
1192,25,0
1192,74,0
1192,46,0
1192,29,0
1193,109,0
1193,28,0
1193,24,0
1193,1,0
1193,35,0
1193,27,0
1193,32,0
1193,24,0
1193,127,0
1193,32,0
1193,25,0
1194,24,0
1194,8,0
1194,26,0
1194,115,0
1194,29,0
1194,29,0
1194,64,0
1194,24,0
1194,29,0
1194,81,0
1194,30,0
1194,28,0
1194,29,0
1194,75,0
1195,32,0
1195,150,0
1195,91,0
1195,46,0
1195,32,0
1195,28,0
1195,28,0
1195,24,0
1195,31,0
1195,64,0
1195,28,0
1196,24,0
1196,6,0
1196,24,0
1196,26,0
1196,28,0
1196,29,0
1196,32,0
1197,92,0
1197,55,0
1197,6,0
1197,51,0
1197,81,0
1197,28,0
1197,74,0
1197,29,0
1198,5,0
1198,102,0
1198,51,0
1198,25,0
1198,113,0
1198,32,0
1198,48,0
1199,24,0
1199,28,0
1199,6,0
1199,25,0
1199,24,0
1199,75,0
1199,63,0
1200,6,0
1200,51,0
1200,28,0
1200,25,0
1200,74,0
1200,1,0
1200,64,0
1201,29,0
1201,5,0
1201,24,0
1201,74,0
1201,25,0
1201,28,0
1201,24,0
1202,5,0
1202,93,0
1202,113,0
1202,29,0
1202,32,0
1202,48,0
1202,58,0
1203,4,0
1203,28,0
1203,51,0
1203,102,0
1203,23,0
1203,25,0
1203,31,0
1204,24,0
1204,17,0
1204,102,0
1204,30,0
1204,46,0
1204,74,0
1204,29,0
1205,87,0
1205,81,0
1205,30,0
1205,26,0
1205,29,0
1205,31,0
1205,25,0
1205,11,0
1205,28,0
1205,24,0
1205,24,0
1205,28,0
1206,6,0
1206,51,0
1206,29,0
1206,74,0
1206,113,0
1206,6,0
1206,26,0
1207,28,0
1207,81,0
1207,111,0
1207,24,0
1207,46,0
1207,25,0
1207,25,0
1208,28,0
1208,75,0
1208,28,0
1208,25,0
1208,38,0
1208,43,0
1208,67,0
1209,18,0
1209,88,0
1209,109,0
1209,28,0
1209,25,0
1209,8,0
1209,24,0
1210,75,0
1210,113,0
1210,6,0
1210,46,0
1210,25,0
1210,35,0
1210,29,0
1210,32,0
1211,28,0
1211,6,0
1211,51,0
1211,102,0
1211,24,0
1211,28,0
1211,11,0
1212,11,0
1212,24,0
1212,26,0
1212,28,0
1212,29,0
1212,32,0
1212,30,0
1213,32,0
1213,8,0
1213,35,0
1213,24,0
1213,29,0
1213,48,0
1213,75,0
1214,6,0
1214,28,0
1214,24,0
1214,27,0
1214,35,0
1214,74,0
1214,75,0
1215,1,0
1215,73,0
1215,51,0
1215,81,0
1215,3,0
1215,29,0
1215,48,0
1216,92,0
1216,28,0
1216,76,0
1216,30,0
1216,29,0
1216,24,0
1216,1,0
1217,102,0
1217,28,0
1217,109,0
1217,24,0
1217,29,0
1217,24,0
1217,17,0
1218,25,0
1218,29,0
1218,102,0
1218,25,0
1218,86,0
1218,3,0
1218,46,0
1219,74,0
1219,30,0
1219,28,0
1219,25,0
1219,24,0
1219,48,0
1219,51,0
1220,81,0
1220,24,0
1220,30,0
1220,76,0
1220,32,0
1220,25,0
1220,28,0
1221,90,0
1221,1,0
1221,24,0
1221,74,0
1221,32,0
1221,90,0
1221,23,0
1221,24,0
1221,29,0
1221,32,0
1222,5,0
1222,58,0
1222,48,0
1222,24,0
1222,48,0
1222,64,0
1222,28,0
1222,8,0
1223,24,0
1223,11,0
1223,26,0
1223,30,0
1223,28,0
1223,140,0
1223,24,0
1223,51,0
1223,6,0
1223,113,0
1224,32,0
1224,30,0
1224,6,0
1224,63,0
1224,24,0
1224,28,0
1224,26,0
1225,48,0
1225,28,0
1225,1,0
1225,73,0
1225,52,0
1225,29,0
1225,32,0
1225,25,0
1225,103,0
1225,23,0
1225,30,0
1225,46,0
1225,25,0
1226,25,0
1226,58,0
1226,26,0
1226,30,0
1226,29,0
1226,28,0
1226,6,0
1227,25,0
1227,26,0
1227,27,0
1227,24,0
1227,90,0
1227,24,0
1227,11,0
1228,51,0
1228,48,0
1228,93,0
1228,25,0
1228,78,0
1228,6,0
1228,102,0
1228,28,0
1228,24,0
1229,113,0
1229,102,0
1229,26,0
1229,35,0
1229,119,0
1229,25,0
1229,24,0
1229,28,0
1229,25,0
1229,23,0
1229,28,0
1229,26,0
1229,30,0
1229,32,0
1229,24,0
1229,28,0
1229,72,0
1229,73,0
1229,91,0
1229,24,0
1229,32,0
1229,48,0
1229,74,0
1229,30,0
1229,113,0
1229,58,0
1229,102,0
1229,5,0
1229,46,0
1229,109,0
1229,32,0
1229,28,0
1229,30,0
1229,24,0
1229,29,0
1229,29,0
1229,115,0
1230,30,0
1230,87,0
1230,6,0
1230,51,0
1230,91,0
1230,111,0
1230,29,0
1230,58,0
1231,35,0
1231,6,0
1231,24,0
1231,74,0
1231,5,0
1231,29,0
1231,119,0
1232,92,0
1232,30,0
1232,51,0
1232,24,0
1232,29,0
1232,30,0
1232,28,0
1232,24,0
1233,1,0
1233,24,0
1233,26,0
1233,78,0
1233,88,0
1233,29,0
1233,25,0
1234,51,0
1234,24,0
1234,51,0
1234,3,0
1234,102,0
1234,26,0
1234,24,0
1235,48,0
1235,92,0
1235,25,0
1235,140,0
1235,87,0
1235,30,0
1235,78,0
1235,30,0
1235,81,0
1236,63,0
1236,25,0
1236,28,0
1236,46,0
1236,24,0
1236,109,0
1236,25,0
1236,32,0
1237,28,0
1237,31,0
1237,74,0
1237,24,0
1237,25,0
1237,26,0
1237,25,0
1238,24,0
1238,75,0
1238,2,0
1238,87,0
1238,64,0
1238,109,0
1238,74,0
1239,112,0
1239,30,0
1239,32,0
1239,111,0
1239,11,0
1239,58,0
1239,1,0
1240,41,0
1240,30,0
1240,30,0
1240,83,0
1240,30,0
1240,152,0
1240,38,0
1240,6,0
1241,77,0
1241,43,0
1241,37,0
1241,143,0
1241,132,0
1241,47,0
1241,46,0
1242,25,0
1242,80,0
1242,79,0
1242,78,0
1242,25,0
1242,9,0
1242,24,0
1243,24,0
1243,24,0
1243,74,0
1243,32,0
1243,24,0
1243,111,0
1243,75,0
1244,30,0
1244,119,0
1244,26,0
1244,28,0
1244,29,0
1244,55,0
1244,24,0
1245,28,0
1245,25,0
1245,81,0
1245,28,0
1245,24,0
1245,76,0
1245,29,0
1246,103,0
1246,28,0
1246,51,0
1246,24,0
1246,5,0
1246,119,0
1246,28,0
1247,27,0
1247,112,0
1247,30,0
1247,81,0
1247,24,0
1247,25,0
1247,28,0
1247,46,0
1248,24,0
1248,32,0
1248,30,0
1248,74,0
1248,48,0
1248,29,0
1248,5,0
1249,140,0
1249,27,0
1249,30,0
1249,26,0
1249,28,0
1249,114,0
1249,102,0
1250,24,0
1250,29,0
1250,29,0
1250,30,0
1250,28,0
1250,23,0
1250,30,0
1251,28,0
1251,29,0
1251,48,0
1251,24,0
1251,81,0
1251,23,0
1251,26,0
1252,24,0
1252,76,0
1252,28,0
1252,29,0
1252,32,0
1252,30,0
1252,48,0
1253,113,0
1253,58,0
1253,46,0
1253,78,0
1253,30,0
1253,25,0
1253,48,0
1253,32,0
1253,29,0
1253,24,0
1253,29,0
1253,48,0
1253,6,0
1253,25,0
1253,26,0
1253,28,0
1253,24,0
1253,11,0
1253,94,0
1253,4,0
1253,25,0
1253,30,0
1253,28,0
1253,81,0
1253,113,0
1253,46,0
1253,25,0
1253,23,0
1254,119,0
1254,28,0
1254,30,0
1254,29,0
1254,51,0
1254,8,0
1254,25,0
1255,8,0
1255,24,0
1255,29,0
1255,48,0
1255,51,0
1255,24,0
1255,28,0
1255,8,0
1255,32,0
1255,74,0
1255,25,0
1256,24,0
1256,6,0
1256,30,0
1256,26,0
1256,32,0
1256,28,0
1256,51,0
1256,25,0
1256,24,0
1256,30,0
1256,75,0
1256,32,0
1256,74,0
1256,28,0
1256,5,0
1256,51,0
1256,27,0
1256,24,0
1256,28,0
1256,93,0
1256,25,0
1256,140,0
1256,81,0
1256,24,0
1256,74,0
1256,32,0
1257,46,0
1257,25,0
1257,30,0
1257,32,0
1257,25,0
1257,48,0
1257,24,0
1258,26,0
1258,30,0
1258,29,0
1258,25,0
1258,74,0
1258,46,0
1258,8,0
1259,25,0
1259,28,0
1259,74,0
1259,30,0
1259,32,0
1259,93,0
1259,24,0
1260,25,0
1260,23,0
1260,32,0
1260,24,0
1260,28,0
1260,30,0
1260,29,0
1260,74,0
1261,102,0
1261,30,0
1261,28,0
1261,29,0
1261,28,0
1261,24,0
1261,30,0
1262,26,0
1262,54,0
1262,30,0
1262,32,0
1262,81,0
1262,88,0
1262,25,0
1263,74,0
1263,24,0
1263,30,0
1263,58,0
1263,24,0
1263,6,0
1263,51,0
1264,28,0
1264,32,0
1264,25,0
1264,94,0
1264,118,0
1264,63,0
1264,26,0
1264,30,0
1264,27,0
1264,28,0
1264,24,0
1264,94,0
1264,6,0
1264,24,0
1264,28,0
1264,29,0
1264,38,0
1264,6,0
1264,25,0
1264,32,0
1264,24,0
1264,30,0
1264,28,0
1264,30,0
1264,6,0
1264,102,0
1264,24,0
1264,28,0
1264,74,0
1264,30,0
1264,32,0
1264,25,0
1264,58,0
1264,29,0
1264,25,0
1264,28,0
1264,50,0
1264,23,0
1264,27,0
1264,46,0
1264,25,0
1264,24,0
1264,102,0
1264,52,0
1264,30,0
1264,88,0
1264,25,0
1264,32,0
1265,5,0
1265,74,0
1265,30,0
1265,11,0
1265,119,0
1265,102,0
1265,6,0
1265,119,0
1266,32,0
1266,8,0
1266,25,0
1266,74,0
1266,24,0
1266,27,0
1266,46,0
1266,25,0
1267,25,0
1267,46,0
1267,24,0
1267,28,0
1267,8,0
1267,48,0
1267,55,0
1268,32,0
1268,28,0
1268,81,0
1268,119,0
1268,26,0
1268,25,0
1268,29,0
1269,32,0
1269,6,0
1269,153,0
1269,121,0
1269,38,0
1269,60,0
1269,67,0
1269,43,0
1270,101,0
1270,78,0
1270,7,0
1270,47,0
1270,79,0
1270,9,0
1270,30,0
1271,80,0
1271,25,0
1271,124,0
1271,46,0
1271,74,0
1271,113,0
1271,68,0
1272,30,0
1272,24,0
1272,41,0
1272,30,0
1272,3,0
1272,24,0
1272,25,0
1273,30,0
1273,8,0
1273,28,0
1273,92,0
1273,25,0
1273,24,0
1273,88,0
1273,4,0
1273,28,0
1274,119,0
1274,81,0
1274,113,0
1274,5,0
1274,32,0
1274,25,0
1274,30,0
1275,74,0
1275,55,0
1275,48,0
1275,24,0
1275,58,0
1275,4,0
1275,30,0
1276,111,0
1276,74,0
1276,32,0
1276,29,0
1276,90,0
1276,28,0
1276,6,0
1277,27,0
1277,30,0
1277,46,0
1277,6,0
1277,28,0
1277,25,0
1277,88,0
1277,93,0
1278,119,0
1278,32,0
1278,51,0
1278,17,0
1278,24,0
1278,46,0
1278,28,0
1278,25,0
1278,32,0
1278,5,0
1278,87,0
1278,6,0
1278,25,0
1278,26,0
1278,28,0
1278,25,0
1278,30,0
1278,32,0
1278,102,0
1278,28,0
1278,25,0
1278,53,0
1278,46,0
1278,24,0
1278,32,0
1278,93,0
1278,111,0
1278,32,0
1278,17,0
1278,102,0
1278,35,0
1278,25,0
1278,3,0
1278,32,0
1279,33,0
1279,25,0
1279,32,0
1279,28,0
1279,6,0
1279,25,0
1279,35,0
1279,29,0
1280,5,0
1280,24,0
1280,24,0
1280,8,0
1280,28,0
1280,12,0
1280,35,0
1281,30,0
1281,25,0
1281,30,0
1281,25,0
1281,30,0
1281,25,0
1281,32,0
1282,6,0
1282,24,0
1282,28,0
1282,26,0
1282,27,0
1282,88,0
1282,1,0
1283,92,0
1283,74,0
1283,35,0
1283,32,0
1283,25,0
1283,24,0
1283,103,0
1284,1,0
1284,26,0
1284,28,0
1284,25,0
1284,24,0
1284,30,0
1284,24,0
1285,48,0
1285,24,0
1285,28,0
1285,51,0
1285,53,0
1285,119,0
1285,25,0
1286,74,0
1286,24,0
1286,52,0
1286,28,0
1286,30,0
1286,29,0
1286,91,0
1287,119,0
1287,88,0
1287,111,0
1287,32,0
1287,29,0
1287,113,0
1287,17,0
1287,28,0
1288,81,0
1288,12,0
1288,46,0
1288,75,0
1288,24,0
1288,23,0
1288,72,0
1289,102,0
1289,26,0
1289,29,0
1289,32,0
1289,30,0
1289,28,0
1289,81,0
1289,109,0
1289,27,0
1290,111,0
1290,74,0
1290,25,0
1290,78,0
1290,26,0
1290,28,0
1290,24,0
1291,29,0
1291,58,0
1291,5,0
1291,4,0
1291,23,0
1291,27,0
1291,46,0
1291,28,0
1291,24,0
1291,29,0
1292,2,0
1292,23,0
1292,109,0
1292,29,0
1292,30,0
1292,32,0
1292,28,0
1292,25,0
1292,28,0
1293,5,0
1293,24,0
1293,32,0
1293,74,0
1293,25,0
1293,125,0
1293,91,0
1294,30,0
1294,31,0
1294,28,0
1294,102,0
1294,81,0
1294,88,0
1294,46,0
1295,25,0
1295,28,0
1295,48,0
1295,24,0
1295,46,0
1295,74,0
1295,32,0
1295,48,0
1296,28,0
1296,24,0
1296,29,0
1296,25,0
1296,119,0
1296,27,0
1296,26,0
1297,24,0
1297,32,0
1297,74,0
1297,75,0
1297,23,0
1297,24,0
1297,30,0
1298,81,0
1298,25,0
1298,92,0
1298,35,0
1298,74,0
1298,32,0
1298,24,0
1299,87,0
1299,26,0
1299,53,0
1299,81,0
1299,24,0
1299,75,0
1299,32,0
1300,30,0
1300,32,0
1300,78,0
1300,136,0
1300,30,0
1300,24,0
1300,74,0
1301,81,0
1301,25,0
1301,28,0
1301,78,0
1301,30,0
1301,25,0
1301,140,0
1302,87,0
1302,25,0
1302,51,0
1302,74,0
1302,29,0
1302,28,0
1302,24,0
1303,30,0
1303,51,0
1303,32,0
1303,29,0
1303,113,0
1303,6,0
1303,32,0
1304,28,0
1304,48,0
1304,29,0
1304,25,0
1304,30,0
1304,87,0
1304,30,0
1305,8,0
1305,74,0
1305,48,0
1305,30,0
1305,28,0
1305,52,0
1305,119,0
1306,74,0
1306,30,0
1306,25,0
1306,25,0
1306,81,0
1306,25,0
1306,29,0
1307,24,0
1307,55,0
1307,93,0
1307,81,0
1307,24,0
1307,74,0
1307,25,0
1307,8,0
1308,46,0
1308,28,0
1308,30,0
1308,111,0
1308,74,0
1308,29,0
1308,90,0
1308,109,0
1309,119,0
1309,24,0
1309,112,0
1309,32,0
1309,51,0
1309,46,0
1309,32,0
1310,30,0
1310,32,0
1310,24,0
1310,48,0
1310,28,0
1310,75,0
1310,24,0
1310,81,0
1311,51,0
1311,27,0
1311,55,0
1311,25,0
1311,93,0
1311,46,0
1311,31,0
1312,74,0
1312,58,0
1312,25,0
1312,89,0
1312,30,0
1312,1,0
1312,81,0
1313,92,0
1313,29,0
1313,23,0
1313,150,0
1313,24,0
1313,28,0
1313,11,0
1313,92,0
1313,32,0
1314,25,0
1314,28,0
1314,30,0
1314,24,0
1314,30,0
1314,24,0
1314,25,0
1315,28,0
1315,29,0
1315,93,0
1315,74,0
1315,58,0
1315,6,0
1315,25,0
1316,24,0
1316,28,0
1316,109,0
1316,26,0
1316,30,0
1316,29,0
1316,28,0
1317,24,0
1317,25,0
1317,30,0
1317,29,0
1317,32,0
1317,92,0
1317,7,0
1318,87,0
1318,46,0
1318,119,0
1318,113,0
1318,24,0
1318,1,0
1318,90,0
1319,28,0
1319,51,0
1319,24,0
1319,1,0
1319,119,0
1319,32,0
1319,46,0
1320,28,0
1320,30,0
1320,51,0
1320,30,0
1320,74,0
1320,91,0
1320,112,0
1321,24,0
1321,72,0
1321,26,0
1321,30,0
1321,32,0
1321,24,0
1321,29,0
1322,25,0
1322,91,0
1322,102,0
1322,112,0
1322,30,0
1322,24,0
1322,32,0
1323,8,0
1323,127,0
1323,30,0
1323,46,0
1323,32,0
1323,28,0
1323,6,0
1324,25,0
1324,29,0
1324,24,0
1324,32,0
1324,74,0
1324,113,0
1324,25,0
1325,30,0
1325,33,0
1325,111,0
1325,32,0
1325,24,0
1325,25,0
1325,30,0
1326,28,0
1326,111,0
1326,74,0
1326,5,0
1326,24,0
1326,30,0
1326,111,0
1327,4,0
1327,81,0
1327,74,0
1327,28,0
1327,29,0
1327,29,0
1327,115,0
1327,111,0
1328,25,0
1328,30,0
1328,28,0
1328,46,0
1328,74,0
1328,28,0
1328,27,0
1329,25,0
1329,29,0
1329,30,0
1329,86,0
1329,81,0
1329,28,0
1329,88,0
1330,8,0
1330,32,0
1330,103,0
1330,17,0
1330,25,0
1330,30,0
1330,90,0
1331,6,0
1331,72,0
1331,26,0
1331,28,0
1331,24,0
1331,30,0
1331,119,0
1331,24,0
1331,29,0
1331,25,0
1332,30,0
1332,48,0
1332,102,0
1332,6,0
1332,27,0
1332,29,0
1332,32,0
1333,11,0
1333,28,0
1333,27,0
1333,32,0
1333,5,0
1333,102,0
1333,6,0
1334,46,0
1334,28,0
1334,27,0
1334,115,0
1334,81,0
1334,24,0
1334,28,0
1335,76,0
1335,26,0
1335,30,0
1335,74,0
1335,6,0
1335,28,0
1335,24,0
1336,33,0
1336,52,0
1336,26,0
1336,32,0
1336,30,0
1336,74,0
1336,24,0
1336,90,0
1336,6,0
1336,24,0
1336,111,0
1337,30,0
1337,32,0
1337,25,0
1337,30,0
1337,30,0
1337,119,0
1337,46,0
1337,35,0
1338,74,0
1338,94,0
1338,28,0
1338,52,0
1338,28,0
1338,76,0
1338,48,0
1339,92,0
1339,28,0
1339,25,0
1339,52,0
1339,30,0
1339,29,0
1339,32,0
1340,28,0
1340,6,0
1340,25,0
1340,51,0
1340,24,0
1340,32,0
1340,33,0
1341,30,0
1341,25,0
1341,30,0
1341,35,0
1341,11,0
1341,106,0
1341,30,0
1342,28,0
1342,29,0
1342,58,0
1342,113,0
1342,25,0
1342,24,0
1342,51,0
1343,28,0
1343,30,0
1343,27,0
1343,76,0
1343,111,0
1343,25,0
1343,113,0
1344,78,0
1344,28,0
1344,26,0
1344,111,0
1344,51,0
1344,64,0
1344,28,0
1345,30,0
1345,24,0
1345,25,0
1345,29,0
1345,74,0
1345,111,0
1345,25,0
1345,28,0
1345,81,0
1345,26,0
1345,24,0
1345,25,0
1345,29,0
1345,6,0
1346,51,0
1346,32,0
1346,27,0
1346,28,0
1346,35,0
1346,48,0
1346,1,0
1347,90,0
1347,28,0
1347,27,0
1347,24,0
1347,74,0
1347,30,0
1347,28,0
1348,52,0
1348,26,0
1348,58,0
1348,24,0
1348,91,0
1348,93,0
1348,29,0
1349,58,0
1349,90,0
1349,64,0
1349,30,0
1349,28,0
1349,24,0
1349,32,0
1350,25,0
1350,113,0
1350,29,0
1350,74,0
1350,58,0
1350,26,0
1350,8,0
1351,24,0
1351,32,0
1351,25,0
1351,23,0
1351,30,0
1351,46,0
1351,93,0
1351,24,0
1352,30,0
1352,28,0
1352,74,0
1352,81,0
1352,4,0
1352,106,0
1352,28,0
1353,102,0
1353,30,0
1353,8,0
1353,74,0
1353,25,0
1353,75,0
1353,6,0
1354,24,0
1354,28,0
1354,32,0
1354,103,0
1354,29,0
1354,11,0
1354,64,0
1355,78,0
1355,30,0
1355,75,0
1355,51,0
1355,6,0
1355,30,0
1355,25,0
1356,32,0
1356,28,0
1356,24,0
1356,81,0
1356,26,0
1356,32,0
1356,24,0
1357,93,0
1357,30,0
1357,58,0
1357,109,0
1357,30,0
1357,29,0
1357,24,0
1358,25,0
1358,32,0
1358,48,0
1358,93,0
1358,51,0
1358,75,0
1358,1,0
1358,24,0
1359,32,0
1359,29,0
1359,25,0
1359,28,0
1359,75,0
1359,58,0
1359,24,0
1359,28,0
1360,53,0
1360,29,0
1360,32,0
1360,48,0
1360,25,0
1360,24,0
1360,24,0
1361,23,0
1361,26,0
1361,28,0
1361,74,0
1361,48,0
1361,30,0
1361,24,0
1362,1,0
1362,28,0
1362,29,0
1362,48,0
1362,5,0
1362,25,0
1362,25,0
1363,8,0
1363,52,0
1363,29,0
1363,5,0
1363,30,0
1363,28,0
1363,32,0
1364,29,0
1364,25,0
1364,74,0
1364,106,0
1364,25,0
1364,8,0
1364,28,0
1365,30,0
1365,113,0
1365,24,0
1365,55,0
1365,25,0
1365,73,0
1365,74,0
1366,25,0
1366,28,0
1366,30,0
1366,24,0
1366,25,0
1366,25,0
1366,26,0
1367,32,0
1367,113,0
1367,30,0
1367,28,0
1367,29,0
1367,5,0
1367,35,0
1368,27,0
1368,30,0
1368,26,0
1368,25,0
1368,32,0
1368,25,0
1368,33,0
1369,78,0
1369,24,0
1369,119,0
1369,28,0
1369,24,0
1369,52,0
1369,32,0
1369,30,0
1370,92,0
1370,81,0
1370,29,0
1370,28,0
1370,32,0
1370,75,0
1370,30,0
1371,25,0
1371,24,0
1371,32,0
1371,28,0
1371,30,0
1371,28,0
1371,25,0
1372,6,0
1372,28,0
1372,30,0
1372,74,0
1372,24,0
1372,55,0
1372,8,0
1373,30,0
1373,28,0
1373,26,0
1373,30,0
1373,25,0
1373,12,0
1373,29,0
1374,94,0
1374,109,0
1374,25,0
1374,74,0
1374,46,0
1374,29,0
1374,24,0
1375,87,0
1375,30,0
1375,25,0
1375,29,0
1375,48,0
1375,28,0
1375,1,0
1376,20,0
1376,5,0
1376,6,0
1376,24,0
1376,25,0
1376,28,0
1376,30,0
1377,29,0
1377,32,0
1377,38,0
1377,78,0
1377,102,0
1377,53,0
1377,27,0
1378,28,0
1378,46,0
1378,25,0
1378,6,0
1378,25,0
1378,28,0
1378,24,0
1379,30,0
1379,32,0
1379,33,0
1379,6,0
1379,24,0
1379,28,0
1379,26,0
1380,29,0
1380,4,0
1380,90,0
1380,30,0
1380,26,0
1380,81,0
1380,28,0
1381,24,0
1381,5,0
1381,28,0
1381,91,0
1381,51,0
1381,30,0
1381,8,0
1382,25,0
1382,4,0
1382,87,0
1382,26,0
1382,53,0
1382,30,0
1382,28,0
1383,74,0
1383,24,0
1383,24,0
1383,28,0
1383,30,0
1383,8,0
1383,29,0
1384,5,0
1384,140,0
1384,25,0
1384,119,0
1384,26,0
1384,28,0
1384,29,0
1385,32,0
1385,51,0
1385,6,0
1385,30,0
1385,26,0
1385,24,0
1385,28,0
1386,29,0
1386,33,0
1386,23,0
1386,30,0
1386,32,0
1386,24,0
1386,35,0
1386,25,0
1386,92,0
1386,63,0
1386,30,0
1386,111,0
1386,29,0
1386,25,0
1386,51,0
1387,24,0
1387,93,0
1387,74,0
1387,58,0
1387,6,0
1387,30,0
1387,46,0
1388,32,0
1388,24,0
1388,29,0
1388,94,0
1388,6,0
1388,51,0
1388,102,0
1389,30,0
1389,24,0
1389,32,0
1389,29,0
1389,28,0
1389,109,0
1389,81,0
1390,29,0
1390,24,0
1390,113,0
1390,25,0
1390,30,0
1390,134,0
1390,27,0
1391,1,0
1391,30,0
1391,32,0
1391,32,0
1391,91,0
1391,32,0
1391,139,0
1392,35,0
1392,58,0
1392,104,0
1392,38,0
1392,14,0
1392,6,0
1392,70,0
1393,77,0
1393,60,0
1393,43,0
1393,41,0
1393,143,0
1393,67,0
1393,47,0
1393,46,0
1394,137,0
1394,45,0
1394,20,0
1394,125,0
1394,71,0
1394,1,0
1394,51,0
1395,30,0
1395,28,0
1395,24,0
1395,32,0
1395,25,0
1395,92,0
1395,29,0
1396,74,0
1396,4,0
1396,25,0
1396,51,0
1396,30,0
1396,76,0
1396,74,0
1397,33,0
1397,32,0
1397,6,0
1397,46,0
1397,28,0
1397,78,0
1397,24,0
1398,25,0
1398,46,0
1398,17,0
1398,28,0
1398,63,0
1398,25,0
1398,33,0
1399,24,0
1399,46,0
1399,53,0
1399,28,0
1399,5,0
1399,41,0
1399,30,0
1400,32,0
1400,113,0
1400,64,0
1400,23,0
1400,46,0
1400,28,0
1400,74,0
1401,32,0
1401,24,0
1401,114,0
1401,81,0
1401,25,0
1401,28,0
1401,46,0
1402,29,0
1402,75,0
1402,6,0
1402,26,0
1402,119,0
1402,30,0
1402,24,0
1403,5,0
1403,24,0
1403,111,0
1403,26,0
1403,29,0
1403,32,0
1403,48,0
1404,6,0
1404,153,0
1404,136,0
1404,1,0
1404,38,0
1404,102,0
1404,37,0
1404,67,0
1404,116,0
1405,46,0
1405,43,0
1405,101,0
1405,6,0
1405,81,0
1405,30,0
1405,41,0
1406,100,0
1406,68,0
1406,38,0
1406,25,0
1406,34,0
1406,3,0
1406,30,0
1407,81,0
1407,3,0
1407,115,0
1407,74,0
1407,24,0
1407,32,0
1407,64,0
1408,3,0
1408,28,0
1408,74,0
1408,111,0
1408,30,0
1408,113,0
1408,24,0
1409,28,0
1409,8,0
1409,74,0
1409,46,0
1409,30,0
1409,41,0
1409,93,0
1410,35,0
1410,28,0
1410,30,0
1410,35,0
1410,24,0
1410,81,0
1410,26,0
1411,74,0
1411,32,0
1411,28,0
1411,30,0
1411,6,0
1411,64,0
1411,51,0
1412,75,0
1412,46,0
1412,24,0
1412,54,0
1412,24,0
1412,8,0
1412,92,0
1413,24,0
1413,64,0
1413,46,0
1413,81,0
1413,75,0
1413,24,0
1413,24,0
1414,74,0
1414,11,0
1414,24,0
1414,53,0
1414,28,0
1414,74,0
1414,30,0
1415,32,0
1415,72,0
1415,35,0
1415,73,0
1415,51,0
1415,27,0
1415,24,0
1415,30,0
1416,25,0
1416,32,0
1416,51,0
1416,25,0
1416,30,0
1416,25,0
1416,30,0
1417,28,0
1417,58,0
1417,25,0
1417,30,0
1417,94,0
1417,125,0
1417,26,0
1418,28,0
1418,8,0
1418,81,0
1418,74,0
1418,25,0
1418,35,0
1418,51,0
1419,52,0
1419,25,0
1419,32,0
1419,28,0
1419,29,0
1419,46,0
1419,64,0
1420,23,0
1420,24,0
1420,30,0
1420,5,0
1420,55,0
1420,33,0
1420,30,0
1421,46,0
1421,6,0
1421,25,0
1421,28,0
1421,46,0
1421,74,0
1421,29,0
1421,28,0
1422,24,0
1422,111,0
1422,48,0
1422,73,0
1422,25,0
1422,24,0
1422,26,0
1423,27,0
1423,29,0
1423,30,0
1423,58,0
1423,28,0
1423,87,0
1423,24,0
1424,30,0
1424,48,0
1424,11,0
1424,25,0
1424,51,0
1424,30,0
1424,8,0
1425,119,0
1425,29,0
1425,25,0
1425,24,0
1425,58,0
1425,23,0
1425,51,0
1425,25,0
1426,88,0
1426,30,0
1426,32,0
1426,111,0
1426,30,0
1426,27,0
1426,74,0
1427,29,0
1427,28,0
1427,25,0
1427,140,0
1427,1,0
1427,30,0
1427,28,0
1428,24,0
1428,1,0
1428,24,0
1428,26,0
1428,28,0
1428,25,0
1428,30,0
1428,88,0
1428,90,0
1428,86,0
1429,32,0
1429,25,0
1429,24,0
1429,75,0
1429,119,0
1429,25,0
1429,28,0
1430,26,0
1430,29,0
1430,1,0
1430,26,0
1430,24,0
1430,3,0
1430,32,0
1430,25,0
1431,81,0
1431,2,0
1431,23,0
1431,73,0
1431,24,0
1431,28,0
1431,92,0
1432,25,0
1432,24,0
1432,51,0
1432,64,0
1432,1,0
1432,24,0
1432,26,0
1433,28,0
1433,30,0
1433,51,0
1433,23,0
1433,24,0
1433,127,0
1433,32,0
1433,29,0
1433,33,0
1434,11,0
1434,58,0
1434,23,0
1434,32,0
1434,30,0
1434,3,0
1434,24,0
1435,28,0
1435,1,0
1435,24,0
1435,32,0
1435,48,0
1435,25,0
1435,92,0
1436,76,0
1436,64,0
1436,119,0
1436,28,0
1436,29,0
1436,74,0
1436,92,0
1436,25,0
1437,1,0
1437,40,0
1437,6,0
1437,98,0
1437,85,0
1437,34,0
1437,36,0
1437,35,0
1438,149,0
1438,30,0
1438,25,0
1438,89,0
1438,51,0
1438,58,0
1438,67,0
1439,32,0
1439,30,0
1439,6,0
1439,79,0
1439,18,0
1439,25,0
1439,129,0
1440,30,0
1440,41,0
1440,38,0
1440,1,0
1440,30,0
1440,40,0
1440,77,0
1440,46,0
1440,85,0
1441,19,0
1441,4,0
1441,30,0
1441,102,0
1441,68,0
1441,58,0
1441,52,0
1442,37,0
1442,6,0
1442,71,0
1442,30,0
1442,84,0
1442,56,0
1442,95,0
1443,35,0
1443,32,0
1443,37,0
1443,99,0
1443,38,0
1443,38,0
1443,1,0
1444,30,0
1444,35,0
1444,32,0
1444,79,0
1444,47,0
1444,11,0
1444,58,0
1445,59,0
1445,35,0
1445,32,0
1445,84,0
1445,58,0
1445,22,0
1445,37,0
1446,30,0
1446,98,0
1446,1,0
1446,52,0
1446,59,0
1446,30,0
1446,35,0
1447,102,0
1447,58,0
1447,67,0
1447,30,0
1447,58,0
1447,59,0
1447,36,0
1448,6,0
1448,38,0
1448,25,0
1448,30,0
1448,32,0
1448,38,0
1448,142,0
1449,125,0
1449,27,0
1449,58,0
1449,65,0
1449,38,0
1449,80,0
1449,47,0
1449,58,0
1449,37,0
1450,35,0
1450,41,0
1450,58,0
1450,35,0
1450,111,0
1450,32,0
1450,35,0
1451,59,0
1451,25,0
1451,32,0
1451,30,0
1451,40,0
1451,3,0
1451,3,0
1452,59,0
1452,32,0
1452,52,0
1452,38,0
1452,6,0
1452,79,0
1452,80,0
1453,27,0
1453,110,0
1453,35,0
1453,38,0
1453,85,0
1453,30,0
1453,46,0
1454,58,0
1454,30,0
1454,1,0
1454,30,0
1454,58,0
1454,66,0
1454,60,0
1455,108,0
1455,58,0
1455,30,0
1455,40,0
1455,1,0
1455,58,0
1455,30,0
1456,148,0
1456,59,0
1456,39,0
1456,56,0
1456,58,0
1456,30,0
1456,37,0
1457,149,0
1457,74,0
1457,85,0
1457,111,0
1457,95,0
1457,11,0
1457,80,0
1458,38,0
1458,19,0
1458,59,0
1458,1,0
1458,35,0
1458,38,0
1458,79,0
1458,130,0
1459,68,0
1459,45,0
1459,111,0
1459,32,0
1459,38,0
1459,46,0
1459,25,0
1460,130,0
1460,30,0
1460,40,0
1460,27,0
1460,38,0
1460,66,0
1460,6,0
1461,68,0
1461,130,0
1461,134,0
1461,37,0
1461,1,0
1461,104,0
1461,35,0
1462,102,0
1462,30,0
1462,16,0
1462,1,0
1462,37,0
1462,35,0
1462,105,0
1462,67,0
1463,76,0
1463,111,0
1463,91,0
1463,30,0
1463,35,0
1463,60,0
1463,80,0
1464,25,0
1464,11,0
1464,32,0
1464,66,0
1464,77,0
1464,102,0
1464,6,0
1464,89,0
1465,32,0
1465,30,0
1465,37,0
1465,149,0
1465,6,0
1465,43,0
1465,38,0
1466,30,0
1466,58,0
1466,35,0
1466,37,0
1466,47,0
1466,74,0
1466,38,0
1467,27,0
1467,32,0
1467,35,0
1467,38,0
1467,105,0
1467,42,0
1467,19,0
1467,96,0
1468,32,0
1468,59,0
1468,99,0
1468,43,0
1468,30,0
1468,30,0
1468,32,0
1469,38,0
1469,45,0
1469,85,0
1469,25,0
1469,130,0
1469,1,0
1469,126,0
1470,37,0
1470,30,0
1470,38,0
1470,7,0
1470,76,0
1470,30,0
1470,96,0
1470,95,0
1471,58,0
1471,59,0
1471,38,0
1471,25,0
1471,134,0
1471,58,0
1471,37,0
1471,30,0
1471,66,0
1471,41,0
1472,30,0
1472,58,0
1472,32,0
1472,60,0
1472,42,0
1472,74,0
1472,129,0
1473,56,0
1473,59,0
1473,34,0
1473,32,0
1473,152,0
1473,30,0
1473,41,0
1474,56,0
1474,58,0
1474,35,0
1474,37,0
1474,101,0
1474,85,0
1474,135,0
1474,59,0
1475,1,0
1475,30,0
1475,38,0
1475,66,0
1475,85,0
1475,30,0
1475,1,0
1475,32,0
1476,40,0
1476,76,0
1476,32,0
1476,110,0
1476,38,0
1476,115,0
1476,46,0
1477,103,0
1477,30,0
1477,37,0
1477,35,0
1477,32,0
1477,38,0
1477,85,0
1478,58,0
1478,35,0
1478,32,0
1478,6,0
1478,46,0
1478,100,0
1478,57,0
1478,124,0
1479,18,0
1479,38,0
1479,59,0
1479,30,0
1479,107,0
1479,37,0
1479,104,0
1480,66,0
1480,60,0
1480,32,0
1480,43,0
1480,100,0
1480,38,0
1480,30,0
1481,36,0
1481,67,0
1481,69,0
1481,85,0
1481,107,0
1481,30,0
1481,38,0
1482,25,0
1482,1,0
1482,32,0
1482,37,0
1482,104,0
1482,142,0
1482,80,0
1483,67,0
1483,111,0
1483,1,0
1483,30,0
1483,38,0
1483,78,0
1483,25,0
1484,85,0
1484,32,0
1484,43,0
1484,6,0
1484,89,0
1484,9,0
1484,3,0
1485,126,0
1485,35,0
1485,32,0
1485,6,0
1485,41,0
1485,69,0
1485,30,0
1486,58,0
1486,51,0
1486,96,0
1486,6,0
1486,60,0
1486,80,0
1486,35,0
1486,78,0
1486,4,0
1486,51,0
1487,40,0
1487,35,0
1487,59,0
1487,44,0
1487,116,0
1487,32,0
1487,30,0
1488,38,0
1488,80,0
1488,118,0
1488,76,0
1488,69,0
1488,32,0
1488,28,0
1489,67,0
1489,89,0
1489,130,0
1489,46,0
1489,27,0
1489,40,0
1489,4,0
1489,43,0
1489,41,0
1489,84,0
1489,30,0
1489,41,0
1490,25,0
1490,32,0
1490,60,0
1490,41,0
1490,47,0
1490,80,0
1490,74,0
1490,35,0
1491,30,0
1491,30,0
1491,58,0
1491,35,0
1491,152,0
1491,129,0
1491,69,0
1492,89,0
1492,18,0
1492,46,0
1492,84,0
1492,30,0
1492,58,0
1492,30,0
1493,37,0
1493,32,0
1493,60,0
1493,68,0
1493,16,0
1493,37,0
1493,32,0
1494,40,0
1494,80,0
1494,30,0
1494,74,0
1494,38,0
1494,30,0
1494,58,0
1495,35,0
1495,44,0
1495,37,0
1495,146,0
1495,32,0
1495,59,0
1495,35,0
1496,43,0
1496,85,0
1496,30,0
1496,58,0
1496,35,0
1496,30,0
1496,59,0
1497,60,0
1497,38,0
1497,76,0
1497,68,0
1497,41,0
1497,111,0
1497,56,0
1497,30,0
1498,38,0
1498,89,0
1498,129,0
1498,80,0
1498,50,0
1498,102,0
1498,59,0
1499,30,0
1499,32,0
1499,152,0
1499,133,0
1499,40,0
1499,48,0
1499,1,0
1499,32,0
1500,37,0
1500,38,0
1500,60,0
1500,6,0
1500,99,0
1500,52,0
1500,30,0
1501,35,0
1501,6,0
1501,71,0
1501,80,0
1501,25,0
1501,11,0
1501,35,0
1502,30,0
1502,98,0
1502,43,0
1502,146,0
1502,11,0
1502,32,0
1502,35,0
1502,60,0
1503,37,0
1503,128,0
1503,65,0
1503,37,0
1503,3,0
1503,30,0
1503,38,0
1504,32,0
1504,25,0
1504,45,0
1504,46,0
1504,47,0
1504,126,0
1504,58,0
1505,57,0
1505,32,0
1505,45,0
1505,9,0
1505,38,0
1505,27,0
1505,1,0
1506,30,0
1506,35,0
1506,79,0
1506,124,0
1506,80,0
1506,1,0
1506,30,0
1507,107,0
1507,102,0
1507,68,0
1507,25,0
1507,1,0
1507,30,0
1507,37,0
1508,66,0
1508,40,0
1508,43,0
1508,69,0
1508,30,0
1508,30,0
1508,58,0
1509,11,0
1509,59,0
1509,35,0
1509,30,0
1509,104,0
1509,60,0
1509,89,0
1510,34,0
1510,36,0
1510,3,0
1510,110,0
1510,35,0
1510,30,0
1510,59,0
1511,6,0
1511,3,0
1511,84,0
1511,30,0
1511,38,0
1511,3,0
1511,58,0
1511,38,0
1512,89,0
1512,68,0
1512,30,0
1512,1,0
1512,32,0
1512,37,0
1512,66,0
1513,6,0
1513,98,0
1513,30,0
1513,30,0
1513,25,0
1513,38,0
1513,30,0
1514,35,0
1514,98,0
1514,104,0
1514,43,0
1514,9,0
1514,111,0
1514,34,0
1515,32,0
1515,38,0
1515,30,0
1515,59,0
1515,34,0
1515,32,0
1515,30,0
1515,102,0
1516,27,0
1516,51,0
1516,37,0
1516,139,0
1516,32,0
1516,85,0
1516,59,0
1517,30,0
1517,52,0
1517,35,0
1517,148,0
1517,43,0
1517,74,0
1517,91,0
1518,3,0
1518,107,0
1518,30,0
1518,6,0
1518,80,0
1518,85,0
1518,45,0
1518,1,0
1519,45,0
1519,32,0
1519,74,0
1519,58,0
1519,59,0
1519,65,0
1519,115,0
1520,9,0
1520,130,0
1520,58,0
1520,35,0
1520,32,0
1520,38,0
1520,60,0
1521,84,0
1521,100,0
1521,91,0
1521,98,0
1521,100,0
1521,30,0
1521,85,0
1522,30,0
1522,59,0
1522,32,0
1522,38,0
1522,62,0
1522,68,0
1522,25,0
1523,59,0
1523,11,0
1523,30,0
1523,6,0
1523,60,0
1523,105,0
1523,30,0
1524,14,0
1524,11,0
1524,38,0
1524,107,0
1524,38,0
1524,25,0
1524,30,0
1525,35,0
1525,37,0
1525,1,0
1525,38,0
1525,99,0
1525,1,0
1525,35,0
1526,59,0
1526,65,0
1526,38,0
1526,6,0
1526,32,0
1526,60,0
1526,43,0
1527,89,0
1527,25,0
1527,46,0
1527,85,0
1527,30,0
1527,98,0
1527,38,0
1527,51,0
1528,32,0
1528,14,0
1528,80,0
1528,25,0
1528,68,0
1528,30,0
1528,40,0
1529,58,0
1529,37,0
1529,43,0
1529,48,0
1529,111,0
1529,107,0
1529,30,0
1530,58,0
1530,32,0
1530,40,0
1530,35,0
1530,100,0
1530,50,0
1530,3,0
1531,32,0
1531,30,0
1531,107,0
1531,37,0
1531,85,0
1531,25,0
1531,113,0
1532,52,0
1532,35,0
1532,32,0
1532,37,0
1532,6,0
1532,41,0
1532,37,0
1533,32,0
1533,30,0
1533,6,0
1533,45,0
1533,81,0
1533,32,0
1533,58,0
1533,30,0
1534,42,0
1534,78,0
1534,25,0
1534,38,0
1534,32,0
1534,30,0
1534,37,0
1535,38,0
1535,6,0
1535,9,0
1535,30,0
1535,34,0
1535,32,0
1535,37,0
1536,41,0
1536,74,0
1536,38,0
1536,27,0
1536,37,0
1536,144,0
1536,43,0
1536,68,0
1536,100,0
1537,25,0
1537,19,0
1537,30,0
1537,32,0
1537,42,0
1537,68,0
1537,118,0
1538,47,0
1538,58,0
1538,32,0
1538,59,0
1538,115,0
1538,67,0
1538,123,0
1539,30,0
1539,41,0
1539,30,0
1539,59,0
1539,6,0
1539,67,0
1539,47,0
1539,79,0
1539,76,0
1539,58,0
1540,35,0
1540,30,0
1540,6,0
1540,67,0
1540,118,0
1540,98,0
1540,57,0
1541,41,0
1541,83,0
1541,59,0
1541,27,0
1541,32,0
1541,30,0
1541,40,0
1541,41,0
1542,3,0
1542,58,0
1542,30,0
1542,32,0
1542,102,0
1542,46,0
1542,85,0
1543,11,0
1543,83,0
1543,37,0
1543,77,0
1543,25,0
1543,30,0
1543,95,0
1544,59,0
1544,83,0
1544,152,0
1544,38,0
1544,40,0
1544,58,0
1544,32,0
1545,139,0
1545,37,0
1545,133,0
1545,47,0
1545,52,0
1545,58,0
1545,38,0
1546,30,0
1546,58,0
1546,83,0
1546,36,0
1546,38,0
1546,110,0
1546,58,0
1547,65,0
1547,66,0
1547,123,0
1547,80,0
1547,59,0
1547,1,0
1547,32,0
1548,38,0
1548,35,0
1548,25,0
1548,69,0
1548,38,0
1548,59,0
1548,58,0
1549,51,0
1549,30,0
1549,24,0
1549,79,0
1549,58,0
1549,38,0
1549,32,0
1549,35,0
1550,99,0
1550,101,0
1550,57,0
1550,58,0
1550,30,0
1550,128,0
1550,69,0
1551,25,0
1551,30,0
1551,3,0
1551,58,0
1551,67,0
1551,9,0
1551,46,0
1551,11,0
1551,1,0
1552,30,0
1552,149,0
1552,37,0
1552,47,0
1552,25,0
1552,30,0
1552,45,0
1553,58,0
1553,66,0
1553,38,0
1553,6,0
1553,30,0
1553,1,0
1553,4,0
1553,146,0
1553,89,0
1554,46,0
1554,38,0
1554,32,0
1554,30,0
1554,137,0
1554,68,0
1554,100,0
1555,25,0
1555,84,0
1555,67,0
1555,111,0
1555,30,0
1555,35,0
1555,98,0
1555,47,0
1556,69,0
1556,74,0
1556,30,0
1556,16,0
1556,40,0
1556,136,0
1556,78,0
1556,100,0
1557,89,0
1557,30,0
1557,30,0
1557,59,0
1557,6,0
1557,9,0
1557,84,0
1558,38,0
1558,40,0
1558,32,0
1558,59,0
1558,91,0
1558,107,0
1558,30,0
1558,40,0
1558,46,0
1559,6,0
1559,38,0
1559,41,0
1559,27,0
1559,1,0
1559,14,0
1559,35,0
1559,89,0
1560,3,0
1560,3,0
1560,91,0
1560,43,0
1560,89,0
1560,56,0
1560,36,0
1561,30,0
1561,37,0
1561,40,0
1561,118,0
1561,85,0
1561,34,0
1561,51,0
1561,65,0
1561,6,0
1562,30,0
1562,25,0
1562,3,0
1562,56,0
1562,122,0
1562,37,0
1562,30,0
1563,32,0
1563,81,0
1563,89,0
1563,58,0
1563,30,0
1563,36,0
1563,46,0
1563,58,0
1563,37,0
1563,6,0
1564,60,0
1564,77,0
1564,74,0
1564,80,0
1564,58,0
1564,110,0
1564,35,0
1564,37,0
1565,6,0
1565,74,0
1565,41,0
1565,27,0
1565,58,0
1565,35,0
1565,32,0
1566,38,0
1566,43,0
1566,6,0
1566,28,0
1566,143,0
1566,108,0
1566,67,0
1567,89,0
1567,118,0
1567,25,0
1567,68,0
1567,9,0
1567,30,0
1567,98,0
1567,46,0
1568,80,0
1568,84,0
1568,76,0
1568,85,0
1568,24,0
1568,30,0
1568,58,0
1569,107,0
1569,37,0
1569,60,0
1569,74,0
1569,80,0
1569,102,0
1569,3,0
1570,30,0
1570,41,0
1570,24,0
1570,3,0
1570,32,0
1570,58,0
1570,6,0
1571,79,0
1571,137,0
1571,25,0
1571,98,0
1571,11,0
1571,38,0
1571,83,0
1572,38,0
1572,30,0
1572,100,0
1572,38,0
1572,19,0
1572,34,0
1572,38,0
1573,37,0
1573,60,0
1573,6,0
1573,24,0
1573,18,0
1573,30,0
1573,40,0
1574,60,0
1574,152,0
1574,46,0
1574,74,0
1574,58,0
1574,51,0
1574,59,0
1574,35,0
1575,105,0
1575,79,0
1575,43,0
1575,30,0
1575,32,0
1575,59,0
1575,38,0
1575,99,0
1575,43,0
1575,50,0
1576,58,0
1576,35,0
1576,60,0
1576,117,0
1576,68,0
1576,11,0
1576,85,0
1577,30,0
1577,58,0
1577,104,0
1577,6,0
1577,89,0
1577,113,0
1577,30,0
1578,35,0
1578,32,0
1578,30,0
1578,38,0
1578,80,0
1578,41,0
1578,68,0
1579,38,0
1579,46,0
1579,59,0
1579,30,0
1579,32,0
1579,40,0
1579,67,0
1579,41,0
1579,58,0
1579,30,0
1579,42,0
1580,6,0
1580,85,0
1580,85,0
1580,27,0
1580,67,0
1580,9,0
1580,58,0
1581,30,0
1581,11,0
1581,59,0
1581,1,0
1581,58,0
1581,66,0
1581,30,0
1582,41,0
1582,58,0
1582,32,0
1582,6,0
1582,67,0
1582,85,0
1582,41,0
1583,69,0
1583,32,0
1583,102,0
1583,47,0
1583,25,0
1583,27,0
1583,6,0
1584,30,0
1584,32,0
1584,66,0
1584,76,0
1584,85,0
1584,38,0
1584,100,0
1584,3,0
1585,34,0
1585,83,0
1585,59,0
1585,32,0
1585,44,0
1585,74,0
1585,38,0
1585,58,0
1586,30,0
1586,102,0
1586,30,0
1586,6,0
1586,74,0
1586,34,0
1586,3,0
1587,3,0
1587,3,0
1587,122,0
1587,41,0
1587,1,0
1587,30,0
1587,60,0
1588,143,0
1588,25,0
1588,11,0
1588,59,0
1588,40,0
1588,96,0
1588,30,0
1588,46,0
1589,85,0
1589,25,0
1589,30,0
1589,46,0
1589,30,0
1589,51,0
1589,35,0
1590,47,0
1590,80,0
1590,84,0
1590,48,0
1590,32,0
1590,30,0
1590,40,0
1590,37,0
1591,60,0
1591,47,0
1591,89,0
1591,61,0
1591,98,0
1591,58,0
1591,40,0
1592,6,0
1592,67,0
1592,41,0
1592,85,0
1592,32,0
1592,58,0
1592,50,0
1592,25,0
1593,3,0
1593,37,0
1593,30,0
1593,38,0
1593,32,0
1593,126,0
1593,35,0
1593,30,0
1593,38,0
1593,25,0
1594,85,0
1594,111,0
1594,58,0
1594,38,0
1594,66,0
1594,79,0
1594,76,0
1595,41,0
1595,1,0
1595,35,0
1595,59,0
1595,102,0
1595,30,0
1595,130,0
1595,124,0
1596,6,0
1596,46,0
1596,19,0
1596,30,0
1596,37,0
1596,32,0
1596,115,0
1597,38,0
1597,84,0
1597,1,0
1597,30,0
1597,89,0
1597,38,0
1597,41,0
1597,11,0
1597,30,0
1597,65,0
1597,35,0
1597,85,0
1597,129,0
1597,32,0
1597,37,0
1597,30,0
1597,1,0
1597,6,0
1597,43,0
1597,79,0
1597,25,0
1598,32,0
1598,52,0
1598,6,0
1598,43,0
1598,85,0
1598,38,0
1598,9,0
1599,32,0
1599,58,0
1599,59,0
1599,38,0
1599,67,0
1599,74,0
1599,30,0
1600,58,0
1600,83,0
1600,68,0
1600,30,0
1600,6,0
1600,105,0
1600,25,0
1600,32,0
1600,57,0
1600,50,0
1601,41,0
1601,46,0
1601,30,0
1601,65,0
1601,35,0
1601,16,0
1601,30,0
1602,32,0
1602,59,0
1602,74,0
1602,113,0
1602,32,0
1602,110,0
1602,6,0
1603,60,0
1603,100,0
1603,47,0
1603,30,0
1603,1,0
1603,35,0
1603,32,0
1604,6,0
1604,108,0
1604,30,0
1604,24,0
1604,67,0
1604,35,0
1604,58,0
1604,35,0
1605,37,0
1605,30,0
1605,116,0
1605,41,0
1605,1,0
1605,32,0
1605,35,0
1606,25,0
1606,85,0
1606,38,0
1606,95,0
1606,51,0
1606,32,0
1606,47,0
1606,38,0
1606,74,0
1607,30,0
1607,45,0
1607,46,0
1607,41,0
1607,24,0
1607,41,0
1607,37,0
1608,32,0
1608,60,0
1608,6,0
1608,18,0
1608,38,0
1608,38,0
1608,85,0
1609,32,0
1609,57,0
1609,1,0
1609,6,0
1609,30,0
1609,76,0
1609,32,0
1610,30,0
1610,59,0
1610,6,0
1610,60,0
1610,71,0
1610,25,0
1610,30,0
1610,58,0
1610,40,0
1611,32,0
1611,66,0
1611,60,0
1611,46,0
1611,30,0
1611,1,0
1611,30,0
1611,40,0
1612,32,0
1612,59,0
1612,66,0
1612,6,0
1612,25,0
1612,76,0
1612,18,0
1613,48,0
1613,58,0
1613,14,0
1613,46,0
1613,57,0
1613,110,0
1613,40,0
1614,35,0
1614,30,0
1614,82,0
1614,71,0
1614,95,0
1614,58,0
1614,30,0
1615,79,0
1615,6,0
1615,25,0
1615,30,0
1615,37,0
1615,60,0
1615,41,0
1615,68,0
1616,9,0
1616,32,0
1616,30,0
1616,133,0
1616,38,0
1616,88,0
1616,95,0
1617,32,0
1617,37,0
1617,58,0
1617,6,0
1617,79,0
1617,74,0
1617,58,0
1618,37,0
1618,65,0
1618,32,0
1618,66,0
1618,99,0
1618,47,0
1618,56,0
1619,83,0
1619,32,0
1619,30,0
1619,58,0
1619,40,0
1619,59,0
1619,60,0
1620,30,0
1620,59,0
1620,58,0
1620,151,0
1620,137,0
1620,85,0
1620,85,0
1620,38,0
1621,32,0
1621,59,0
1621,83,0
1621,4,0
1621,139,0
1621,50,0
1621,45,0
1621,57,0
1622,30,0
1622,58,0
1622,30,0
1622,58,0
1622,110,0
1622,35,0
1622,60,0
1623,46,0
1623,30,0
1623,35,0
1623,32,0
1623,99,0
1623,30,0
1623,58,0
1624,30,0
1624,6,0
1624,146,0
1624,117,0
1624,130,0
1624,58,0
1624,38,0
1625,58,0
1625,6,0
1625,1,0
1625,25,0
1625,24,0
1625,28,0
1625,30,0
1625,32,0
1625,38,0
1626,35,0
1626,38,0
1626,6,0
1626,85,0
1626,60,0
1626,25,0
1626,32,0
1627,1,0
1627,58,0
1627,32,0
1627,40,0
1627,133,0
1627,59,0
1627,79,0
1628,30,0
1628,35,0
1628,32,0
1628,136,0
1628,46,0
1628,3,0
1628,74,0
1629,35,0
1629,44,0
1629,1,0
1629,30,0
1629,32,0
1629,59,0
1629,18,0
1630,38,0
1630,3,0
1630,56,0
1630,30,0
1630,58,0
1630,60,0
1630,46,0
1631,30,0
1631,58,0
1631,35,0
1631,43,0
1631,129,0
1631,25,0
1631,102,0
1632,3,0
1632,3,0
1632,3,0
1632,32,0
1632,30,0
1632,25,0
1632,124,0
1633,30,0
1633,40,0
1633,37,0
1633,32,0
1633,50,0
1633,77,0
1633,122,0
1633,30,0
1634,32,0
1634,37,0
1634,43,0
1634,9,0
1634,48,0
1634,11,0
1634,30,0
1635,38,0
1635,9,0
1635,69,0
1635,24,0
1635,30,0
1635,40,0
1635,32,0
1636,38,0
1636,6,0
1636,47,0
1636,84,0
1636,30,0
1636,32,0
1636,58,0
1637,98,0
1637,35,0
1637,102,0
1637,67,0
1637,43,0
1637,85,0
1637,30,0
1637,58,0
1637,35,0
1638,30,0
1638,38,0
1638,6,0
1638,41,0
1638,46,0
1638,45,0
1638,146,0
1639,7,0
1639,118,0
1639,74,0
1639,81,0
1639,68,0
1639,100,0
1639,79,0
1640,80,0
1640,78,0
1640,69,0
1640,3,0
1640,38,0
1640,38,0
1640,25,0
1640,76,0
1640,30,0
1640,30,0
1641,37,0
1641,38,0
1641,102,0
1641,74,0
1641,30,0
1641,37,0
1641,126,0
1641,35,0
1641,58,0
1641,32,0
1641,85,0
1642,27,0
1642,40,0
1642,52,0
1642,37,0
1642,35,0
1642,60,0
1642,68,0
1643,11,0
1643,1,0
1643,30,0
1643,115,0
1643,60,0
1643,76,0
1643,74,0
1643,19,0
1643,32,0
1643,37,0
1643,38,0
1643,35,0
1644,100,0
1644,84,0
1644,1,0
1644,30,0
1644,37,0
1644,60,0
1644,115,0
1645,6,0
1645,80,0
1645,41,0
1645,32,0
1645,38,0
1645,35,0
1645,74,0
1646,85,0
1646,32,0
1646,67,0
1646,38,0
1646,74,0
1646,32,0
1646,1,0
1647,65,0
1647,18,0
1647,25,0
1647,80,0
1647,30,0
1647,35,0
1647,1,0
1648,58,0
1648,40,0
1648,44,0
1648,18,0
1648,25,0
1648,41,0
1648,32,0
1649,58,0
1649,59,0
1649,105,0
1649,20,0
1649,68,0
1649,35,0
1649,30,0
1650,40,0
1650,32,0
1650,38,0
1650,60,0
1650,80,0
1650,32,0
1650,27,0
1650,67,0
1651,85,0
1651,30,0
1651,1,0
1651,43,0
1651,79,0
1651,89,0
1651,68,0
1651,25,0
1651,58,0
1651,65,0
1651,37,0
1651,67,0
1651,68,0
1651,38,0
1651,130,0
1651,34,0
1651,30,0
1651,85,0
1651,25,0
1651,46,0
1651,126,0
1651,30,0
1651,32,0
1651,37,0
1651,38,0
1651,125,0
1651,68,0
1651,30,0
1651,58,0
1651,152,0
1651,32,0
1651,41,0
1651,68,0
1651,124,0
1652,11,0
1652,35,0
1652,25,0
1652,3,0
1652,48,0
1652,38,0
1652,7,0
1652,30,0
1653,32,0
1653,60,0
1653,137,0
1653,89,0
1653,80,0
1653,74,0
1653,95,0
1654,59,0
1654,32,0
1654,47,0
1654,30,0
1654,56,0
1654,83,0
1654,6,0
1654,77,0
1654,47,0
1654,76,0
1654,30,0
1655,91,0
1655,30,0
1655,30,0
1655,37,0
1655,104,0
1655,60,0
1655,71,0
1656,118,0
1656,74,0
1656,30,0
1656,58,0
1656,83,0
1656,32,0
1656,120,0
1656,42,0
1656,98,0
1656,27,0
1656,51,0
1656,40,0
1657,58,0
1657,115,0
1657,89,0
1657,52,0
1657,30,0
1657,56,0
1657,59,0
1658,1,0
1658,30,0
1658,60,0
1658,95,0
1658,11,0
1658,122,0
1658,58,0
1658,60,0
1659,25,0
1659,74,0
1659,32,0
1659,95,0
1659,30,0
1659,74,0
1659,89,0
1659,25,0
1660,85,0
1660,84,0
1660,130,0
1660,30,0
1660,35,0
1660,38,0
1660,60,0
1661,30,0
1661,35,0
1661,32,0
1661,6,0
1661,143,0
1661,79,0
1661,25,0
1662,95,0
1662,30,0
1662,91,0
1662,59,0
1662,79,0
1662,68,0
1662,30,0
1662,103,0
1663,30,0
1663,65,0
1663,37,0
1663,74,0
1663,38,0
1663,85,0
1663,89,0
1664,19,0
1664,95,0
1664,108,0
1664,47,0
1664,9,0
1664,102,0
1664,40,0
1665,30,0
1665,38,0
1665,32,0
1665,59,0
1665,30,0
1665,66,0
1665,120,0
1666,6,0
1666,37,0
1666,30,0
1666,32,0
1666,38,0
1666,74,0
1666,58,0
1667,30,0
1667,36,0
1667,123,0
1667,56,0
1667,52,0
1667,30,0
1667,37,0
1668,45,0
1668,80,0
1668,50,0
1668,102,0
1668,1,0
1668,59,0
1668,52,0
1669,58,0
1669,149,0
1669,67,0
1669,146,0
1669,58,0
1669,42,0
1669,24,0
1670,83,0
1670,30,0
1670,69,0
1670,3,0
1670,96,0
1670,40,0
1670,98,0
1671,32,0
1671,61,0
1671,68,0
1671,30,0
1671,25,0
1671,69,0
1671,32,0
1671,40,0
1671,30,0
1672,43,0
1672,116,0
1672,56,0
1672,38,0
1672,79,0
1672,80,0
1672,32,0
1673,38,0
1673,83,0
1673,58,0
1673,32,0
1673,102,0
1673,137,0
1673,9,0
1674,25,0
1674,58,0
1674,58,0
1674,95,0
1674,34,0
1674,37,0
1674,32,0
1675,79,0
1675,130,0
1675,32,0
1675,35,0
1675,38,0
1675,6,0
1675,40,0
1676,30,0
1676,100,0
1676,27,0
1676,59,0
1676,35,0
1676,58,0
1676,30,0
1677,60,0
1677,68,0
1677,19,0
1677,40,0
1677,37,0
1677,66,0
1677,79,0
1678,103,0
1678,59,0
1678,32,0
1678,58,0
1678,40,0
1678,6,0
1678,146,0
1679,27,0
1679,95,0
1679,1,0
1679,120,0
1679,100,0
1679,80,0
1679,38,0
1679,32,0
1680,83,0
1680,139,0
1680,58,0
1680,104,0
1680,42,0
1680,123,0
1680,30,0
1681,35,0
1681,58,0
1681,32,0
1681,32,0
1681,35,0
1681,67,0
1681,47,0
1682,6,0
1682,9,0
1682,25,0
1682,111,0
1682,30,0
1682,58,0
1682,35,0
1683,81,0
1683,3,0
1683,74,0
1683,27,0
1683,30,0
1683,35,0
1683,32,0
1684,38,0
1684,6,0
1684,6,0
1684,44,0
1684,79,0
1684,46,0
1684,41,0
1684,25,0
1684,30,0
1685,30,0
1685,85,0
1685,96,0
1685,144,0
1685,152,0
1685,59,0
1685,56,0
1686,83,0
1686,58,0
1686,81,0
1686,11,0
1686,68,0
1686,30,0
1686,25,0
1686,58,0
1687,30,0
1687,46,0
1687,89,0
1687,41,0
1687,30,0
1687,69,0
1687,30,0
1688,34,0
1688,30,0
1688,85,0
1688,46,0
1688,30,0
1688,89,0
1688,111,0
1689,37,0
1689,51,0
1689,32,0
1689,6,0
1689,79,0
1689,84,0
1689,11,0
1690,37,0
1690,30,0
1690,6,0
1690,67,0
1690,78,0
1690,25,0
1690,133,0
1690,43,0
1690,58,0
1690,66,0
1690,41,0
1690,30,0
1690,38,0
1690,47,0
1690,118,0
1690,81,0
1690,25,0
1690,32,0
1690,4,0
1690,98,0
1690,79,0
1690,43,0
1690,78,0
1690,30,0
1690,84,0
1690,41,0
1690,35,0
1690,30,0
1690,38,0
1690,24,0
1691,1,0
1691,40,0
1691,32,0
1691,35,0
1691,6,0
1691,69,0
1691,25,0
1692,34,0
1692,35,0
1692,57,0
1692,52,0
1692,110,0
1692,32,0
1692,147,0
1693,25,0
1693,89,0
1693,30,0
1693,32,0
1693,83,0
1693,38,0
1693,6,0
1694,40,0
1694,135,0
1694,30,0
1694,52,0
1694,38,0
1694,32,0
1694,30,0
1694,40,0
1695,4,0
1695,25,0
1695,76,0
1695,124,0
1695,30,0
1695,32,0
1695,59,0
1696,133,0
1696,6,0
1696,80,0
1696,30,0
1696,52,0
1696,59,0
1696,32,0
1697,38,0
1697,60,0
1697,25,0
1697,32,0
1697,40,0
1697,30,0
1697,35,0
1698,71,0
1698,6,0
1698,85,0
1698,1,0
1698,58,0
1698,35,0
1698,59,0
1699,43,0
1699,76,0
1699,38,0
1699,32,0
1699,52,0
1699,65,0
1699,35,0
1700,59,0
1700,85,0
1700,30,0
1700,27,0
1700,59,0
1700,30,0
1700,40,0
1701,67,0
1701,85,0
1701,30,0
1701,96,0
1701,59,0
1701,32,0
1701,58,0
1702,9,0
1702,47,0
1702,1,0
1702,30,0
1702,32,0
1702,37,0
1702,69,0
1702,130,0
1702,58,0
1702,32,0
1702,37,0
1702,38,0
1702,6,0
1702,89,0
1702,30,0
1702,56,0
1702,30,0
1702,14,0
1702,6,0
1702,60,0
1702,67,0
1702,74,0
1702,16,0
1702,37,0
1702,35,0
1702,60,0
1702,41,0
1702,6,0
1702,78,0
1702,58,0
1702,126,0
1702,30,0
1702,37,0
1702,6,0
1702,43,0
1702,25,0
1702,38,0
1702,30,0
1702,96,0
1703,58,0
1703,32,0
1703,67,0
1703,47,0
1703,85,0
1703,41,0
1703,46,0
1703,32,0
1703,30,0
1703,14,0
1703,38,0
1704,6,0
1704,3,0
1704,50,0
1704,58,0
1704,11,0
1704,30,0
1704,35,0
1705,37,0
1705,6,0
1705,74,0
1705,89,0
1705,58,0
1705,40,0
1705,68,0
1706,79,0
1706,100,0
1706,30,0
1706,111,0
1706,91,0
1706,25,0
1706,30,0
1707,37,0
1707,6,0
1707,43,0
1707,3,0
1707,25,0
1707,30,0
1707,35,0
1708,30,0
1708,30,0
1708,1,0
1708,83,0
1708,37,0
1708,24,0
1708,37,0
1708,30,0
1709,58,0
1709,35,0
1709,6,0
1709,24,0
1709,38,0
1709,91,0
1709,30,0
1710,89,0
1710,11,0
1710,68,0
1710,25,0
1710,30,0
1710,35,0
1710,91,0
1711,6,0
1711,60,0
1711,81,0
1711,85,0
1711,56,0
1711,96,0
1711,40,0
1712,6,0
1712,80,0
1712,48,0
1712,58,0
1712,51,0
1712,37,0
1712,50,0
1713,76,0
1713,85,0
1713,30,0
1713,56,0
1713,126,0
1713,58,0
1713,104,0
1714,142,0
1714,101,0
1714,89,0
1714,30,0
1714,58,0
1714,35,0
1714,97,0
1715,80,0
1715,84,0
1715,32,0
1715,134,0
1715,40,0
1715,30,0
1715,35,0
1716,107,0
1716,32,0
1716,74,0
1716,32,0
1716,30,0
1716,35,0
1716,6,0
1717,25,0
1717,84,0
1717,102,0
1717,134,0
1717,30,0
1717,37,0
1717,32,0
1717,102,0
1718,25,0
1718,11,0
1718,65,0
1718,151,0
1718,78,0
1718,46,0
1718,36,0
1719,37,0
1719,6,0
1719,85,0
1719,111,0
1719,6,0
1719,68,0
1719,30,0
1719,32,0
1720,69,0
1720,35,0
1720,46,0
1720,19,0
1720,30,0
1720,35,0
1720,37,0
1720,32,0
1721,99,0
1721,32,0
1721,6,0
1721,50,0
1721,117,0
1721,30,0
1721,58,0
1722,34,0
1722,30,0
1722,59,0
1722,1,0
1722,37,0
1722,83,0
1722,58,0
1723,50,0
1723,105,0
1723,134,0
1723,30,0
1723,122,0
1723,1,0
1723,14,0
1724,46,0
1724,124,0
1724,30,0
1724,57,0
1724,32,0
1724,59,0
1724,35,0
1724,60,0
1724,25,0
1725,30,0
1725,58,0
1725,67,0
1725,30,0
1725,59,0
1725,83,0
1725,38,0
1726,60,0
1726,99,0
1726,27,0
1726,6,0
1726,38,0
1726,111,0
1726,40,0
1726,38,0
1727,60,0
1727,147,0
1727,111,0
1727,30,0
1727,32,0
1727,58,0
1727,30,0
1728,40,0
1728,30,0
1728,59,0
1728,58,0
1728,104,0
1728,115,0
1728,84,0
1728,3,0
1728,3,0
1728,110,0
1729,1,0
1729,38,0
1729,60,0
1729,46,0
1729,30,0
1729,30,0
1729,35,0
1730,32,0
1730,67,0
1730,25,0
1730,69,0
1730,56,0
1730,135,0
1730,52,0
1731,58,0
1731,35,0
1731,6,0
1731,102,0
1731,25,0
1731,35,0
1731,36,0
1732,37,0
1732,32,0
1732,3,0
1732,3,0
1732,3,0
1732,32,0
1732,37,0
1733,30,0
1733,98,0
1733,47,0
1733,79,0
1733,25,0
1733,32,0
1733,30,0
1734,71,0
1734,30,0
1734,35,0
1734,43,0
1734,38,0
1734,68,0
1734,56,0
1735,30,0
1735,59,0
1735,6,0
1735,68,0
1735,89,0
1735,46,0
1735,38,0
1735,111,0
1735,32,0
1736,59,0
1736,35,0
1736,40,0
1736,137,0
1736,30,0
1736,83,0
1736,30,0
1737,69,0
1737,3,0
1737,38,0
1737,85,0
1737,30,0
1737,58,0
1737,30,0
1738,38,0
1738,47,0
1738,19,0
1738,1,0
1738,107,0
1738,89,0
1738,68,0
1739,79,0
1739,76,0
1739,58,0
1739,35,0
1739,37,0
1739,38,0
1739,68,0
1740,82,0
1740,30,0
1740,34,0
1740,32,0
1740,38,0
1740,59,0
1740,81,0
1740,57,0
1740,58,0
1740,58,0
1740,30,0
1740,144,0
1740,35,0
1740,37,0
1740,78,0
1740,85,0
1740,36,0
1740,58,0
1740,25,0
1740,46,0
1740,111,0
1740,35,0
1740,102,0
1740,30,0
1740,58,0
1740,9,0
1740,129,0
1740,76,0
1740,30,0
1740,1,0
1740,58,0
1740,139,0
1740,66,0
1741,37,0
1741,102,0
1741,103,0
1741,59,0
1741,58,0
1741,32,0
1741,38,0
1741,99,0
1741,30,0
1742,11,0
1742,96,0
1742,32,0
1742,59,0
1742,70,0
1742,101,0
1742,32,0
1743,38,0
1743,50,0
1743,59,0
1743,36,0
1743,30,0
1743,85,0
1743,30,0
1744,52,0
1744,59,0
1744,58,0
1744,35,0
1744,25,0
1744,134,0
1744,1,0
1745,32,0
1745,35,0
1745,80,0
1745,74,0
1745,95,0
1745,58,0
1745,1,0
1746,37,0
1746,6,0
1746,74,0
1746,85,0
1746,14,0
1746,89,0
1746,76,0
1747,38,0
1747,58,0
1747,30,0
1747,30,0
1747,32,0
1747,59,0
1747,115,0
1747,6,0
1748,38,0
1748,25,0
1748,30,0
1748,52,0
1748,97,0
1748,146,0
1748,80,0
1748,25,0
1748,89,0
1748,1,0
1748,32,0
1748,59,0
1749,79,0
1749,20,0
1749,74,0
1749,30,0
1749,122,0
1749,32,0
1749,6,0
1749,44,0
1750,79,0
1750,80,0
1750,27,0
1750,32,0
1750,40,0
1750,6,0
1750,74,0
1751,25,0
1751,32,0
1751,36,0
1751,6,0
1751,46,0
1751,68,0
1751,30,0
1752,34,0
1752,84,0
1752,30,0
1752,58,0
1752,32,0
1752,40,0
1752,79,0
1753,76,0
1753,41,0
1753,1,0
1753,30,0
1753,139,0
1753,66,0
1753,38,0
1753,116,0
1754,67,0
1754,30,0
1754,95,0
1754,58,0
1754,37,0
1754,115,0
1754,46,0
1755,41,0
1755,30,0
1755,32,0
1755,37,0
1755,142,0
1755,46,0
1755,111,0
1756,32,0
1756,59,0
1756,79,0
1756,67,0
1756,32,0
1756,35,0
1756,152,0
1757,38,0
1757,30,0
1757,34,0
1757,35,0
1757,58,0
1757,3,0
1757,58,0
1758,35,0
1758,85,0
1758,34,0
1758,85,0
1758,59,0
1758,96,0
1758,1,0
1759,38,0
1759,30,0
1759,27,0
1759,35,0
1759,32,0
1759,98,0
1759,60,0
1759,25,0
1760,56,0
1760,59,0
1760,51,0
1760,30,0
1760,142,0
1760,89,0
1760,30,0
1760,37,0
1760,34,0
1761,58,0
1761,18,0
1761,67,0
1761,1,0
1761,30,0
1761,37,0
1761,40,0
1762,32,0
1762,60,0
1762,40,0
1762,30,0
1762,42,0
1762,41,0
1762,30,0
1763,34,0
1763,58,0
1763,136,0
1763,101,0
1763,129,0
1763,85,0
1763,30,0
1764,38,0
1764,32,0
1764,59,0
1764,60,0
1764,6,0
1764,3,0
1764,3,0
1765,35,0
1765,59,0
1765,40,0
1765,30,0
1765,32,0
1765,60,0
1765,59,0
1766,1,0
1766,91,0
1766,32,0
1766,69,0
1766,30,0
1766,27,0
1766,1,0
1767,30,0
1767,40,0
1767,66,0
1767,41,0
1767,59,0
1767,122,0
1767,1,0
1768,30,0
1768,9,0
1768,30,0
1768,58,0
1768,58,0
1768,91,0
1768,134,0
1769,59,0
1769,34,0
1769,1,0
1769,30,0
1769,152,0
1769,60,0
1769,59,0
1769,40,0
1770,30,0
1770,1,0
1770,152,0
1770,133,0
1770,43,0
1770,56,0
1770,91,0
1770,59,0
1771,32,0
1771,35,0
1771,74,0
1771,30,0
1771,91,0
1771,38,0
1771,103,0
1772,58,0
1772,38,0
1772,81,0
1772,30,0
1772,32,0
1772,34,0
1772,34,0
1773,36,0
1773,38,0
1773,30,0
1773,95,0
1773,37,0
1773,32,0
1773,105,0
1774,50,0
1774,3,0
1774,56,0
1774,59,0
1774,30,0
1774,67,0
1774,85,0
1774,27,0
1775,34,0
1775,32,0
1775,59,0
1775,30,0
1775,51,0
1775,37,0
1775,32,0
1776,80,0
1776,85,0
1776,41,0
1776,30,0
1776,32,0
1776,59,0
1776,79,0
1777,99,0
1777,27,0
1777,83,0
1777,37,0
1777,40,0
1777,38,0
1777,79,0
1778,30,0
1778,85,0
1778,134,0
1778,58,0
1778,1,0
1778,30,0
1778,38,0
1779,60,0
1779,25,0
1779,59,0
1779,45,0
1779,30,0
1779,27,0
1779,59,0
1780,27,0
1780,45,0
1780,43,0
1780,131,0
1780,58,0
1780,83,0
1780,40,0
1781,37,0
1781,3,0
1781,37,0
1781,89,0
1781,41,0
1781,34,0
1781,59,0
1782,58,0
1782,30,0
1782,18,0
1782,111,0
1782,58,0
1782,30,0
1782,30,0
1782,58,0
1782,46,0
1783,25,0
1783,96,0
1783,58,0
1783,40,0
1783,59,0
1783,1,0
1783,30,0
1784,79,0
1784,37,0
1784,36,0
1784,32,0
1784,35,0
1784,37,0
1784,99,0
1785,58,0
1785,1,0
1785,35,0
1785,68,0
1785,30,0
1785,34,0
1785,144,0
1786,37,0
1786,32,0
1786,98,0
1786,16,0
1786,59,0
1786,95,0
1786,1,0
1787,46,0
1787,74,0
1787,59,0
1787,58,0
1787,30,0
1787,50,0
1787,25,0
1788,111,0
1788,96,0
1788,139,0
1788,60,0
1788,98,0
1788,59,0
1788,96,0
1789,1,0
1789,102,0
1789,58,0
1789,126,0
1789,37,0
1789,32,0
1789,82,0
1790,110,0
1790,58,0
1790,59,0
1790,66,0
1790,89,0
1790,59,0
1790,34,0
1791,58,0
1791,40,0
1791,51,0
1791,30,0
1791,85,0
1791,30,0
1791,57,0
1792,32,0
1792,66,0
1792,79,0
1792,25,0
1792,35,0
1792,32,0
1792,95,0
1793,126,0
1793,4,0
1793,52,0
1793,102,0
1793,37,0
1793,78,0
1793,30,0
1794,57,0
1794,58,0
1794,59,0
1794,58,0
1794,91,0
1794,30,0
1794,105,0
1794,67,0
1795,30,0
1795,58,0
1795,6,0
1795,66,0
1795,77,0
1795,69,0
1795,38,0
1796,96,0
1796,59,0
1796,1,0
1796,30,0
1796,82,0
1796,74,0
1796,30,0
1797,30,0
1797,91,0
1797,96,0
1797,105,0
1797,43,0
1797,68,0
1797,79,0
1798,103,0
1798,37,0
1798,30,0
1798,35,0
1798,32,0
1798,81,0
1798,85,0
1798,34,0
1799,58,0
1799,37,0
1799,32,0
1799,57,0
1799,59,0
1799,1,0
1799,62,0
1800,99,0
1800,30,0
1800,30,0
1800,58,0
1800,139,0
1800,35,0
1800,79,0
1800,56,0
1800,95,0
1801,91,0
1801,37,0
1801,6,0
1801,60,0
1801,25,0
1801,27,0
1801,34,0
1801,36,0
1801,32,0
1802,79,0
1802,38,0
1802,67,0
1802,128,0
1802,34,0
1802,3,0
1802,45,0
1802,134,0
1803,30,0
1803,59,0
1803,51,0
1803,35,0
1803,84,0
1803,58,0
1803,95,0
1804,35,0
1804,32,0
1804,118,0
1804,80,0
1804,25,0
1804,30,0
1804,85,0
1805,76,0
1805,84,0
1805,19,0
1805,40,0
1805,30,0
1805,37,0
1805,38,0
1806,47,0
1806,3,0
1806,3,0
1806,59,0
1806,1,0
1806,30,0
1806,107,0
1807,40,0
1807,115,0
1807,3,0
1807,1,0
1807,32,0
1807,35,0
1807,59,0
1807,60,0
1808,117,0
1808,74,0
1808,34,0
1808,103,0
1808,35,0
1808,59,0
1808,43,0
1808,4,0
1808,9,0
1808,111,0
1808,32,0
1809,59,0
1809,38,0
1809,30,0
1809,85,0
1809,30,0
1809,32,0
1809,59,0
1809,35,0
1809,58,0
1810,120,0
1810,3,0
1810,58,0
1810,37,0
1810,91,0
1810,1,0
1810,35,0
1810,79,0
1810,9,0
1811,16,0
1811,57,0
1811,37,0
1811,35,0
1811,77,0
1811,60,0
1811,30,0
1811,56,0
1812,95,0
1812,34,0
1812,32,0
1812,37,0
1812,98,0
1812,1,0
1812,58,0
1813,30,0
1813,42,0
1813,47,0
1813,68,0
1813,41,0
1813,58,0
1813,30,0
1814,22,0
1814,32,0
1814,66,0
1814,6,0
1814,149,0
1814,58,0
1814,83,0
1815,40,0
1815,30,0
1815,32,0
1815,102,0
1815,4,0
1815,57,0
1815,91,0
1816,37,0
1816,30,0
1816,67,0
1816,27,0
1816,59,0
1816,30,0
1816,77,0
1817,116,0
1817,76,0
1817,95,0
1817,30,0
1817,37,0
1817,127,0
1817,1,0
1818,96,0
1818,149,0
1818,46,0
1818,34,0
1818,38,0
1818,30,0
1818,152,0
1819,38,0
1819,25,0
1819,84,0
1819,56,0
1819,122,0
1819,30,0
1819,59,0
1820,6,0
1820,79,0
1820,118,0
1820,59,0
1820,41,0
1820,1,0
1820,60,0
1821,67,0
1821,59,0
1821,1,0
1821,67,0
1821,79,0
1821,56,0
1821,30,0
1822,83,0
1822,77,0
1822,37,0
1822,3,0
1822,11,0
1822,32,0
1822,30,0
1823,14,0
1823,66,0
1823,102,0
1823,32,0
1823,38,0
1823,6,0
1823,60,0
1824,9,0
1824,1,0
1824,91,0
1824,59,0
1824,149,0
1824,6,0
1824,148,0
1824,43,0
1825,118,0
1825,30,0
1825,58,0
1825,6,0
1825,102,0
1825,42,0
1825,67,0
1826,1,0
1826,30,0
1826,37,0
1826,41,0
1826,123,0
1826,76,0
1826,37,0
1827,58,0
1827,35,0
1827,32,0
1827,41,0
1827,24,0
1827,32,0
1827,58,0
1828,38,0
1828,35,0
1828,59,0
1828,3,0
1828,30,0
1828,58,0
1828,89,0
1829,111,0
1829,1,0
1829,58,0
1829,66,0
1829,142,0
1829,25,0
1829,30,0
1830,38,0
1830,30,0
1830,34,0
1830,30,0
1830,32,0
1830,40,0
1830,6,0
1830,46,0
1831,124,0
1831,30,0
1831,32,0
1831,107,0
1831,47,0
1831,46,0
1831,74,0
1832,68,0
1832,32,0
1832,38,0
1832,6,0
1832,126,0
1832,104,0
1832,43,0
1833,78,0
1833,25,0
1833,32,0
1833,40,0
1833,38,0
1833,6,0
1833,66,0
1833,79,0
1833,25,0
1833,11,0
1834,32,0
1834,6,0
1834,132,0
1834,71,0
1834,41,0
1834,130,0
1834,30,0
1835,37,0
1835,32,0
1835,35,0
1835,129,0
1835,96,0
1835,1,0
1835,58,0
1836,32,0
1836,105,0
1836,25,0
1836,69,0
1836,67,0
1836,30,0
1836,58,0
1837,18,0
1837,58,0
1837,3,0
1837,30,0
1837,133,0
1837,25,0
1837,27,0
1838,34,0
1838,1,0
1838,38,0
1838,105,0
1838,108,0
1838,30,0
1838,56,0
1839,3,0
1839,37,0
1839,110,0
1839,40,0
1839,58,0
1839,32,0
1839,6,0
1839,79,0
1839,11,0
1840,34,0
1840,36,0
1840,95,0
1840,40,0
1840,35,0
1840,41,0
1840,81,0
1841,79,0
1841,1,0
1841,146,0
1841,18,0
1841,46,0
1841,25,0
1841,19,0
1841,59,0
1842,58,0
1842,43,0
1842,68,0
1842,69,0
1842,41,0
1842,58,0
1842,30,0
1843,58,0
1843,82,0
1843,96,0
1843,126,0
1843,1,0
1843,30,0
1843,148,0
1844,32,0
1844,3,0
1844,27,0
1844,57,0
1844,83,0
1844,139,0
1844,6,0
1844,37,0
1844,30,0
1844,58,0
1844,95,0
1844,91,0
1844,66,0
1844,60,0
1845,134,0
1845,11,0
1845,34,0
1845,35,0
1845,36,0
1845,98,0
1845,56,0
1846,40,0
1846,30,0
1846,35,0
1846,59,0
1846,30,0
1846,144,0
1846,32,0
1847,59,0
1847,6,0
1847,132,0
1847,79,0
1847,111,0
1847,32,0
1847,40,0
1848,37,0
1848,137,0
1848,47,0
1848,85,0
1848,126,0
1848,83,0
1848,111,0
1849,1,0
1849,59,0
1849,35,0
1849,9,0
1849,113,0
1849,30,0
1849,32,0
1850,35,0
1850,6,0
1850,118,0
1850,69,0
1850,11,0
1850,79,0
1850,30,0
1850,38,0
1851,9,0
1851,30,0
1851,58,0
1851,35,0
1851,32,0
1851,14,0
1851,25,0
1852,30,0
1852,37,0
1852,91,0
1852,36,0
1852,6,0
1852,116,0
1852,41,0
1853,30,0
1853,37,0
1853,4,0
1853,35,0
1853,60,0
1853,47,0
1853,41,0
1854,56,0
1854,37,0
1854,30,0
1854,35,0
1854,43,0
1854,80,0
1854,9,0
1855,30,0
1855,67,0
1855,3,0
1855,25,0
1855,96,0
1855,38,0
1855,25,0
1856,84,0
1856,11,0
1856,1,0
1856,67,0
1856,117,0
1856,71,0
1856,85,0
1857,9,0
1857,30,0
1857,1,0
1857,37,0
1857,85,0
1857,110,0
1857,32,0
1857,37,0
1858,41,0
1858,118,0
1858,38,0
1858,56,0
1858,59,0
1858,32,0
1858,30,0
1859,35,0
1859,74,0
1859,89,0
1859,32,0
1859,30,0
1859,65,0
1859,60,0
1860,115,0
1860,42,0
1860,41,0
1860,111,0
1860,4,0
1860,30,0
1860,37,0
1861,47,0
1861,74,0
1861,85,0
1861,59,0
1861,58,0
1861,32,0
1861,38,0
1862,6,0
1862,102,0
1862,89,0
1862,27,0
1862,32,0
1862,58,0
1862,35,0
1862,42,0
1863,69,0
1863,56,0
1863,121,0
1863,32,0
1863,65,0
1863,59,0
1863,45,0
1864,130,0
1864,11,0
1864,37,0
1864,40,0
1864,35,0
1864,6,0
1864,77,0
1865,148,0
1865,1,0
1865,37,0
1865,6,0
1865,30,0
1865,32,0
1865,59,0
1866,30,0
1866,35,0
1866,41,0
1866,76,0
1866,85,0
1866,56,0
1866,32,0
1867,30,0
1867,60,0
1867,143,0
1867,100,0
1867,130,0
1867,68,0
1867,11,0
1868,32,0
1868,91,0
1868,66,0
1868,137,0
1868,100,0
1868,69,0
1868,25,0
1869,76,0
1869,103,0
1869,32,0
1869,35,0
1869,37,0
1869,25,0
1869,30,0
1869,27,0
1870,59,0
1870,35,0
1870,36,0
1870,6,0
1870,105,0
1870,85,0
1870,67,0
1870,11,0
1870,30,0
1870,32,0
1871,35,0
1871,46,0
1871,129,0
1871,84,0
1871,30,0
1871,37,0
1871,58,0
1872,40,0
1872,32,0
1872,66,0
1872,130,0
1872,30,0
1872,41,0
1872,82,0
1873,110,0
1873,52,0
1873,30,0
1873,42,0
1873,6,0
1873,130,0
1873,32,0
1873,51,0
1874,40,0
1874,6,0
1874,25,0
1874,85,0
1874,76,0
1874,30,0
1874,67,0
1874,83,0
1874,85,0
1874,1,0
1874,83,0
1874,44,0
1874,101,0
1874,68,0
1874,58,0
1874,30,0
1874,38,0
1874,30,0
1874,38,0
1874,11,0
1874,58,0
1874,32,0
1874,40,0
1874,6,0
1874,84,0
1874,102,0
1874,1,0
1874,59,0
1874,30,0
1874,40,0
1874,38,0
1874,35,0
1874,30,0
1874,58,0
1874,107,0
1874,9,0
1874,81,0
1874,58,0
1874,30,0
1874,100,0
1874,85,0
1874,59,0
1874,110,0
1874,30,0
1874,35,0
1874,60,0
1874,43,0
1874,89,0
1874,32,0
1874,40,0
1875,25,0
1875,27,0
1875,95,0
1875,126,0
1875,91,0
1875,35,0
1875,6,0
1875,102,0
1876,30,0
1876,30,0
1876,32,0
1876,59,0
1876,35,0
1876,25,0
1876,34,0
1877,32,0
1877,30,0
1877,25,0
1877,69,0
1877,130,0
1877,89,0
1877,124,0
1877,32,0
1877,38,0
1878,6,0
1878,67,0
1878,89,0
1878,30,0
1878,84,0
1878,58,0
1878,1,0
1879,35,0
1879,43,0
1879,25,0
1879,76,0
1879,30,0
1879,1,0
1879,30,0
1879,38,0
1880,66,0
1880,42,0
1880,79,0
1880,1,0
1880,58,0
1880,32,0
1880,37,0
1881,60,0
1881,47,0
1881,80,0
1881,59,0
1881,32,0
1881,58,0
1881,38,0
1881,47,0
1882,100,0
1882,85,0
1882,24,0
1882,20,0
1882,68,0
1882,56,0
1882,51,0
1883,59,0
1883,40,0
1883,38,0
1883,47,0
1883,41,0
1883,58,0
1883,85,0
1884,30,0
1884,38,0
1884,1,0
1884,32,0
1884,67,0
1884,38,0
1884,35,0
1885,52,0
1885,68,0
1885,56,0
1885,1,0
1885,115,0
1885,37,0
1885,58,0
1886,35,0
1886,30,0
1886,32,0
1886,79,0
1886,46,0
1886,32,0
1886,57,0
1887,37,0
1887,91,0
1887,22,0
1887,144,0
1887,66,0
1887,19,0
1887,95,0
1887,59,0
1888,38,0
1888,7,0
1888,89,0
1888,46,0
1888,56,0
1888,30,0
1888,40,0
1889,35,0
1889,67,0
1889,6,0
1889,84,0
1889,30,0
1889,38,0
1889,67,0
1889,30,0
1889,58,0
1889,30,0
1889,35,0
1889,38,0
1889,32,0
1889,34,0
1890,58,0
1890,102,0
1890,52,0
1890,35,0
1890,43,0
1890,37,0
1890,60,0
1890,118,0
1890,30,0
1891,58,0
1891,37,0
1891,38,0
1891,6,0
1891,118,0
1891,111,0
1891,34,0
1892,30,0
1892,107,0
1892,79,0
1892,129,0
1892,89,0
1892,9,0
1892,1,0
1893,4,0
1893,5,0
1893,6,0
1893,2,0
1893,22,0
1893,11,0
1893,102,0
1893,64,0
1894,6,0
1894,24,0
1894,25,0
1894,30,0
1894,26,0
1894,28,0
1894,27,0
1895,32,0
1895,29,0
1895,24,0
1895,113,0
1895,74,0
1895,96,0
1895,30,0
1896,58,0
1896,30,0
1896,32,0
1896,40,0
1896,82,0
1896,38,0
1896,43,0
1897,6,0
1897,46,0
1897,51,0
1897,43,0
1897,68,0
1897,79,0
1897,80,0
1898,30,0
1898,32,0
1898,104,0
1898,35,0
1898,149,0
1898,46,0
1898,38,0
1899,42,0
1899,58,0
1899,122,0
1899,30,0
1899,37,0
1899,36,0
1899,120,0
1900,85,0
1900,38,0
1900,37,0
1900,107,0
1900,57,0
1900,58,0
1900,35,0
1901,6,0
1901,89,0
1901,85,0
1901,58,0
1901,52,0
1901,30,0
1901,98,0
1902,6,0
1902,79,0
1902,68,0
1902,37,0
1902,30,0
1902,32,0
1902,38,0
1903,6,0
1903,79,0
1903,130,0
1903,25,0
1903,85,0
1903,30,0
1903,56,0
1904,96,0
1904,52,0
1904,38,0
1904,30,0
1904,1,0
1904,59,0
1904,58,0
1905,67,0
1905,146,0
1905,30,0
1905,37,0
1905,43,0
1905,40,0
1905,11,0
1906,40,0
1906,91,0
1906,37,0
1906,30,0
1906,133,0
1906,3,0
1906,32,0
1907,35,0
1907,30,0
1907,105,0
1907,6,0
1907,91,0
1907,133,0
1907,38,0
1908,6,0
1908,60,0
1908,131,0
1908,67,0
1908,52,0
1908,30,0
1908,46,0
1909,38,0
1909,27,0
1909,32,0
1909,41,0
1909,38,0
1909,3,0
1909,102,0
1910,32,0
1910,38,0
1910,32,0
1910,3,0
1910,58,0
1910,37,0
1910,32,0
1911,35,0
1911,6,0
1911,79,0
1911,84,0
1911,32,0
1911,59,0
1911,30,0
1912,6,0
1912,67,0
1912,128,0
1912,27,0
1912,32,0
1912,35,0
1912,44,0
1913,37,0
1913,118,0
1913,79,0
1913,35,0
1913,9,0
1913,69,0
1913,111,0
1913,46,0
1914,58,0
1914,30,0
1914,25,0
1914,68,0
1914,32,0
1914,85,0
1914,25,0
1915,30,0
1915,46,0
1915,111,0
1915,30,0
1915,30,0
1915,42,0
1915,98,0
1916,30,0
1916,30,0
1916,58,0
1916,37,0
1916,40,0
1916,43,0
1916,81,0
1917,46,0
1917,45,0
1917,37,0
1917,6,0
1917,58,0
1917,6,0
1917,102,0
1918,43,0
1918,30,0
1918,30,0
1918,58,0
1918,30,0
1918,60,0
1918,37,0
1919,1,0
1919,32,0
1919,6,0
1919,25,0
1919,67,0
1919,122,0
1919,57,0
1920,52,0
1920,60,0
1920,30,0
1920,35,0
1920,32,0
1920,139,0
1920,59,0
1921,6,0
1921,79,0
1921,27,0
1921,37,0
1921,30,0
1921,40,0
1921,32,0
1922,6,0
1922,130,0
1922,35,0
1922,32,0
1922,30,0
1922,38,0
1922,71,0
1923,9,0
1923,25,0
1923,30,0
1923,58,0
1923,59,0
1923,66,0
1923,137,0
1924,38,0
1924,24,0
1924,58,0
1924,78,0
1924,35,0
1924,32,0
1924,35,0
1924,30,0
1924,67,0
1924,99,0
1925,129,0
1925,38,0
1925,91,0
1925,4,0
1925,139,0
1925,58,0
1925,32,0
1926,115,0
1926,46,0
1926,85,0
1926,30,0
1926,30,0
1926,1,0
1926,37,0
1927,35,0
1927,58,0
1927,118,0
1927,102,0
1927,30,0
1927,32,0
1927,58,0
1928,47,0
1928,68,0
1928,38,0
1928,46,0
1928,1,0
1928,59,0
1928,30,0
1929,58,0
1929,120,0
1929,62,0
1929,25,0
1929,30,0
1929,58,0
1929,59,0
1930,38,0
1930,67,0
1930,89,0
1930,41,0
1930,95,0
1930,30,0
1930,83,0
1930,79,0
1930,42,0
1931,78,0
1931,30,0
1931,67,0
1931,69,0
1931,97,0
1931,1,0
1931,35,0
1931,58,0
1932,59,0
1932,50,0
1932,44,0
1932,25,0
1932,4,0
1932,32,0
1932,30,0
1933,35,0
1933,69,0
1933,25,0
1933,101,0
1933,56,0
1933,38,0
1933,32,0
1934,30,0
1934,58,0
1934,108,0
1934,46,0
1934,111,0
1934,60,0
1934,18,0
1934,38,0
1935,32,0
1935,25,0
1935,58,0
1935,30,0
1935,30,0
1935,38,0
1935,96,0
1935,30,0
1936,58,0
1936,89,0
1936,58,0
1936,37,0
1936,46,0
1936,103,0
1936,37,0
1937,32,0
1937,79,0
1937,124,0
1937,32,0
1937,38,0
1937,6,0
1937,35,0
1937,100,0
1938,30,0
1938,68,0
1938,129,0
1938,30,0
1938,25,0
1938,27,0
1938,41,0
1939,59,0
1939,35,0
1939,32,0
1939,74,0
1939,25,0
1939,58,0
1939,30,0
1940,40,0
1940,66,0
1940,121,0
1940,18,0
1940,3,0
1940,58,0
1940,30,0
1941,37,0
1941,60,0
1941,88,0
1941,91,0
1941,38,0
1941,6,0
1941,56,0
1941,30,0
1941,37,0
1942,4,0
1942,107,0
1942,144,0
1942,35,0
1942,9,0
1942,11,0
1942,85,0
1943,135,0
1943,58,0
1943,30,0
1943,104,0
1943,143,0
1943,9,0
1943,58,0
1943,32,0
1943,152,0
1944,38,0
1944,6,0
1944,46,0
1944,59,0
1944,38,0
1944,122,0
1944,32,0
1945,59,0
1945,40,0
1945,38,0
1945,6,0
1945,148,0
1945,27,0
1945,37,0
1946,91,0
1946,35,0
1946,6,0
1946,69,0
1946,38,0
1946,11,0
1946,30,0
1947,66,0
1947,6,0
1947,108,0
1947,9,0
1947,84,0
1947,35,0
1947,25,0
1948,38,0
1948,30,0
1948,100,0
1948,42,0
1948,129,0
1948,69,0
1948,35,0
1949,38,0
1949,30,0
1949,83,0
1949,58,0
1949,32,0
1949,89,0
1949,74,0
1950,30,0
1950,67,0
1950,30,0
1950,37,0
1950,58,0
1950,36,0
1950,40,0
1950,38,0
1950,3,0
1951,83,0
1951,38,0
1951,57,0
1951,51,0
1951,30,0
1951,58,0
1951,38,0
1952,84,0
1952,47,0
1952,30,0
1952,51,0
1952,35,0
1952,38,0
1952,25,0
1953,68,0
1953,74,0
1953,78,0
1953,58,0
1953,40,0
1953,42,0
1953,91,0
1954,43,0
1954,96,0
1954,30,0
1954,1,0
1954,37,0
1954,6,0
1954,85,0
1955,46,0
1955,30,0
1955,111,0
1955,35,0
1955,32,0
1955,38,0
1955,35,0
1955,67,0
1955,85,0
1956,25,0
1956,138,0
1956,30,0
1956,32,0
1956,6,0
1956,47,0
1956,74,0
1957,41,0
1957,25,0
1957,32,0
1957,38,0
1957,84,0
1957,58,0
1957,32,0
1958,83,0
1958,30,0
1958,129,0
1958,38,0
1958,24,0
1958,19,0
1958,45,0
1959,30,0
1959,36,0
1959,35,0
1959,108,0
1959,32,0
1959,30,0
1959,131,0
1960,70,0
1960,58,0
1960,1,0
1960,37,0
1960,40,0
1960,105,0
1960,47,0
1961,32,0
1961,59,0
1961,30,0
1961,58,0
1961,66,0
1961,88,0
1961,68,0
1962,16,0
1962,91,0
1962,30,0
1962,37,0
1962,60,0
1962,6,0
1962,129,0
1963,32,0
1963,30,0
1963,58,0
1963,1,0
1963,69,0
1963,89,0
1963,35,0
1964,110,0
1964,37,0
1964,32,0
1964,60,0
1964,6,0
1964,38,0
1964,37,0
1965,32,0
1965,78,0
1965,30,0
1965,4,0
1965,35,0
1965,6,0
1965,99,0
1965,47,0
1966,25,0
1966,58,0
1966,30,0
1966,41,0
1966,51,0
1966,37,0
1966,32,0
1967,35,0
1967,85,0
1967,25,0
1967,95,0
1967,35,0
1967,30,0
1967,58,0
1968,120,0
1968,60,0
1968,32,0
1968,52,0
1968,83,0
1968,37,0
1968,6,0
1969,76,0
1969,30,0
1969,41,0
1969,38,0
1969,77,0
1969,60,0
1969,67,0
1970,46,0
1970,47,0
1970,35,0
1970,37,0
1970,43,0
1970,98,0
1970,68,0
1971,139,0
1971,104,0
1971,97,0
1971,18,0
1971,68,0
1971,38,0
1971,11,0
1972,30,0
1972,37,0
1972,6,0
1972,100,0
1972,85,0
1972,25,0
1972,40,0
1973,67,0
1973,27,0
1973,30,0
1973,40,0
1973,35,0
1973,59,0
1973,6,0
1974,84,0
1974,1,0
1974,37,0
1974,65,0
1974,30,0
1974,6,0
1974,89,0
1974,24,0
1975,32,0
1975,35,0
1975,88,0
1975,85,0
1975,58,0
1975,37,0
1975,30,0
1976,35,0
1976,79,0
1976,6,0
1976,78,0
1976,58,0
1976,30,0
1976,32,0
1977,30,0
1977,38,0
1977,27,0
1977,37,0
1977,58,0
1977,30,0
1977,66,0
1978,68,0
1978,34,0
1978,41,0
1978,124,0
1978,57,0
1978,110,0
1978,83,0
1979,32,0
1979,37,0
1979,30,0
1979,41,0
1979,111,0
1979,58,0
1979,18,0
1980,6,0
1980,110,0
1980,32,0
1980,30,0
1980,83,0
1980,79,0
1980,80,0
1980,129,0
1981,56,0
1981,96,0
1981,30,0
1981,25,0
1981,32,0
1981,58,0
1981,35,0
1982,38,0
1982,50,0
1982,105,0
1982,25,0
1982,144,0
1982,38,0
1982,1,0
1983,91,0
1983,30,0
1983,58,0
1983,42,0
1983,80,0
1983,25,0
1983,24,0
1984,30,0
1984,85,0
1984,3,0
1984,27,0
1984,37,0
1984,30,0
1984,32,0
1984,68,0
1985,58,0
1985,52,0
1985,6,0
1985,25,0
1985,68,0
1985,30,0
1985,27,0
1985,37,0
1986,57,0
1986,35,0
1986,58,0
1986,27,0
1986,30,0
1986,35,0
1986,32,0
1987,98,0
1987,105,0
1987,130,0
1987,58,0
1987,35,0
1987,30,0
1987,98,0
1988,32,0
1988,74,0
1988,80,0
1988,1,0
1988,30,0
1988,32,0
1988,6,0
1988,105,0
1989,42,0
1989,47,0
1989,30,0
1989,58,0
1989,37,0
1989,148,0
1989,6,0
1989,47,0
1989,68,0
1989,67,0
1989,32,0
1989,30,0
1989,59,0
1989,40,0
1989,79,0
1989,43,0
1989,80,0
1989,30,0
1989,38,0
1989,95,0
1989,83,0
1989,30,0
1989,37,0
1989,32,0
1989,47,0
1989,89,0
1989,30,0
1989,14,0
1989,46,0
1989,35,0
1989,52,0
1989,65,0
1989,60,0
1989,46,0
1989,32,0
1989,50,0
1989,32,0
1989,38,0
1989,67,0
1989,59,0
1989,32,0
1989,30,0
1989,35,0
1989,60,0
1989,25,0
1989,35,0
1989,32,0
1989,30,0
1989,60,0
1989,30,0
1989,35,0
1989,32,0
1989,6,0
1989,60,0
1990,41,0
1990,58,0
1990,30,0
1990,60,0
1990,67,0
1990,78,0
1990,74,0
1990,56,0
1991,96,0
1991,37,0
1991,58,0
1991,46,0
1991,69,0
1991,111,0
1991,96,0
1992,38,0
1992,30,0
1992,3,0
1992,58,0
1992,128,0
1992,37,0
1992,83,0
1993,6,0
1993,79,0
1993,57,0
1993,32,0
1993,30,0
1993,37,0
1993,35,0
1994,43,0
1994,25,0
1994,110,0
1994,38,0
1994,67,0
1994,85,0
1994,30,0
1994,32,0
1995,62,0
1995,70,0
1995,6,0
1995,9,0
1995,3,0
1995,56,0
1995,57,0
1996,1,0
1996,59,0
1996,102,0
1996,6,0
1996,9,0
1996,128,0
1996,25,0
1997,85,0
1997,69,0
1997,30,0
1997,85,0
1997,3,0
1997,103,0
1997,32,0
1998,59,0
1998,6,0
1998,137,0
1998,25,0
1998,84,0
1998,58,0
1998,83,0
1999,32,0
1999,79,0
1999,43,0
1999,25,0
1999,36,0
1999,6,0
1999,129,0
2000,41,0
2000,59,0
2000,30,0
2000,148,0
2000,104,0
2000,79,0
2000,25,0
2001,30,0
2001,35,0
2001,107,0
2001,32,0
2001,74,0
2001,47,0
2001,3,0
2001,102,0
2001,3,0
2002,3,0
2002,30,0
2002,1,0
2002,58,0
2002,6,0
2002,7,0
2002,38,0
2002,46,0
2002,110,0
2002,30,0
2003,6,0
2003,123,0
2003,76,0
2003,25,0
2003,9,0
2003,30,0
2003,85,0
2003,32,0
2004,30,0
2004,35,0
2004,38,0
2004,129,0
2004,9,0
2004,3,0
2004,102,0
2005,3,0
2005,35,0
2005,1,0
2005,98,0
2005,43,0
2005,67,0
2005,124,0
2006,16,0
2006,59,0
2006,58,0
2006,83,0
2006,40,0
2006,67,0
2006,46,0
2007,58,0
2007,30,0
2007,38,0
2007,6,0
2007,41,0
2007,25,0
2007,124,0
2008,1,0
2008,32,0
2008,35,0
2008,60,0
2008,6,0
2008,68,0
2008,25,0
2009,27,0
2009,40,0
2009,58,0
2009,66,0
2009,6,0
2009,100,0
2009,84,0
2010,11,0
2010,32,0
2010,30,0
2010,83,0
2010,37,0
2010,81,0
2010,85,0
2011,27,0
2011,58,0
2011,6,0
2011,46,0
2011,41,0
2011,118,0
2011,98,0
2012,41,0
2012,58,0
2012,6,0
2012,105,0
2012,85,0
2012,38,0
2012,25,0
2013,30,0
2013,124,0
2013,96,0
2013,135,0
2013,1,0
2013,30,0
2013,77,0
2013,116,0
2014,74,0
2014,111,0
2014,65,0
2014,59,0
2014,43,0
2014,6,0
2014,79,0
2015,25,0
2015,110,0
2015,58,0
2015,38,0
2015,67,0
2015,80,0
2015,84,0
2016,68,0
2016,82,0
2016,1,0
2016,58,0
2016,35,0
2016,30,0
2016,59,0
2017,41,0
2017,84,0
2017,82,0
2017,30,0
2017,58,0
2017,6,0
2017,35,0
2017,67,0
2018,25,0
2018,107,0
2018,30,0
2018,104,0
2018,59,0
2018,12,0
2018,101,0
2019,102,0
2019,96,0
2019,37,0
2019,58,0
2019,84,0
2019,59,0
2019,30,0
2020,4,0
2020,137,0
2020,69,0
2020,89,0
2020,32,0
2020,37,0
2020,58,0
2021,6,0
2021,3,0
2021,30,0
2021,111,0
2021,96,0
2021,4,0
2021,128,0
2022,40,0
2022,1,0
2022,59,0
2022,35,0
2022,52,0
2022,132,0
2022,128,0
2023,74,0
2023,58,0
2023,32,0
2023,144,0
2023,50,0
2023,37,0
2023,6,0
2024,67,0
2024,32,0
2024,38,0
2024,30,0
2024,91,0
2024,58,0
2024,98,0
2025,129,0
2025,69,0
2025,9,0
2025,27,0
2025,96,0
2025,38,0
2025,32,0
2025,40,0
2026,129,0
2026,69,0
2026,32,0
2026,1,0
2026,30,0
2026,89,0
2026,6,0
2027,130,0
2027,74,0
2027,52,0
2027,58,0
2027,30,0
2027,59,0
2027,79,0
2028,25,0
2028,32,0
2028,85,0
2028,110,0
2028,35,0
2028,116,0
2028,6,0
2028,25,0
2029,30,0
2029,32,0
2029,58,0
2029,60,0
2029,100,0
2029,41,0
2029,58,0
2029,46,0
2029,1,0
2029,58,0
2029,36,0
2030,98,0
2030,80,0
2030,30,0
2030,85,0
2030,41,0
2030,1,0
2030,35,0
2031,30,0
2031,102,0
2031,47,0
2031,100,0
2031,81,0
2031,58,0
2031,56,0
2032,58,0
2032,69,0
2032,25,0
2032,3,0
2032,27,0
2032,59,0
2032,32,0
2033,35,0
2033,137,0
2033,25,0
2033,30,0
2033,34,0
2033,38,0
2033,99,0
2033,99,0
2034,100,0
2034,30,0
2034,3,0
2034,59,0
2034,30,0
2034,58,0
2034,43,0
2034,78,0
2035,82,0
2035,11,0
2035,25,0
2035,27,0
2035,58,0
2035,96,0
2035,37,0
2036,38,0
2036,84,0
2036,102,0
2036,111,0
2036,51,0
2036,83,0
2036,40,0
2037,46,0
2037,6,0
2037,41,0
2037,6,0
2037,97,0
2037,38,0
2037,32,0
2038,30,0
2038,58,0
2038,41,0
2038,43,0
2038,25,0
2038,38,0
2038,1,0
2039,38,0
2039,60,0
2039,74,0
2039,11,0
2039,1,0
2039,30,0
2039,35,0
2040,59,0
2040,85,0
2040,4,0
2040,9,0
2040,45,0
2040,32,0
2040,30,0
2041,35,0
2041,130,0
2041,30,0
2041,58,0
2041,37,0
2041,38,0
2041,68,0
2042,47,0
2042,41,0
2042,58,0
2042,45,0
2042,46,0
2042,30,0
2042,1,0
2043,58,0
2043,37,0
2043,6,0
2043,85,0
2043,130,0
2043,58,0
2043,85,0
2044,32,0
2044,30,0
2044,142,0
2044,41,0
2044,76,0
2044,41,0
2044,126,0
2045,45,0
2045,30,0
2045,51,0
2045,139,0
2045,58,0
2045,6,0
2045,102,0
2046,30,0
2046,1,0
2046,37,0
2046,12,0
2046,38,0
2046,3,0
2046,30,0
2047,59,0
2047,58,0
2047,25,0
2047,41,0
2047,1,0
2047,32,0
2047,79,0
2048,47,0
2048,130,0
2048,25,0
2048,30,0
2048,32,0
2048,35,0
2048,6,0
2048,89,0
2048,110,0
2049,34,0
2049,144,0
2049,59,0
2049,35,0
2049,85,0
2049,58,0
2049,14,0
2050,38,0
2050,32,0
2050,40,0
2050,137,0
2050,30,0
2050,27,0
2050,35,0
2051,80,0
2051,37,0
2051,35,0
2051,41,0
2051,3,0
2051,30,0
2051,25,0
2052,38,0
2052,85,0
2052,129,0
2052,58,0
2052,1,0
2052,32,0
2052,30,0
2053,32,0
2053,43,0
2053,79,0
2053,18,0
2053,85,0
2053,38,0
2053,37,0
2054,84,0
2054,32,0
2054,91,0
2054,6,0
2054,37,0
2054,25,0
2054,9,0
2054,38,0
2055,89,0
2055,25,0
2055,58,0
2055,37,0
2055,58,0
2055,32,0
2055,35,0
2056,61,0
2056,102,0
2056,38,0
2056,27,0
2056,58,0
2056,32,0
2056,85,0
2057,58,0
2057,30,0
2057,85,0
2057,19,0
2057,37,0
2057,35,0
2057,1,0
2057,30,0
2058,80,0
2058,50,0
2058,3,0
2058,32,0
2058,59,0
2058,133,0
2058,6,0
2059,124,0
2059,30,0
2059,37,0
2059,41,0
2059,89,0
2059,69,0
2059,9,0
2060,27,0
2060,11,0
2060,35,0
2060,30,0
2060,82,0
2060,6,0
2060,71,0
2061,59,0
2061,80,0
2061,32,0
2061,40,0
2061,59,0
2061,58,0
2061,83,0
2062,83,0
2062,38,0
2062,60,0
2062,6,0
2062,99,0
2062,146,0
2062,67,0
2063,76,0
2063,6,0
2063,25,0
2063,46,0
2063,25,0
2063,30,0
2063,74,0
2063,24,0
2063,3,0
2063,52,0
2064,34,0
2064,58,0
2064,30,0
2064,110,0
2064,35,0
2064,123,0
2064,47,0
2065,89,0
2065,111,0
2065,34,0
2065,32,0
2065,98,0
2065,68,0
2065,38,0
2066,74,0
2066,30,0
2066,32,0
2066,38,0
2066,41,0
2066,50,0
2066,41,0
2066,32,0
2067,35,0
2067,37,0
2067,38,0
2067,102,0
2067,68,0
2067,30,0
2067,37,0
2068,58,0
2068,68,0
2068,30,0
2068,59,0
2068,35,0
2068,38,0
2068,101,0
2069,89,0
2069,74,0
2069,47,0
2069,85,0
2069,25,0
2069,130,0
2069,46,0
2070,76,0
2070,30,0
2070,38,0
2070,133,0
2070,46,0
2070,74,0
2070,30,0
2071,40,0
2071,43,0
2071,56,0
2071,35,0
2071,1,0
2071,6,0
2071,10,0
2072,4,0
2072,9,0
2072,3,0
2072,16,0
2072,90,0
2072,140,0
2072,6,0
2073,72,0
2073,106,0
2073,28,0
2073,81,0
2073,24,0
2073,51,0
2073,26,0
2073,92,0
2074,46,0
2074,25,0
2074,27,0
2074,32,0
2074,8,0
2074,29,0
2074,24,0
2075,30,0
2075,25,0
2075,103,0
2075,56,0
2075,135,0
2075,30,0
2075,30,0
2076,32,0
2076,32,0
2076,30,0
2076,58,0
2076,32,0
2076,38,0
2076,32,0
2077,35,0
2077,32,0
2077,116,0
2077,43,0
2077,79,0
2077,147,0
2077,25,0
2078,74,0
2078,30,0
2078,25,0
2078,4,0
2078,91,0
2078,58,0
2078,81,0
2079,85,0
2079,24,0
2079,126,0
2079,1,0
2079,30,0
2079,32,0
2079,59,0
2079,81,0
2079,30,0
2080,27,0
2080,30,0
2080,18,0
2080,30,0
2080,58,0
2080,85,0
2080,30,0
2081,38,0
2081,30,0
2081,32,0
2081,77,0
2081,18,0
2081,85,0
2081,46,0
2081,102,0
2081,35,0
2082,80,0
2082,85,0
2082,41,0
2082,36,0
2082,142,0
2082,100,0
2082,78,0
2083,130,0
2083,38,0
2083,25,0
2083,58,0
2083,36,0
2083,60,0
2083,125,0
2084,85,0
2084,97,0
2084,30,0
2084,32,0
2084,60,0
2084,37,0
2084,6,0
2084,38,0
2084,1,0
2084,58,0
2085,30,0
2085,59,0
2085,35,0
2085,60,0
2085,124,0
2085,30,0
2085,51,0
2085,32,0
2086,66,0
2086,89,0
2086,27,0
2086,37,0
2086,91,0
2086,30,0
2086,146,0
2087,6,0
2087,81,0
2087,27,0
2087,91,0
2087,35,0
2087,30,0
2087,30,0
2088,32,0
2088,18,0
2088,67,0
2088,3,0
2088,40,0
2088,84,0
2088,32,0
2088,4,0
2089,40,0
2089,35,0
2089,59,0
2089,38,0
2089,47,0
2089,27,0
2089,35,0
2090,4,0
2090,38,0
2090,148,0
2090,41,0
2090,134,0
2090,59,0
2090,91,0
2091,58,0
2091,38,0
2091,89,0
2091,25,0
2091,58,0
2091,32,0
2091,30,0
2092,51,0
2092,139,0
2092,58,0
2092,35,0
2092,41,0
2092,1,0
2092,35,0
2093,30,0
2093,37,0
2093,130,0
2093,46,0
2093,126,0
2093,58,0
2093,30,0
2093,6,0
2093,81,0
2093,80,0
2093,89,0
2094,58,0
2094,115,0
2094,37,0
2094,67,0
2094,137,0
2094,46,0
2094,30,0
2094,4,0
2095,30,0
2095,32,0
2095,59,0
2095,6,0
2095,99,0
2095,38,0
2095,96,0
2096,32,0
2096,58,0
2096,6,0
2096,129,0
2096,46,0
2096,27,0
2096,59,0
2097,35,0
2097,95,0
2097,32,0
2097,30,0
2097,89,0
2097,58,0
2097,69,0
2098,32,0
2098,59,0
2098,30,0
2098,43,0
2098,9,0
2098,74,0
2098,27,0
2099,30,0
2099,32,0
2099,38,0
2099,78,0
2099,46,0
2099,130,0
2099,96,0
2100,58,0
2100,30,0
2100,1,0
2100,81,0
2100,38,0
2100,4,0
2100,37,0
2101,30,0
2101,60,0
2101,39,0
2101,9,0
2101,30,0
2101,1,0
2101,6,0
2102,9,0
2102,25,0
2102,134,0
2102,1,0
2102,32,0
2102,123,0
2102,80,0
2103,30,0
2103,41,0
2103,32,0
2103,58,0
2103,30,0
2103,85,0
2103,59,0
2104,58,0
2104,83,0
2104,79,0
2104,76,0
2104,38,0
2104,67,0
2104,46,0
2104,25,0
2104,25,0
2104,78,0
2105,40,0
2105,19,0
2105,52,0
2105,4,0
2105,60,0
2105,6,0
2105,37,0
2106,6,0
2106,67,0
2106,38,0
2106,19,0
2106,30,0
2106,107,0
2106,14,0
2107,6,0
2107,25,0
2107,38,0
2107,38,0
2107,38,0
2107,46,0
2107,38,0
2108,1,0
2108,25,0
2108,48,0
2108,91,0
2108,46,0
2108,32,0
2108,37,0
2108,58,0
2109,35,0
2109,38,0
2109,146,0
2109,81,0
2109,25,0
2109,11,0
2109,32,0
2110,59,0
2110,9,0
2110,1,0
2110,51,0
2110,30,0
2110,81,0
2110,89,0
2111,69,0
2111,30,0
2111,111,0
2111,66,0
2111,32,0
2111,6,0
2111,79,0
2112,78,0
2112,98,0
2112,56,0
2112,59,0
2112,32,0
2112,52,0
2112,30,0
2113,85,0
2113,52,0
2113,1,0
2113,30,0
2113,6,0
2113,123,0
2113,89,0
2114,30,0
2114,59,0
2114,35,0
2114,152,0
2114,41,0
2114,25,0
2114,3,0
2115,1,0
2115,30,0
2115,65,0
2115,37,0
2115,133,0
2115,60,0
2115,89,0
2116,30,0
2116,32,0
2116,59,0
2116,6,0
2116,3,0
2116,30,0
2116,32,0
2117,37,0
2117,38,0
2117,105,0
2117,79,0
2117,45,0
2117,4,0
2117,36,0
2118,102,0
2118,46,0
2118,30,0
2118,107,0
2118,32,0
2118,35,0
2118,25,0
2119,68,0
2119,38,0
2119,37,0
2119,58,0
2119,32,0
2119,6,0
2119,38,0
2119,30,0
2120,111,0
2120,58,0
2120,25,0
2120,37,0
2120,52,0
2120,58,0
2120,30,0
2121,66,0
2121,81,0
2121,47,0
2121,27,0
2121,30,0
2121,37,0
2121,32,0
2122,66,0
2122,46,0
2122,9,0
2122,40,0
2122,32,0
2122,30,0
2122,65,0
2123,37,0
2123,142,0
2123,147,0
2123,110,0
2123,58,0
2123,59,0
2123,30,0
2124,47,0
2124,38,0
2124,124,0
2124,103,0
2124,30,0
2124,58,0
2124,40,0
2124,71,0
2125,98,0
2125,38,0
2125,35,0
2125,30,0
2125,37,0
2125,38,0
2125,137,0
2126,25,0
2126,89,0
2126,27,0
2126,30,0
2126,38,0
2126,81,0
2126,85,0
2127,89,0
2127,84,0
2127,32,0
2127,115,0
2127,46,0
2127,124,0
2127,98,0
2128,46,0
2128,30,0
2128,32,0
2128,66,0
2128,60,0
2128,67,0
2128,46,0
2129,24,0
2129,30,0
2129,30,0
2129,32,0
2129,58,0
2129,59,0
2129,7,0
2129,9,0
2129,3,0
2129,30,0
2129,32,0
2130,50,0
2130,35,0
2130,67,0
2130,47,0
2130,46,0
2130,56,0
2130,30,0
2131,58,0
2131,59,0
2131,78,0
2131,84,0
2131,30,0
2131,6,0
2131,80,0
2132,1,0
2132,58,0
2132,32,0
2132,6,0
2132,59,0
2132,58,0
2132,51,0
2133,35,0
2133,43,0
2133,89,0
2133,84,0
2133,25,0
2133,85,0
2133,30,0
2134,59,0
2134,32,0
2134,83,0
2134,40,0
2134,6,0
2134,38,0
2134,25,0
2135,30,0
2135,35,0
2135,32,0
2135,40,0
2135,60,0
2135,25,0
2135,85,0
2136,76,0
2136,124,0
2136,126,0
2136,11,0
2136,30,0
2136,32,0
2136,40,0
2136,47,0
2137,85,0
2137,30,0
2137,32,0
2137,59,0
2137,66,0
2137,137,0
2137,3,0
2138,85,0
2138,30,0
2138,32,0
2138,38,0
2138,80,0
2138,98,0
2138,25,0
2139,85,0
2139,38,0
2139,35,0
2139,110,0
2139,30,0
2139,37,0
2139,32,0
2139,50,0
2139,69,0
2140,84,0
2140,124,0
2140,96,0
2140,52,0
2140,69,0
2140,25,0
2140,37,0
2141,58,0
2141,67,0
2141,30,0
2141,38,0
2141,18,0
2141,11,0
2141,96,0
2142,38,0
2142,67,0
2142,41,0
2142,58,0
2142,38,0
2142,24,0
2142,30,0
2143,32,0
2143,38,0
2143,58,0
2143,32,0
2143,35,0
2143,9,0
2143,46,0
2143,30,0
2144,69,0
2144,30,0
2144,83,0
2144,37,0
2144,60,0
2144,43,0
2144,41,0
2145,30,0
2145,58,0
2145,40,0
2145,35,0
2145,6,0
2145,67,0
2145,89,0
2146,111,0
2146,79,0
2146,7,0
2146,110,0
2146,6,0
2146,30,0
2146,67,0
2146,42,0
2146,85,0
2146,30,0
2146,59,0
2147,58,0
2147,40,0
2147,32,0
2147,27,0
2147,30,0
2147,83,0
2147,38,0
2148,124,0
2148,25,0
2148,18,0
2148,84,0
2148,58,0
2148,51,0
2148,34,0
2149,96,0
2149,1,0
2149,139,0
2149,97,0
2149,32,0
2149,41,0
2149,122,0
2149,65,0
2150,37,0
2150,38,0
2150,25,0
2150,58,0
2150,38,0
2150,18,0
2150,85,0
2151,1,0
2151,57,0
2151,30,0
2151,3,0
2151,30,0
2151,58,0
2151,59,0
2152,38,0
2152,60,0
2152,25,0
2152,110,0
2152,30,0
2152,58,0
2152,79,0
2153,128,0
2153,68,0
2153,9,0
2153,30,0
2153,58,0
2153,32,0
2153,38,0
2154,38,0
2154,35,0
2154,69,0
2154,58,0
2154,57,0
2154,91,0
2154,67,0
2155,27,0
2155,32,0
2155,37,0
2155,125,0
2155,118,0
2155,47,0
2155,91,0
2156,35,0
2156,6,0
2156,129,0
2156,85,0
2156,84,0
2156,30,0
2156,59,0
2156,6,0
2157,89,0
2157,30,0
2157,32,0
2157,37,0
2157,62,0
2157,117,0
2157,84,0
2158,3,0
2158,67,0
2158,25,0
2158,58,0
2158,96,0
2158,38,0
2158,25,0
2158,124,0
2158,111,0
2158,6,0
2159,137,0
2159,9,0
2159,58,0
2159,35,0
2159,32,0
2159,30,0
2159,120,0
2160,68,0
2160,85,0
2160,58,0
2160,40,0
2160,34,0
2160,1,0
2160,6,0
2161,137,0
2161,46,0
2161,30,0
2161,58,0
2161,67,0
2161,38,0
2161,3,0
2161,3,0
2161,58,0
2161,51,0
2162,30,0
2162,37,0
2162,18,0
2162,74,0
2162,30,0
2162,4,0
2162,65,0
2163,47,0
2163,74,0
2163,32,0
2163,30,0
2163,6,0
2163,117,0
2163,81,0
2164,69,0
2164,24,0
2164,11,0
2164,59,0
2164,38,0
2164,43,0
2164,27,0
2164,30,0
2164,67,0
2165,58,0
2165,30,0
2165,59,0
2165,56,0
2165,57,0
2165,35,0
2165,32,0
2166,69,0
2166,25,0
2166,30,0
2166,95,0
2166,11,0
2166,30,0
2166,37,0
2167,66,0
2167,85,0
2167,80,0
2167,101,0
2167,83,0
2167,32,0
2167,38,0
2168,11,0
2168,32,0
2168,37,0
2168,133,0
2168,38,0
2168,81,0
2168,30,0
2169,38,0
2169,6,0
2169,25,0
2169,35,0
2169,38,0
2169,30,0
2169,58,0
2170,58,0
2170,32,0
2170,67,0
2170,18,0
2170,46,0
2170,76,0
2170,30,0
2171,83,0
2171,37,0
2171,38,0
2171,40,0
2171,6,0
2171,74,0
2171,85,0
2172,99,0
2172,103,0
2172,37,0
2172,1,0
2172,38,0
2172,6,0
2172,69,0
2173,89,0
2173,34,0
2173,37,0
2173,25,0
2173,68,0
2173,85,0
2173,58,0
2173,30,0
2174,30,0
2174,37,0
2174,32,0
2174,6,0
2174,105,0
2174,60,0
2174,45,0
2175,104,0
2175,32,0
2175,116,0
2175,9,0
2175,58,0
2175,35,0
2175,43,0
2176,118,0
2176,100,0
2176,35,0
2176,67,0
2176,38,0
2176,30,0
2176,35,0
2177,57,0
2177,4,0
2177,32,0
2177,60,0
2177,99,0
2177,58,0
2177,30,0
2178,101,0
2178,27,0
2178,40,0
2178,35,0
2178,30,0
2178,38,0
2178,60,0
2179,27,0
2179,30,0
2179,32,0
2179,37,0
2179,40,0
2179,6,0
2179,85,0
2179,27,0
2179,35,0
2180,32,0
2180,6,0
2180,41,0
2180,79,0
2180,25,0
2180,74,0
2180,25,0
2181,30,0
2181,24,0
2181,103,0
2181,30,0
2181,30,0
2181,27,0
2181,30,0
2182,30,0
2182,58,0
2182,35,0
2182,6,0
2182,69,0
2182,38,0
2182,58,0
2183,34,0
2183,30,0
2183,37,0
2183,60,0
2183,67,0
2183,46,0
2183,111,0
2183,27,0
2183,41,0
2183,35,0
2184,38,0
2184,6,0
2184,85,0
2184,25,0
2184,32,0
2184,126,0
2184,40,0
2185,59,0
2185,6,0
2185,117,0
2185,79,0
2185,82,0
2185,27,0
2185,40,0
2186,30,0
2186,35,0
2186,107,0
2186,59,0
2186,27,0
2186,59,0
2186,35,0
2186,30,0
2186,77,0
2187,105,0
2187,102,0
2187,56,0
2187,51,0
2187,30,0
2187,6,0
2187,79,0
2187,46,0
2188,130,0
2188,30,0
2188,38,0
2188,67,0
2188,4,0
2188,82,0
2188,1,0
2189,32,0
2189,37,0
2189,6,0
2189,89,0
2189,30,0
2189,58,0
2189,41,0
2190,34,0
2190,30,0
2190,4,0
2190,148,0
2190,43,0
2190,118,0
2190,25,0
2191,41,0
2191,59,0
2191,30,0
2191,58,0
2191,40,0
2191,50,0
2191,133,0
2192,51,0
2192,30,0
2192,98,0
2192,79,0
2192,111,0
2192,1,0
2192,35,0
2193,43,0
2193,85,0
2193,89,0
2193,30,0
2193,41,0
2193,11,0
2193,37,0
2194,58,0
2194,37,0
2194,85,0
2194,126,0
2194,35,0
2194,59,0
2194,104,0
2195,137,0
2195,38,0
2195,30,0
2195,56,0
2195,30,0
2195,37,0
2195,40,0
2195,85,0
2195,38,0
2196,41,0
2196,83,0
2196,58,0
2196,38,0
2196,30,0
2196,32,0
2196,133,0
2197,38,0
2197,40,0
2197,85,0
2197,124,0
2197,34,0
2197,58,0
2197,30,0
2198,43,0
2198,38,0
2198,76,0
2198,25,0
2198,32,0
2198,58,0
2198,35,0
2198,108,0
2198,47,0
2198,74,0
2198,25,0
2198,30,0
2198,58,0
2198,133,0
2198,6,0
2198,25,0
2198,1,0
2198,52,0
2198,65,0
2198,100,0
2198,47,0
2198,30,0
2198,4,0
2198,37,0
2198,58,0
2198,83,0
2198,32,0
2198,116,0
2199,81,0
2199,27,0
2199,1,0
2199,30,0
2199,37,0
2199,47,0
2199,78,0
2199,3,0
2199,30,0
2199,59,0
2199,4,0
2199,38,0
2199,35,0
2199,89,0
2199,46,0
2199,32,0
2199,38,0
2199,35,0
2199,40,0
2199,102,0
2199,81,0
2199,25,0
2199,30,0
2199,91,0
2199,58,0
2199,37,0
2199,35,0
2199,60,0
2199,84,0
2199,32,0
2199,58,0
2199,35,0
2199,37,0
2199,99,0
2199,43,0
2199,85,0
2199,58,0
2199,1,0
2199,37,0
2199,38,0
2199,146,0
2199,6,0
2199,81,0
2199,58,0
2199,25,0
2200,83,0
2200,85,0
2200,134,0
2200,32,0
2200,59,0
2200,41,0
2200,147,0
2201,111,0
2201,34,0
2201,58,0
2201,40,0
2201,6,0
2201,34,0
2201,30,0
2202,65,0
2202,37,0
2202,85,0
2202,25,0
2202,11,0
2202,58,0
2202,133,0
2203,25,0
2203,38,0
2203,40,0
2203,11,0
2203,4,0
2203,58,0
2203,37,0
2204,100,0
2204,30,0
2204,32,0
2204,22,0
2204,62,0
2204,75,0
2204,84,0
2205,32,0
2205,104,0
2205,30,0
2205,30,0
2205,1,0
2205,38,0
2205,6,0
2206,99,0
2206,84,0
2206,35,0
2206,59,0
2206,11,0
2206,30,0
2206,38,0
2207,74,0
2207,130,0
2207,102,0
2207,110,0
2207,38,0
2207,32,0
2207,4,0
2208,147,0
2208,30,0
2208,4,0
2208,1,0
2208,30,0
2208,38,0
2208,99,0
2208,32,0
2209,30,0
2209,83,0
2209,101,0
2209,74,0
2209,85,0
2209,30,0
2209,40,0
2209,1,0
2209,32,0
2209,60,0
2209,37,0
2209,30,0
2209,35,0
2209,36,0
2209,76,0
2209,98,0
2209,46,0
2209,111,0
2209,35,0
2209,30,0
2209,67,0
2209,46,0
2209,85,0
2209,111,0
2209,59,0
2209,30,0
2209,40,0
2209,32,0
2209,6,0
2209,102,0
2209,40,0
2209,34,0
2209,30,0
2209,30,0
2210,37,0
2210,58,0
2210,104,0
2210,40,0
2210,67,0
2210,38,0
2210,19,0
2211,58,0
2211,38,0
2211,35,0
2211,59,0
2211,85,0
2211,74,0
2211,30,0
2212,100,0
2212,41,0
2212,58,0
2212,32,0
2212,38,0
2212,91,0
2212,38,0
2213,43,0
2213,41,0
2213,57,0
2213,58,0
2213,35,0
2213,42,0
2213,25,0
2214,3,0
2214,96,0
2214,52,0
2214,78,0
2214,38,0
2214,96,0
2214,37,0
2215,58,0
2215,32,0
2215,38,0
2215,25,0
2215,30,0
2215,3,0
2215,16,0
2216,58,0
2216,35,0
2216,6,0
2216,102,0
2216,30,0
2216,59,0
2216,32,0
2216,35,0
2217,79,0
2217,132,0
2217,38,0
2217,30,0
2217,85,0
2217,58,0
2217,95,0
2218,41,0
2218,58,0
2218,38,0
2218,68,0
2218,30,0
2218,32,0
2218,66,0
2218,137,0
2218,47,0
2218,25,0
2218,30,0
2218,38,0
2219,6,0
2219,81,0
2219,149,0
2219,3,0
2219,34,0
2219,59,0
2219,30,0
2220,6,0
2220,129,0
2220,130,0
2220,37,0
2220,43,0
2220,24,0
2220,27,0
2221,34,0
2221,30,0
2221,37,0
2221,38,0
2221,79,0
2221,74,0
2221,38,0
2222,67,0
2222,4,0
2222,59,0
2222,126,0
2222,32,0
2222,35,0
2222,67,0
2222,4,0
2223,69,0
2223,83,0
2223,30,0
2223,46,0
2223,58,0
2223,35,0
2223,32,0
2223,59,0
2224,6,0
2224,80,0
2224,38,0
2224,85,0
2224,30,0
2224,37,0
2224,38,0
2225,124,0
2225,67,0
2225,69,0
2225,19,0
2225,59,0
2225,32,0
2225,36,0
2225,47,0
2226,30,0
2226,68,0
2226,58,0
2226,37,0
2226,32,0
2226,35,0
2226,43,0
2227,85,0
2227,32,0
2227,51,0
2227,35,0
2227,98,0
2227,60,0
2227,43,0
2227,9,0
2228,56,0
2228,30,0
2228,32,0
2228,60,0
2228,115,0
2228,41,0
2228,9,0
2229,1,0
2229,79,0
2229,103,0
2229,59,0
2229,1,0
2229,133,0
2229,38,0
2230,41,0
2230,35,0
2230,30,0
2230,40,0
2230,77,0
2230,37,0
2230,59,0
2231,110,0
2231,30,0
2231,6,0
2231,60,0
2231,41,0
2231,81,0
2231,3,0
2232,1,0
2232,65,0
2232,37,0
2232,66,0
2232,105,0
2232,19,0
2232,58,0
2233,59,0
2233,60,0
2233,105,0
2233,56,0
2233,59,0
2233,30,0
2233,35,0
2233,79,0
2234,74,0
2234,11,0
2234,104,0
2234,6,0
2234,79,0
2234,46,0
2234,80,0
2235,58,0
2235,30,0
2235,32,0
2235,27,0
2235,96,0
2235,58,0
2235,30,0
2236,59,0
2236,38,0
2236,89,0
2236,37,0
2236,41,0
2236,30,0
2236,89,0
2236,27,0
2237,30,0
2237,46,0
2237,37,0
2237,34,0
2237,25,0
2237,30,0
2237,85,0
2238,56,0
2238,59,0
2238,96,0
2238,38,0
2238,6,0
2238,27,0
2238,96,0
2239,51,0
2239,32,0
2239,59,0
2239,60,0
2239,84,0
2239,25,0
2239,85,0
2239,27,0
2239,95,0
2239,96,0
2239,91,0
2240,79,0
2240,80,0
2240,35,0
2240,4,0
2240,96,0
2240,30,0
2240,37,0
2241,104,0
2241,60,0
2241,37,0
2241,107,0
2241,77,0
2241,6,0
2241,18,0
2241,101,0
2241,58,0
2241,57,0
2242,32,0
2242,58,0
2242,30,0
2242,107,0
2242,120,0
2242,81,0
2242,100,0
2243,95,0
2243,32,0
2243,58,0
2243,59,0
2243,115,0
2243,85,0
2243,130,0
2244,11,0
2244,37,0
2244,30,0
2244,83,0
2244,58,0
2244,128,0
2244,85,0
2245,95,0
2245,30,0
2245,38,0
2245,66,0
2245,80,0
2245,3,0
2245,102,0
2245,30,0
2245,32,0
2245,37,0
2245,6,0
2245,71,0
2246,38,0
2246,30,0
2246,57,0
2246,67,0
2246,129,0
2246,25,0
2246,101,0
2247,50,0
2247,3,0
2247,83,0
2247,37,0
2247,40,0
2247,30,0
2247,74,0
2248,103,0
2248,35,0
2248,84,0
2248,58,0
2248,89,0
2248,30,0
2248,32,0
2249,11,0
2249,40,0
2249,58,0
2249,35,0
2249,14,0
2249,152,0
2249,60,0
2250,96,0
2250,16,0
2250,32,0
2250,50,0
2250,80,0
2250,38,0
2250,30,0
2251,25,0
2251,51,0
2251,30,0
2251,6,0
2251,89,0
2251,38,0
2251,56,0
2252,34,0
2252,126,0
2252,57,0
2252,30,0
2252,6,0
2252,69,0
2252,30,0
2252,61,0
2252,25,0
2253,58,0
2253,37,0
2253,35,0
2253,6,0
2253,38,0
2253,68,0
2253,30,0
2253,37,0
2253,66,0
2253,3,0
2253,30,0
2253,35,0
2253,59,0
2253,130,0
2253,11,0
2253,1,0
2253,30,0
2253,46,0
2253,81,0
2253,69,0
2253,30,0
2253,58,0
2253,37,0
2253,32,0
2253,60,0
2253,89,0
2253,56,0
2253,59,0
2253,4,0
2253,36,0
2253,6,0
2253,30,0
2253,50,0
2253,3,0
2253,3,0
2253,25,0
2253,1,0
2253,122,0
2253,52,0
2253,30,0
2253,82,0
2253,80,0
2253,41,0
2253,30,0
2253,96,0
2253,30,0
2254,58,0
2254,32,0
2254,38,0
2254,27,0
2254,35,0
2254,139,0
2254,38,0
2255,37,0
2255,46,0
2255,4,0
2255,58,0
2255,35,0
2255,6,0
2255,30,0
2256,27,0
2256,59,0
2256,41,0
2256,102,0
2256,78,0
2256,47,0
2256,32,0
2257,51,0
2257,35,0
2257,59,0
2257,79,0
2257,89,0
2257,30,0
2257,59,0
2258,83,0
2258,139,0
2258,32,0
2258,152,0
2258,1,0
2258,27,0
2258,51,0
2258,40,0
2258,37,0
2259,67,0
2259,30,0
2259,1,0
2259,66,0
2259,60,0
2259,43,0
2259,11,0
2260,40,0
2260,83,0
2260,32,0
2260,30,0
2260,41,0
2260,101,0
2260,101,0
2260,30,0
2261,52,0
2261,35,0
2261,110,0
2261,60,0
2261,84,0
2261,37,0
2261,38,0
2261,6,0
2262,25,0
2262,3,0
2262,58,0
2262,91,0
2262,59,0
2262,6,0
2262,60,0
2263,99,0
2263,47,0
2263,30,0
2263,30,0
2263,58,0
2263,30,0
2263,89,0
2264,27,0
2264,30,0
2264,59,0
2264,40,0
2264,35,0
2264,47,0
2264,79,0
2265,27,0
2265,59,0
2265,95,0
2265,6,0
2265,43,0
2265,81,0
2265,47,0
2266,30,0
2266,38,0
2266,133,0
2266,30,0
2266,91,0
2266,27,0
2266,30,0
2267,6,0
2267,46,0
2267,34,0
2267,58,0
2267,30,0
2267,1,0
2267,32,0
2267,40,0
2267,67,0
2267,102,0
2267,68,0
2267,58,0
2267,95,0
2267,32,0
2268,96,0
2268,40,0
2268,30,0
2268,34,0
2268,11,0
2268,127,0
2268,59,0
2269,32,0
2269,30,0
2269,120,0
2269,3,0
2269,37,0
2269,95,0
2269,35,0
2270,74,0
2270,25,0
2270,111,0
2270,34,0
2270,51,0
2270,38,0
2270,105,0
2270,30,0
2271,34,0
2271,67,0
2271,30,0
2271,40,0
2271,122,0
2271,4,0
2271,98,0
2272,38,0
2272,60,0
2272,4,0
2272,30,0
2272,14,0
2272,60,0
2272,67,0
2273,103,0
2273,95,0
2273,58,0
2273,40,0
2273,32,0
2273,148,0
2273,38,0
2273,83,0
2274,57,0
2274,34,0
2274,35,0
2274,40,0
2274,59,0
2274,58,0
2274,83,0
2275,30,0
2275,32,0
2275,102,0
2275,134,0
2275,37,0
2275,58,0
2275,30,0
2276,32,0
2276,149,0
2276,133,0
2276,60,0
2276,38,0
2276,6,0
2276,19,0
2277,19,0
2277,34,0
2277,32,0
2277,30,0
2277,102,0
2277,25,0
2277,68,0
2278,67,0
2278,58,0
2278,40,0
2278,59,0
2278,6,0
2278,47,0
2278,69,0
2279,4,0
2279,59,0
2279,58,0
2279,118,0
2279,89,0
2279,95,0
2279,110,0
2279,35,0
2280,59,0
2280,41,0
2280,7,0
2280,25,0
2280,27,0
2280,122,0
2280,30,0
2281,59,0
2281,38,0
2281,85,0
2281,41,0
2281,27,0
2281,30,0
2281,58,0
2282,56,0
2282,32,0
2282,38,0
2282,102,0
2282,143,0
2282,47,0
2282,128,0
2283,30,0
2283,46,0
2283,126,0
2283,30,0
2283,37,0
2283,58,0
2283,133,0
2284,38,0
2284,60,0
2284,27,0
2284,37,0
2284,35,0
2284,51,0
2284,43,0
2284,124,0
2284,30,0
2284,59,0
2284,122,0
2284,58,0
2284,32,0
2284,74,0
2284,38,0
2284,37,0
2285,40,0
2285,57,0
2285,1,0
2285,35,0
2285,38,0
2285,60,0
2285,34,0
2286,124,0
2286,32,0
2286,32,0
2286,34,0
2286,30,0
2286,36,0
2286,96,0
2287,30,0
2287,95,0
2287,40,0
2287,51,0
2287,50,0
2287,46,0
2287,11,0
2288,58,0
2288,37,0
2288,35,0
2288,6,0
2288,60,0
2288,100,0
2288,58,0
2289,32,0
2289,38,0
2289,35,0
2289,101,0
2289,129,0
2289,130,0
2289,57,0
2289,32,0
2290,35,0
2290,38,0
2290,105,0
2290,37,0
2290,50,0
2290,30,0
2290,59,0
2290,4,0
2290,35,0
2290,32,0
2291,60,0
2291,9,0
2291,1,0
2291,59,0
2291,35,0
2291,38,0
2291,60,0
2291,80,0
2291,38,0
2291,102,0
2291,24,0
2292,5,0
2292,70,0
2292,4,0
2292,6,0
2292,2,0
2292,9,0
2292,15,0
2292,1,0
2293,3,0
2293,11,0
2293,8,0
2293,17,0
2293,72,0
2293,50,0
2293,150,0
2294,26,0
2294,24,0
2294,109,0
2294,28,0
2294,25,0
2294,88,0
2294,92,0
2295,127,0
2295,29,0
2295,74,0
2295,30,0
2295,113,0
2295,25,0
2295,32,0
2296,58,0
2296,25,0
2296,24,0
2296,48,0
2296,76,0
2296,134,0
2296,27,0
2297,30,0
2297,32,0
2297,30,0
2297,30,0
2297,133,0
2297,35,0
2297,37,0
2297,77,0
2297,38,0
2298,40,0
2298,67,0
2298,6,0
2298,85,0
2298,25,0
2298,89,0
2298,130,0
2299,46,0
2299,126,0
2299,30,0
2299,83,0
2299,30,0
2299,57,0
2299,32,0
2300,35,0
2300,79,0
2300,30,0
2300,38,0
2300,42,0
2300,32,0
2300,1,0
2300,83,0
2300,58,0
2301,37,0
2301,60,0
2301,3,0
2301,126,0
2301,30,0
2301,32,0
2301,98,0
2302,79,0
2302,111,0
2302,16,0
2302,59,0
2302,30,0
2302,32,0
2302,66,0
2302,80,0
2302,34,0
2302,44,0
2302,103,0
2302,34,0
2302,37,0
2302,104,0
2303,85,0
2303,9,0
2303,30,0
2303,32,0
2303,6,0
2303,105,0
2303,43,0
2304,80,0
2304,69,0
2304,30,0
2304,38,0
2304,4,0
2304,66,0
2304,59,0
2305,132,0
2305,74,0
2305,25,0
2305,128,0
2305,32,0
2305,59,0
2305,58,0
2306,32,0
2306,77,0
2306,45,0
2306,79,0
2306,81,0
2306,111,0
2306,27,0
2307,144,0
2307,30,0
2307,32,0
2307,6,0
2307,66,0
2307,60,0
2307,77,0
2308,32,0
2308,30,0
2308,58,0
2308,37,0
2308,32,0
2308,62,0
2308,124,0
2309,25,0
2309,32,0
2309,58,0
2309,59,0
2309,117,0
2309,74,0
2309,85,0
2310,80,0
2310,58,0
2310,35,0
2310,134,0
2310,58,0
2310,110,0
2310,30,0
2311,35,0
2311,123,0
2311,27,0
2311,30,0
2311,104,0
2311,149,0
2311,143,0
2312,67,0
2312,118,0
2312,11,0
2312,96,0
2312,32,0
2312,37,0
2312,102,0
2313,27,0
2313,95,0
2313,32,0
2313,38,0
2313,46,0
2313,1,0
2313,35,0
2313,58,0
2313,30,0
2313,68,0
2313,25,0
2313,102,0
2313,30,0
2313,45,0
2313,32,0
2313,35,0
2313,38,0
2313,105,0
2313,37,0
2313,27,0
2313,57,0
2313,6,0
2313,85,0
2313,89,0
2313,30,0
2313,30,0
2313,58,0
2313,32,0
2313,1,0
2313,47,0
2313,74,0
2313,40,0
2313,27,0
2313,60,0
2314,40,0
2314,57,0
2314,22,0
2314,38,0
2314,67,0
2314,80,0
2314,38,0
2315,36,0
2315,38,0
2315,62,0
2315,128,0
2315,85,0
2315,30,0
2315,51,0
2316,45,0
2316,66,0
2316,46,0
2316,30,0
2316,51,0
2316,35,0
2316,59,0
2316,139,0
2317,32,0
2317,85,0
2317,30,0
2317,42,0
2317,85,0
2317,32,0
2317,67,0
2318,35,0
2318,32,0
2318,58,0
2318,98,0
2318,43,0
2318,46,0
2318,30,0
2319,30,0
2319,11,0
2319,32,0
2319,30,0
2319,11,0
2319,30,0
2319,83,0
2320,32,0
2320,36,0
2320,102,0
2320,129,0
2320,89,0
2320,25,0
2320,58,0
2321,35,0
2321,30,0
2321,50,0
2321,46,0
2321,38,0
2321,89,0
2321,85,0
2322,74,0
2322,68,0
2322,1,0
2322,32,0
2322,35,0
2322,30,0
2322,60,0
2323,41,0
2323,46,0
2323,34,0
2323,58,0
2323,30,0
2323,32,0
2323,120,0
2323,76,0
2323,124,0
2323,110,0
2324,32,0
2324,30,0
2324,35,0
2324,25,0
2324,9,0
2324,11,0
2324,37,0
2324,30,0
2325,32,0
2325,60,0
2325,80,0
2325,51,0
2325,52,0
2325,59,0
2325,6,0
2326,67,0
2326,79,0
2326,24,0
2326,1,0
2326,37,0
2326,30,0
2326,144,0
2327,32,0
2327,147,0
2327,79,0
2327,32,0
2327,30,0
2327,25,0
2327,34,0
2327,37,0
2327,25,0
2327,41,0
2327,30,0
2327,37,0
2328,35,0
2328,38,0
2328,102,0
2328,9,0
2328,30,0
2328,32,0
2328,149,0
2329,6,0
2329,37,0
2329,44,0
2329,123,0
2329,30,0
2329,58,0
2329,18,0
2329,25,0
2329,46,0
2329,35,0
2329,9,0
2330,38,0
2330,67,0
2330,6,0
2330,149,0
2330,102,0
2330,41,0
2330,30,0
2331,59,0
2331,6,0
2331,89,0
2331,80,0
2331,74,0
2331,111,0
2331,30,0
2331,38,0
2332,25,0
2332,124,0
2332,30,0
2332,32,0
2332,40,0
2332,35,0
2332,67,0
2333,74,0
2333,58,0
2333,35,0
2333,30,0
2333,4,0
2333,139,0
2333,37,0
2334,6,0
2334,137,0
2334,50,0
2334,3,0
2334,37,0
2334,30,0
2334,6,0
2335,152,0
2335,79,0
2335,80,0
2335,35,0
2335,38,0
2335,38,0
2335,85,0
2336,27,0
2336,96,0
2336,38,0
2336,43,0
2336,80,0
2336,41,0
2336,9,0
2337,32,0
2337,30,0
2337,32,0
2337,129,0
2337,85,0
2337,111,0
2337,32,0
2337,152,0
2338,38,0
2338,61,0
2338,47,0
2338,74,0
2338,30,0
2338,32,0
2338,124,0
2339,85,0
2339,30,0
2339,32,0
2339,38,0
2339,60,0
2339,41,0
2339,3,0
2340,30,0
2340,32,0
2340,59,0
2340,136,0
2340,3,0
2340,3,0
2340,96,0
2340,30,0
2341,3,0
2341,59,0
2341,104,0
2341,35,0
2341,118,0
2341,48,0
2341,6,0
2342,105,0
2342,98,0
2342,43,0
2342,18,0
2342,81,0
2342,41,0
2342,66,0
2342,6,0
2343,98,0
2343,43,0
2343,60,0
2343,74,0
2343,32,0
2343,25,0
2343,74,0
2344,6,0
2344,60,0
2344,97,0
2344,40,0
2344,46,0
2344,76,0
2344,68,0
2345,38,0
2345,136,0
2345,67,0
2345,137,0
2345,6,0
2345,136,0
2345,132,0
2346,38,0
2346,38,0
2346,46,0
2346,85,0
2346,1,0
2346,142,0
2346,6,0
2347,43,0
2347,143,0
2347,7,0
2347,9,0
2347,46,0
2347,6,0
2347,136,0
2348,79,0
2348,47,0
2348,101,0
2348,76,0
2348,30,0
2348,6,0
2348,38,0
2349,43,0
2349,115,0
2349,124,0
2349,30,0
2349,3,0
2349,6,0
2349,77,0
2349,79,0
2350,43,0
2350,20,0
2350,43,0
2350,77,0
2350,40,0
2350,43,0
2350,47,0
2350,81,0
2350,68,0
2351,77,0
2351,66,0
2351,38,0
2351,102,0
2351,43,0
2351,99,0
2351,81,0
2351,38,0
2352,1,0
2352,60,0
2352,7,0
2352,153,0
2352,43,0
2352,60,0
2352,6,0
2353,18,0
2353,129,0
2353,76,0
2353,102,0
2353,32,0
2353,115,0
2353,99,0
2354,6,0
2354,80,0
2354,132,0
2354,38,0
2354,42,0
2354,38,0
2354,105,0
2355,6,0
2355,43,0
2355,129,0
2355,42,0
2355,125,0
2355,3,0
2355,120,0
2356,38,0
2356,1,0
2356,43,0
2356,101,0
2356,6,0
2356,47,0
2356,6,0
2357,77,0
2357,99,0
2357,67,0
2357,80,0
2357,30,0
2357,25,0
2357,38,0
2358,67,0
2358,98,0
2358,40,0
2358,77,0
2358,43,0
2358,105,0
2358,42,0
2358,6,0
2358,79,0
2359,67,0
2359,98,0
2359,43,0
2359,1,0
2359,115,0
2359,129,0
2359,38,0
2360,100,0
2360,47,0
2360,38,0
2360,6,0
2360,115,0
2360,43,0
2360,81,0
2360,101,0
2361,30,0
2361,38,0
2361,46,0
2361,85,0
2361,25,0
2361,3,0
2361,38,0
2361,101,0
2361,85,0
2362,67,0
2362,18,0
2362,38,0
2362,38,0
2362,67,0
2362,38,0
2362,30,0
2363,34,0
2363,45,0
2363,38,0
2363,6,0
2363,101,0
2363,47,0
2363,46,0
2364,3,0
2364,77,0
2364,61,0
2364,60,0
2364,37,0
2364,18,0
2364,3,0
2364,60,0
2364,6,0
2364,99,0
2365,43,0
2365,47,0
2365,45,0
2365,89,0
2365,38,0
2365,43,0
2365,67,0
2365,68,0
2366,30,0
2366,3,0
2366,38,0
2366,25,0
2366,24,0
2366,43,0
2366,67,0
2367,6,0
2367,38,0
2367,41,0
2367,68,0
2367,76,0
2367,74,0
2367,25,0
2368,3,0
2368,6,0
2368,43,0
2368,46,0
2368,85,0
2368,38,0
2368,32,0
2368,67,0
2369,6,0
2369,101,0
2369,6,0
2369,77,0
2369,67,0
2369,20,0
2369,68,0
2370,25,0
2370,30,0
2370,153,0
2370,77,0
2370,102,0
2370,6,0
2370,100,0
2371,25,0
2371,30,0
2371,30,0
2371,38,0
2371,67,0
2371,4,0
2371,105,0
2372,60,0
2372,32,0
2372,137,0
2372,46,0
2372,40,0
2372,60,0
2372,38,0
2373,6,0
2373,68,0
2373,89,0
2373,38,0
2373,18,0
2373,1,0
2373,32,0
2374,45,0
2374,6,0
2374,25,0
2374,38,0
2374,38,0
2374,6,0
2374,101,0
2375,43,0
2375,89,0
2375,30,0
2375,48,0
2375,38,0
2375,43,0
2375,118,0
2375,25,0
2375,77,0
2375,38,0
2375,117,0
2375,68,0
2375,25,0
2375,46,0
2375,38,0
2375,41,0
2375,75,0
2375,68,0
2375,30,0
2375,25,0
2375,1,0
2375,32,0
2375,41,0
2375,80,0
2375,79,0
2375,30,0
2375,38,0
2375,32,0
2375,67,0
2375,6,0
2375,71,0
2375,88,0
2375,41,0
2376,60,0
2376,18,0
2376,81,0
2376,30,0
2376,40,0
2376,6,0
2376,108,0
2377,100,0
2377,41,0
2377,25,0
2377,74,0
2377,40,0
2377,67,0
2377,38,0
2377,32,0
2378,43,0
2378,47,0
2378,46,0
2378,74,0
2378,9,0
2378,30,0
2378,40,0
2378,43,0
2378,101,0
2378,74,0
2378,46,0
2378,98,0
2378,38,0
2378,43,0
2378,67,0
2379,41,0
2379,80,0
2379,78,0
2379,69,0
2379,6,0
2379,67,0
2379,46,0
2380,117,0
2380,68,0
2380,25,0
2380,38,0
2380,38,0
2380,43,0
2380,143,0
2381,47,0
2381,25,0
2381,38,0
2381,38,0
2381,28,0
2381,43,0
2381,47,0
2382,98,0
2382,89,0
2382,41,0
2382,3,0
2382,38,0
2382,41,0
2382,89,0
2383,9,0
2383,38,0
2383,30,0
2383,85,0
2383,38,0
2383,45,0
2383,25,0
2384,66,0
2384,136,0
2384,40,0
2384,47,0
2384,118,0
2384,130,0
2384,30,0
2385,60,0
2385,1,0
2385,32,0
2385,67,0
2385,18,0
2385,130,0
2385,77,0
2386,43,0
2386,105,0
2386,6,0
2386,116,0
2386,100,0
2386,97,0
2386,32,0
2386,6,0
2386,42,0
2387,18,0
2387,25,0
2387,76,0
2387,1,0
2387,67,0
2387,38,0
2387,30,0
2388,101,0
2388,42,0
2388,38,0
2388,18,0
2388,4,0
2388,67,0
2388,6,0
2389,9,0
2389,129,0
2389,38,0
2389,32,0
2389,43,0
2389,41,0
2389,25,0
2390,30,0
2390,85,0
2390,74,0
2390,130,0
2390,84,0
2390,1,0
2390,68,0
2391,85,0
2391,38,0
2391,25,0
2391,25,0
2391,30,0
2391,77,0
2391,84,0
2392,38,0
2392,131,0
2392,43,0
2392,42,0
2392,67,0
2392,79,0
2392,9,0
2393,6,0
2393,66,0
2393,120,0
2393,32,0
2393,43,0
2393,46,0
2393,41,0
2394,38,0
2394,25,0
2394,69,0
2394,43,0
2394,40,0
2394,105,0
2394,1,0
2395,97,0
2395,37,0
2395,32,0
2395,74,0
2395,25,0
2395,136,0
2395,100,0
2396,41,0
2396,68,0
2396,25,0
2396,38,0
2396,43,0
2396,38,0
2396,32,0
2396,60,0
2396,43,0
2397,42,0
2397,25,0
2397,130,0
2397,46,0
2397,60,0
2397,30,0
2397,77,0
2398,38,0
2398,32,0
2398,40,0
2398,41,0
2398,79,0
2398,30,0
2398,77,0
2398,38,0
2399,47,0
2399,20,0
2399,101,0
2399,69,0
2399,41,0
2399,68,0
2399,60,0
2400,98,0
2400,115,0
2400,67,0
2400,6,0
2400,71,0
2400,38,0
2400,1,0
2401,115,0
2401,6,0
2401,117,0
2401,100,0
2401,68,0
2401,76,0
2401,153,0
2402,77,0
2402,43,0
2402,115,0
2402,46,0
2402,129,0
2402,98,0
2402,40,0
2403,136,0
2403,115,0
2403,42,0
2403,25,0
2403,74,0
2403,38,0
2403,46,0
2404,30,0
2404,32,0
2404,40,0
2404,101,0
2404,89,0
2404,30,0
2404,38,0
2405,30,0
2405,38,0
2405,47,0
2405,25,0
2405,30,0
2405,18,0
2405,67,0
2406,42,0
2406,67,0
2406,46,0
2406,129,0
2406,3,0
2406,68,0
2406,60,0
2406,38,0
2406,115,0
2407,6,0
2407,43,0
2407,80,0
2407,67,0
2407,121,0
2407,60,0
2407,124,0
2408,6,0
2408,47,0
2408,41,0
2408,38,0
2408,115,0
2408,32,0
2408,6,0
2409,68,0
2409,74,0
2409,30,0
2409,3,0
2409,67,0
2409,38,0
2409,69,0
2409,67,0
2410,128,0
2410,45,0
2410,77,0
2410,97,0
2410,38,0
2410,80,0
2410,25,0
2411,85,0
2411,30,0
2411,89,0
2411,40,0
2411,32,0
2411,60,0
2411,100,0
2411,43,0
2412,41,0
2412,40,0
2412,6,0
2412,43,0
2412,151,0
2412,18,0
2412,81,0
2412,42,0
2412,85,0
2413,43,0
2413,60,0
2413,45,0
2413,1,0
2413,67,0
2413,38,0
2413,38,0
2413,43,0
2414,105,0
2414,60,0
2414,67,0
2414,117,0
2414,38,0
2414,43,0
2414,60,0
2415,47,0
2415,149,0
2415,76,0
2415,30,0
2415,40,0
2415,42,0
2415,67,0
2416,43,0
2416,47,0
2416,80,0
2416,77,0
2416,38,0
2416,47,0
2416,45,0
2417,9,0
2417,85,0
2417,130,0
2417,38,0
2417,32,0
2417,41,0
2417,43,0
2418,46,0
2418,6,0
2418,25,0
2418,84,0
2418,6,0
2418,1,0
2418,2,0
2419,9,0
2419,3,0
2419,7,0
2419,4,0
2419,12,0
2419,13,0
2419,8,0
2420,87,0
2420,140,0
2420,24,0
2420,102,0
2420,6,0
2420,28,0
2420,6,0
2421,26,0
2421,46,0
2421,76,0
2421,25,0
2421,29,0
2421,111,0
2421,24,0
2421,30,0
2422,32,0
2422,103,0
2422,28,0
2422,74,0
2422,51,0
2422,30,0
2422,28,0
2423,28,0
2423,58,0
2423,29,0
2423,75,0
2423,81,0
2423,40,0
2423,30,0
2423,139,0
2424,37,0
2424,38,0
2424,43,0
2424,67,0
2424,137,0
2424,47,0
2424,6,0
2425,68,0
2425,130,0
2425,100,0
2425,38,0
2425,38,0
2425,30,0
2425,6,0
2426,77,0
2426,100,0
2426,25,0
2426,85,0
2426,38,0
2426,30,0
2426,89,0
2427,74,0
2427,76,0
2427,68,0
2427,66,0
2427,32,0
2427,124,0
2427,43,0
2427,67,0
2427,129,0
2427,30,0
2428,66,0
2428,38,0
2428,6,0
2428,78,0
2428,89,0
2428,124,0
2428,85,0
2429,38,0
2429,32,0
2429,37,0
2429,47,0
2429,80,0
2429,25,0
2429,46,0
2429,3,0
2429,40,0
2430,32,0
2430,143,0
2430,67,0
2430,18,0
2430,69,0
2430,30,0
2430,38,0
2431,37,0
2431,32,0
2431,47,0
2431,68,0
2431,25,0
2431,30,0
2431,6,0
2432,66,0
2432,67,0
2432,101,0
2432,137,0
2432,41,0
2432,30,0
2432,3,0
2433,38,0
2433,32,0
2433,43,0
2433,41,0
2433,138,0
2433,89,0
2433,48,0
2434,84,0
2434,3,0
2434,69,0
2434,38,0
2434,25,0
2434,40,0
2434,136,0
2435,47,0
2435,6,0
2435,46,0
2435,68,0
2435,89,0
2435,67,0
2435,32,0
2436,6,0
2436,41,0
2436,25,0
2436,69,0
2436,6,0
2436,38,0
2436,116,0
2437,67,0
2437,46,0
2437,43,0
2437,6,0
2437,118,0
2437,30,0
2437,153,0
2438,41,0
2438,118,0
2438,85,0
2438,101,0
2438,38,0
2438,6,0
2438,78,0
2439,118,0
2439,101,0
2439,68,0
2439,25,0
2439,38,0
2439,41,0
2439,78,0
2440,80,0
2440,9,0
2440,30,0
2440,25,0
2440,85,0
2440,74,0
2440,89,0
2441,32,0
2441,41,0
2441,43,0
2441,147,0
2441,43,0
2441,99,0
2441,89,0
2442,153,0
2442,6,0
2442,102,0
2442,9,0
2442,85,0
2442,25,0
2442,89,0
2443,38,0
2443,68,0
2443,3,0
2443,38,0
2443,67,0
2443,48,0
2443,38,0
2443,41,0
2443,6,0
2444,7,0
2444,25,0
2444,30,0
2444,102,0
2444,67,0
2444,147,0
2444,68,0
2445,85,0
2445,7,0
2445,46,0
2445,60,0
2445,43,0
2445,67,0
2445,38,0
2445,38,0
2445,30,0
2445,6,0
2445,98,0
2445,42,0
2445,68,0
2445,89,0
2445,25,0
2445,130,0
2445,38,0
2445,115,0
2445,6,0
2445,100,0
2445,85,0
2445,38,0
2445,42,0
2445,67,0
2445,30,0
2445,30,0
2445,134,0
2445,38,0
2445,6,0
2445,46,0
2445,78,0
2445,41,0
2445,85,0
2445,79,0
2445,38,0
2445,115,0
2445,137,0
2445,47,0
2445,25,0
2445,40,0
2445,37,0
2445,6,0
2445,9,0
2445,30,0
2445,32,0
2445,38,0
2445,6,0
2445,78,0
2445,118,0
2445,80,0
2446,30,0
2446,38,0
2446,1,0
2446,77,0
2446,102,0
2446,37,0
2446,89,0
2447,6,0
2447,70,0
2447,45,0
2447,89,0
2447,69,0
2447,25,0
2447,40,0
2447,44,0
2448,67,0
2448,151,0
2448,101,0
2448,74,0
2448,130,0
2448,77,0
2448,32,0
2448,38,0
2449,80,0
2449,101,0
2449,84,0
2449,131,0
2449,101,0
2449,30,0
2449,77,0
2450,67,0
2450,124,0
2450,25,0
2450,130,0
2450,6,0
2450,75,0
2450,68,0
2450,76,0
2450,25,0
2450,74,0
2450,67,0
2451,6,0
2451,74,0
2451,89,0
2451,41,0
2451,134,0
2451,46,0
2451,78,0
2452,88,0
2452,60,0
2452,45,0
2452,85,0
2452,66,0
2452,1,0
2452,77,0
2453,132,0
2453,146,0
2453,118,0
2453,41,0
2453,121,0
2453,38,0
2453,43,0
2453,129,0
2453,30,0
2453,89,0
2454,97,0
2454,6,0
2454,60,0
2454,68,0
2454,69,0
2454,25,0
2454,38,0
2455,40,0
2455,60,0
2455,89,0
2455,6,0
2455,131,0
2455,67,0
2455,80,0
2456,25,0
2456,102,0
2456,30,0
2456,38,0
2456,41,0
2456,67,0
2456,45,0
2457,80,0
2457,30,0
2457,102,0
2457,42,0
2457,89,0
2457,38,0
2457,67,0
2458,30,0
2458,42,0
2458,18,0
2458,85,0
2458,6,0
2458,43,0
2458,68,0
2458,9,0
2458,30,0
2459,85,0
2459,38,0
2459,25,0
2459,89,0
2459,41,0
2459,38,0
2459,25,0
2459,30,0
2460,3,0
2460,77,0
2460,38,0
2460,116,0
2460,6,0
2460,47,0
2460,130,0
2461,41,0
2461,77,0
2461,1,0
2461,43,0
2461,6,0
2461,38,0
2461,30,0
2462,100,0
2462,68,0
2462,41,0
2462,30,0
2462,38,0
2462,43,0
2462,67,0
2463,78,0
2463,46,0
2463,124,0
2463,30,0
2463,6,0
2463,43,0
2463,89,0
2464,80,0
2464,47,0
2464,25,0
2464,30,0
2464,38,0
2464,6,0
2464,37,0
2465,60,0
2465,43,0
2465,18,0
2465,25,0
2465,89,0
2465,30,0
2465,67,0
2466,25,0
2466,3,0
2466,47,0
2466,25,0
2466,85,0
2466,153,0
2466,32,0
2466,41,0
2467,80,0
2467,25,0
2467,3,0
2467,85,0
2467,6,0
2467,84,0
2467,34,0
2468,1,0
2468,80,0
2468,85,0
2468,97,0
2468,40,0
2468,6,0
2468,18,0
2469,80,0
2469,9,0
2469,67,0
2469,77,0
2469,40,0
2469,67,0
2469,46,0
2470,85,0
2470,9,0
2470,38,0
2470,81,0
2470,25,0
2470,85,0
2470,18,0
2471,30,0
2471,44,0
2471,38,0
2471,25,0
2471,48,0
2471,18,0
2471,38,0
2471,43,0
2472,40,0
2472,132,0
2472,101,0
2472,89,0
2472,130,0
2472,6,0
2472,137,0
2473,132,0
2473,74,0
2473,47,0
2473,68,0
2473,85,0
2473,38,0
2473,6,0
2474,77,0
2474,43,0
2474,25,0
2474,118,0
2474,30,0
2474,32,0
2474,6,0
2475,47,0
2475,123,0
2475,7,0
2475,80,0
2475,30,0
2475,134,0
2475,42,0
2476,68,0
2476,6,0
2476,129,0
2476,89,0
2476,30,0
2476,98,0
2476,6,0
2477,43,0
2477,46,0
2477,41,0
2477,74,0
2477,30,0
2477,77,0
2477,1,0
2477,146,0
2478,80,0
2478,124,0
2478,81,0
2478,32,0
2478,45,0
2478,46,0
2478,40,0
2479,43,0
2479,131,0
2479,81,0
2479,80,0
2479,69,0
2479,68,0
2479,38,0
2479,6,0
2480,46,0
2480,75,0
2480,100,0
2480,102,0
2480,74,0
2480,77,0
2480,38,0
2481,44,0
2481,101,0
2481,41,0
2481,84,0
2481,48,0
2481,102,0
2481,40,0
2482,67,0
2482,43,0
2482,25,0
2482,129,0
2482,85,0
2482,46,0
2482,40,0
2483,41,0
2483,50,0
2483,47,0
2483,6,0
2483,74,0
2483,85,0
2483,6,0
2484,1,0
2484,24,0
2484,28,0
2484,29,0
2484,32,0
2484,38,0
2484,1,0
2485,60,0
2485,70,0
2485,43,0
2485,89,0
2485,101,0
2485,30,0
2485,39,0
2486,128,0
2486,38,0
2486,71,0
2486,6,0
2486,130,0
2486,30,0
2486,38,0
2487,43,0
2487,28,0
2487,68,0
2487,101,0
2487,24,0
2487,66,0
2487,60,0
2488,67,0
2488,71,0
2488,6,0
2488,41,0
2488,89,0
2488,6,0
2488,18,0
2489,38,0
2489,67,0
2489,6,0
2489,47,0
2489,3,0
2489,25,0
2489,30,0
2490,41,0
2490,84,0
2490,34,0
2490,38,0
2490,38,0
2490,97,0
2490,37,0
2491,6,0
2491,60,0
2491,101,0
2491,38,0
2491,46,0
2491,137,0
2491,130,0
2492,30,0
2492,3,0
2492,41,0
2492,78,0
2492,84,0
2492,67,0
2492,118,0
2493,25,0
2493,89,0
2493,71,0
2493,37,0
2493,67,0
2493,100,0
2493,129,0
2494,30,0
2494,38,0
2494,6,0
2494,46,0
2494,68,0
2494,30,0
2494,77,0
2495,38,0
2495,40,0
2495,42,0
2495,3,0
2495,40,0
2495,85,0
2495,42,0
2495,134,0
2495,88,0
2496,38,0
2496,43,0
2496,28,0
2496,89,0
2496,88,0
2496,30,0
2496,38,0
2497,89,0
2497,74,0
2497,85,0
2497,38,0
2497,62,0
2497,143,0
2497,67,0
2498,78,0
2498,118,0
2498,74,0
2498,25,0
2498,38,0
2498,115,0
2498,6,0
2498,99,0
2498,47,0
2498,46,0
2498,69,0
2499,38,0
2499,37,0
2499,67,0
2499,6,0
2499,18,0
2499,89,0
2499,30,0
2500,24,0
2500,30,0
2500,32,0
2500,47,0
2500,45,0
2500,68,0
2500,81,0
2501,74,0
2501,38,0
2501,43,0
2501,78,0
2501,89,0
2501,41,0
2501,102,0
2502,121,0
2502,38,0
2502,44,0
2502,46,0
2502,47,0
2502,30,0
2502,41,0
2503,66,0
2503,32,0
2503,60,0
2503,98,0
2503,37,0
2503,129,0
2503,38,0
2504,1,0
2504,77,0
2504,115,0
2504,43,0
2504,42,0
2504,25,0
2504,84,0
2505,3,0
2505,38,0
2505,67,0
2505,45,0
2505,41,0
2505,85,0
2505,46,0
2506,6,0
2506,121,0
2506,43,0
2506,67,0
2506,143,0
2506,74,0
2506,24,0
2507,38,0
2507,44,0
2507,67,0
2507,47,0
2507,79,0
2507,100,0
2507,41,0
2507,38,0
2508,6,0
2508,43,0
2508,7,0
2508,81,0
2508,30,0
2508,3,0
2508,1,0
2509,78,0
2509,47,0
2509,98,0
2509,9,0
2509,38,0
2509,43,0
2509,115,0
2509,67,0
2509,81,0
2509,85,0
2509,38,0
2510,6,0
2510,148,0
2510,43,0
2510,45,0
2510,41,0
2510,40,0
2510,43,0
2510,6,0
2510,42,0
2510,76,0
2510,25,0
2511,85,0
2511,134,0
2511,77,0
2511,142,0
2511,99,0
2511,67,0
2511,68,0
2512,38,0
2512,77,0
2512,38,0
2512,40,0
2512,60,0
2512,115,0
2512,128,0
2513,41,0
2513,46,0
2513,85,0
2513,25,0
2513,89,0
2513,3,0
2513,124,0
2514,38,0
2514,67,0
2514,43,0
2514,6,0
2514,71,0
2514,129,0
2514,3,0
2514,3,0
2514,77,0
2515,60,0
2515,1,0
2515,137,0
2515,81,0
2515,74,0
2515,68,0
2515,48,0
2515,6,0
2516,98,0
2516,67,0
2516,47,0
2516,9,0
2516,68,0
2516,67,0
2516,78,0
2517,89,0
2517,30,0
2517,153,0
2517,62,0
2517,97,0
2517,42,0
2517,67,0
2518,79,0
2518,67,0
2518,38,0
2518,77,0
2518,38,0
2518,32,0
2518,24,0
2519,124,0
2519,40,0
2519,67,0
2519,100,0
2519,81,0
2519,100,0
2519,41,0
2520,38,0
2520,38,0
2520,38,0
2520,85,0
2520,38,0
2520,43,0
2520,9,0
2521,98,0
2521,77,0
2521,40,0
2521,115,0
2521,78,0
2521,80,0
2521,46,0
2521,30,0
2521,43,0
2521,25,0
2522,113,0
2522,69,0
2522,38,0
2522,136,0
2522,6,0
2522,74,0
2522,130,0
2522,3,0
2522,30,0
2522,68,0
2523,42,0
2523,77,0
2523,38,0
2523,67,0
2523,80,0
2523,30,0
2523,67,0
2523,24,0
2523,3,0
2523,6,0
2524,77,0
2524,97,0
2524,42,0
2524,89,0
2524,79,0
2524,30,0
2524,40,0
2525,78,0
2525,38,0
2525,32,0
2525,100,0
2525,25,0
2525,3,0
2525,38,0
2525,30,0
2525,67,0
2525,32,0
2525,67,0
2525,30,0
2526,25,0
2526,38,0
2526,61,0
2526,60,0
2526,89,0
2526,68,0
2526,85,0
2527,30,0
2527,89,0
2527,38,0
2527,67,0
2527,97,0
2527,15,0
2527,67,0
2527,80,0
2528,38,0
2528,136,0
2528,40,0
2528,43,0
2528,25,0
2528,76,0
2528,85,0
2528,74,0
2529,1,0
2529,121,0
2529,67,0
2529,68,0
2529,38,0
2529,25,0
2529,30,0
2530,85,0
2530,89,0
2530,41,0
2530,130,0
2530,84,0
2530,38,0
2530,38,0
2531,60,0
2531,46,0
2531,38,0
2531,42,0
2531,67,0
2531,6,0
2531,45,0
2531,3,0
2532,30,0
2532,61,0
2532,38,0
2532,99,0
2532,30,0
2532,38,0
2532,32,0
2533,108,0
2533,6,0
2533,125,0
2533,118,0
2533,69,0
2533,38,0
2533,43,0
2533,4,0
2534,67,0
2534,151,0
2534,101,0
2534,6,0
2534,74,0
2534,47,0
2534,38,0
2534,67,0
2534,6,0
2535,81,0
2535,68,0
2535,85,0
2535,30,0
2535,89,0
2535,74,0
2535,38,0
2536,25,0
2536,40,0
2536,6,0
2536,117,0
2536,25,0
2536,88,0
2536,80,0
2537,85,0
2537,38,0
2537,41,0
2537,37,0
2537,137,0
2537,18,0
2537,78,0
2537,84,0
2538,40,0
2538,38,0
2538,6,0
2538,47,0
2538,100,0
2538,46,0
2538,85,0
2538,25,0
2538,74,0
2538,130,0
2538,89,0
2538,84,0
2538,9,0
2538,38,0
2539,38,0
2539,18,0
2539,67,0
2539,38,0
2539,38,0
2539,41,0
2539,132,0
2540,30,0
2540,100,0
2540,124,0
2540,89,0
2540,6,0
2540,43,0
2540,41,0
2540,68,0
2541,129,0
2541,69,0
2541,89,0
2541,6,0
2541,99,0
2541,43,0
2541,67,0
2541,25,0
2542,38,0
2542,37,0
2542,78,0
2542,89,0
2542,38,0
2542,67,0
2542,85,0
2543,66,0
2543,4,0
2543,43,0
2543,37,0
2543,67,0
2543,124,0
2543,85,0
2544,66,0
2544,38,0
2544,32,0
2544,116,0
2544,43,0
2544,6,0
2544,46,0
2545,6,0
2545,68,0
2545,30,0
2545,67,0
2545,6,0
2545,37,0
2545,99,0
2546,6,0
2546,43,0
2546,25,0
2546,38,0
2546,6,0
2546,100,0
2546,67,0
2547,124,0
2547,30,0
2547,67,0
2547,37,0
2547,6,0
2547,25,0
2547,46,0
2548,1,0
2548,6,0
2548,18,0
2548,89,0
2548,6,0
2548,78,0
2548,40,0
2549,135,0
2549,43,0
2549,47,0
2549,85,0
2549,25,0
2549,74,0
2549,43,0
2550,38,0
2550,42,0
2550,67,0
2550,40,0
2550,6,0
2550,102,0
2550,46,0
2551,38,0
2551,38,0
2551,6,0
2551,78,0
2551,6,0
2551,67,0
2551,32,0
2552,68,0
2552,76,0
2552,40,0
2552,25,0
2552,69,0
2552,46,0
2552,105,0
2553,67,0
2553,38,0
2553,60,0
2553,152,0
2553,67,0
2553,113,0
2553,3,0
2554,124,0
2554,121,0
2554,38,0
2554,60,0
2554,115,0
2554,149,0
2554,134,0
2554,97,0
2554,6,0
2554,78,0
2554,101,0
2555,46,0
2555,69,0
2555,6,0
2555,60,0
2555,43,0
2555,85,0
2555,68,0
2556,25,0
2556,77,0
2556,38,0
2556,6,0
2556,30,0
2556,41,0
2556,85,0
2557,66,0
2557,40,0
2557,41,0
2557,43,0
2557,116,0
2557,76,0
2557,89,0
2558,38,0
2558,136,0
2558,137,0
2558,7,0
2558,25,0
2558,48,0
2558,3,0
2559,32,0
2559,67,0
2559,42,0
2559,6,0
2559,74,0
2559,25,0
2559,67,0
2560,47,0
2560,68,0
2560,38,0
2560,81,0
2560,46,0
2560,74,0
2560,30,0
2561,77,0
2561,32,0
2561,41,0
2561,25,0
2561,68,0
2561,3,0
2561,38,0
2562,136,0
2562,67,0
2562,76,0
2562,89,0
2562,60,0
2562,67,0
2562,18,0
2563,43,0
2563,38,0
2563,32,0
2563,45,0
2563,25,0
2563,85,0
2563,130,0
2563,32,0
2564,67,0
2564,137,0
2564,7,0
2564,85,0
2564,6,0
2564,30,0
2564,3,0
2565,98,0
2565,38,0
2565,40,0
2565,68,0
2565,3,0
2565,38,0
2565,60,0
2566,6,0
2566,7,0
2566,46,0
2566,129,0
2566,102,0
2566,38,0
2566,43,0
2566,45,0
2566,102,0
2566,89,0
2566,32,0
2567,38,0
2567,6,0
2567,41,0
2567,30,0
2567,6,0
2567,67,0
2567,102,0
2568,101,0
2568,9,0
2568,74,0
2568,38,0
2568,143,0
2568,67,0
2568,89,0
2569,41,0
2569,124,0
2569,38,0
2569,97,0
2569,40,0
2569,99,0
2569,46,0
2569,30,0
2569,85,0
2569,34,0
2569,38,0
2569,38,0
2569,67,0
2569,67,0
2569,137,0
2569,6,0
2569,98,0
2569,43,0
2569,30,0
2569,41,0
2569,38,0
2569,67,0
2569,43,0
2569,6,0
2569,81,0
2569,68,0
2569,32,0
2569,38,0
2569,43,0
2569,41,0
2569,89,0
2569,30,0
2569,38,0
2569,43,0
2569,135,0
2569,89,0
2569,130,0
2569,68,0
2569,121,0
2570,6,0
2570,108,0
2570,67,0
2570,18,0
2570,69,0
2570,25,0
2570,32,0
2570,131,0
2570,67,0
2570,46,0
2570,89,0
2571,67,0
2571,62,0
2571,43,0
2571,38,0
2571,41,0
2571,100,0
2571,124,0
2572,25,0
2572,43,0
2572,42,0
2572,69,0
2572,98,0
2572,66,0
2572,43,0
2573,38,0
2573,42,0
2573,85,0
2573,130,0
2573,84,0
2573,38,0
2573,97,0
2573,41,0
2573,101,0
2574,47,0
2574,69,0
2574,30,0
2574,6,0
2574,43,0
2574,67,0
2574,18,0
2574,9,0
2574,38,0
2575,67,0
2575,6,0
2575,78,0
2575,40,0
2575,6,0
2575,43,0
2575,78,0
2575,25,0
2575,30,0
2575,38,0
2576,41,0
2576,6,0
2576,89,0
2576,99,0
2576,78,0
2576,38,0
2576,32,0
2577,67,0
2577,9,0
2577,74,0
2577,47,0
2577,40,0
2577,67,0
2577,6,0
2577,69,0
2578,153,0
2578,67,0
2578,38,0
2578,41,0
2578,6,0
2578,68,0
2578,78,0
2579,68,0
2579,9,0
2579,38,0
2579,6,0
2579,43,0
2579,100,0
2579,6,0
2579,43,0
2579,25,0
2579,68,0
2579,40,0
2579,6,0
2579,37,0
2579,67,0
2579,45,0
2579,84,0
2579,30,0
2579,89,0
2579,38,0
2579,40,0
2579,43,0
2579,100,0
2579,102,0
2579,89,0
2579,41,0
2579,6,0
2579,115,0
2579,99,0
2579,47,0
2579,30,0
2579,38,0
2579,47,0
2580,101,0
2580,43,0
2580,117,0
2580,68,0
2580,115,0
2580,38,0
2580,67,0
2581,46,0
2581,30,0
2581,77,0
2581,37,0
2581,137,0
2581,132,0
2581,46,0
2582,38,0
2582,42,0
2582,6,0
2582,89,0
2582,74,0
2582,47,0
2582,38,0
2583,67,0
2583,41,0
2583,38,0
2583,37,0
2583,43,0
2583,100,0
2583,84,0
2583,25,0
2584,32,0
2584,98,0
2584,18,0
2584,101,0
2584,77,0
2584,38,0
2584,37,0
2585,43,0
2585,25,0
2585,30,0
2585,67,0
2585,42,0
2585,25,0
2585,6,0
2586,41,0
2586,43,0
2586,42,0
2586,68,0
2586,100,0
2586,43,0
2586,37,0
2586,38,0
2586,6,0
2587,41,0
2587,42,0
2587,129,0
2587,30,0
2587,38,0
2587,67,0
2587,44,0
2588,99,0
2588,25,0
2588,40,0
2588,43,0
2588,7,0
2588,46,0
2588,129,0
2589,9,0
2589,1,0
2589,105,0
2589,43,0
2589,115,0
2589,6,0
2589,124,0
2590,6,0
2590,60,0
2590,43,0
2590,42,0
2590,81,0
2590,3,0
2590,6,0
2590,81,0
2590,38,0
2591,6,0
2591,43,0
2591,30,0
2591,130,0
2591,129,0
2591,38,0
2591,15,0
2592,6,0
2592,25,0
2592,101,0
2592,68,0
2592,1,0
2592,37,0
2592,67,0
2592,146,0
2593,6,0
2593,129,0
2593,30,0
2593,98,0
2593,60,0
2593,28,0
2593,75,0
2594,137,0
2594,25,0
2594,68,0
2594,38,0
2594,18,0
2594,81,0
2594,25,0
2594,6,0
2595,43,0
2595,46,0
2595,76,0
2595,68,0
2595,38,0
2595,89,0
2595,47,0
2596,84,0
2596,130,0
2596,43,0
2596,6,0
2596,42,0
2596,46,0
2596,60,0
2597,67,0
2597,41,0
2597,38,0
2597,25,0
2597,30,0
2597,74,0
2597,89,0
2597,46,0
2598,120,0
2598,38,0
2598,98,0
2598,47,0
2598,41,0
2598,69,0
2598,38,0
2599,137,0
2599,89,0
2599,46,0
2599,102,0
2599,45,0
2599,46,0
2599,6,0
2600,32,0
2600,67,0
2600,40,0
2600,6,0
2600,74,0
2600,25,0
2600,40,0
2600,60,0
2601,6,0
2601,99,0
2601,43,0
2601,46,0
2601,67,0
2601,46,0
2601,43,0
2602,100,0
2602,38,0
2602,68,0
2602,6,0
2602,30,0
2602,47,0
2602,6,0
2602,60,0
2603,136,0
2603,43,0
2603,100,0
2603,42,0
2603,30,0
2603,6,0
2603,25,0
2603,74,0
2604,67,0
2604,46,0
2604,6,0
2604,130,0
2604,67,0
2604,69,0
2604,38,0
2605,40,0
2605,15,0
2605,71,0
2605,46,0
2605,32,0
2605,60,0
2605,6,0
2605,7,0
2606,99,0
2606,102,0
2606,38,0
2606,41,0
2606,25,0
2606,30,0
2606,60,0
2606,97,0
2607,67,0
2607,74,0
2607,25,0
2607,30,0
2607,48,0
2607,38,0
2607,105,0
2608,32,0
2608,67,0
2608,89,0
2608,6,0
2608,100,0
2608,48,0
2608,38,0
2609,32,0
2609,67,0
2609,46,0
2609,68,0
2609,41,0
2609,30,0
2609,43,0
2610,67,0
2610,38,0
2610,40,0
2610,67,0
2610,43,0
2610,46,0
2610,7,0
2611,38,0
2611,39,0
2611,67,0
2611,6,0
2611,41,0
2611,6,0
2611,60,0
2612,67,0
2612,43,0
2612,77,0
2612,60,0
2612,38,0
2612,67,0
2612,7,0
2613,129,0
2613,76,0
2613,67,0
2613,46,0
2613,6,0
2613,105,0
2613,4,0
2614,60,0
2614,115,0
2614,32,0
2614,43,0
2614,38,0
2614,43,0
2614,6,0
2615,84,0
2615,3,0
2615,25,0
2615,105,0
2615,6,0
2615,60,0
2615,47,0
2616,25,0
2616,41,0
2616,85,0
2616,67,0
2616,45,0
2616,47,0
2616,25,0
2617,6,0
2617,38,0
2617,137,0
2617,85,0
2617,38,0
2617,32,0
2617,42,0
2617,6,0
2617,30,0
2617,38,0
2618,47,0
2618,6,0
2618,85,0
2618,43,0
2618,67,0
2618,68,0
2618,40,0
2619,67,0
2619,151,0
2619,25,0
2619,76,0
2619,38,0
2619,43,0
2619,67,0
2619,6,0
2620,25,0
2620,89,0
2620,30,0
2620,38,0
2620,6,0
2620,117,0
2620,68,0
2621,81,0
2621,124,0
2621,6,0
2621,28,0
2621,67,0
2621,76,0
2621,81,0
2622,89,0
2622,74,0
2622,6,0
2622,43,0
2622,67,0
2622,46,0
2622,81,0
2623,38,0
2623,37,0
2623,67,0
2623,25,0
2623,74,0
2623,38,0
2623,43,0
2623,132,0
2624,45,0
2624,89,0
2624,124,0
2624,38,0
2624,25,0
2624,30,0
2624,3,0
2625,6,0
2625,18,0
2625,74,0
2625,38,0
2625,105,0
2625,32,0
2625,137,0
2626,123,0
2626,76,0
2626,38,0
2626,6,0
2626,68,0
2626,129,0
2626,89,0
2627,30,0
2627,25,0
2627,38,0
2627,43,0
2627,68,0
2627,46,0
2627,121,0
2627,40,0
2627,32,0
2627,74,0
2627,25,0
2628,30,0
2628,68,0
2628,76,0
2628,46,0
2628,9,0
2628,124,0
2628,3,0
2629,97,0
2629,38,0
2629,115,0
2629,131,0
2629,46,0
2629,25,0
2629,47,0
2630,38,0
2630,40,0
2630,6,0
2630,18,0
2630,129,0
2630,85,0
2630,9,0
2631,40,0
2631,41,0
2631,6,0
2631,101,0
2631,130,0
2631,40,0
2631,6,0
2632,76,0
2632,30,0
2632,38,0
2632,66,0
2632,60,0
2632,41,0
2632,67,0
2632,6,0
2633,38,0
2633,129,0
2633,25,0
2633,30,0
2633,105,0
2633,38,0
2633,67,0
2634,75,0
2634,18,0
2634,25,0
2634,38,0
2634,46,0
2634,30,0
2634,40,0
2635,38,0
2635,32,0
2635,6,0
2635,46,0
2635,38,0
2635,32,0
2635,45,0
2636,25,0
2636,30,0
2636,38,0
2636,41,0
2636,47,0
2636,74,0
2636,98,0
2637,67,0
2637,25,0
2637,77,0
2637,38,0
2637,6,0
2637,76,0
2637,81,0
2638,25,0
2638,60,0
2638,48,0
2638,38,0
2638,60,0
2638,1,0
2638,6,0
2638,4,0
2639,89,0
2639,38,0
2639,74,0
2639,6,0
2639,46,0
2639,68,0
2639,3,0
2640,38,0
2640,67,0
2640,153,0
2640,74,0
2640,101,0
2640,130,0
2640,6,0
2641,67,0
2641,3,0
2641,6,0
2641,38,0
2641,6,0
2641,101,0
2641,46,0
2642,85,0
2642,41,0
2642,25,0
2642,76,0
2642,89,0
2642,124,0
2642,9,0
2643,4,0
2643,43,0
2643,6,0
2643,108,0
2643,89,0
2643,38,0
2643,67,0
2644,77,0
2644,40,0
2644,43,0
2644,99,0
2644,101,0
2644,18,0
2644,102,0
2645,45,0
2645,3,0
2645,9,0
2645,37,0
2645,60,0
2645,6,0
2645,25,0
2646,48,0
2646,60,0
2646,41,0
2646,67,0
2646,100,0
2646,81,0
2646,98,0
2647,38,0
2647,38,0
2647,67,0
2647,43,0
2647,42,0
2647,132,0
2647,3,0
2648,102,0
2648,38,0
2648,44,0
2648,46,0
2648,47,0
2648,118,0
2648,66,0
2649,38,0
2649,102,0
2649,32,0
2649,99,0
2649,46,0
2649,97,0
2649,38,0
2650,67,0
2650,25,0
2650,9,0
2650,38,0
2650,46,0
2650,67,0
2650,88,0
2651,30,0
2651,38,0
2651,77,0
2651,105,0
2651,97,0
2651,68,0
2651,41,0
2652,85,0
2652,77,0
2652,47,0
2652,6,0
2652,149,0
2652,100,0
2652,30,0
2653,67,0
2653,38,0
2653,46,0
2653,6,0
2653,69,0
2653,38,0
2653,6,0
2654,67,0
2654,78,0
2654,25,0
2654,130,0
2654,60,0
2654,6,0
2654,43,0
2655,6,0
2655,67,0
2655,78,0
2655,81,0
2655,38,0
2655,67,0
2655,1,0
2656,105,0
2656,6,0
2656,43,0
2656,25,0
2656,38,0
2656,61,0
2656,78,0
2657,68,0
2657,38,0
2657,120,0
2657,131,0
2657,42,0
2657,131,0
2657,130,0
2658,113,0
2658,6,0
2658,62,0
2658,4,0
2658,44,0
2658,42,0
2658,38,0
2659,30,0
2659,38,0
2659,41,0
2659,67,0
2659,123,0
2659,30,0
2659,89,0
2660,74,0
2660,68,0
2660,70,0
2660,45,0
2660,100,0
2660,32,0
2660,70,0
2661,6,0
2661,41,0
2661,69,0
2661,25,0
2661,38,0
2661,40,0
2661,42,0
2662,137,0
2662,85,0
2662,25,0
2662,38,0
2662,85,0
2662,25,0
2662,32,0
2663,70,0
2663,68,0
2663,6,0
2663,32,0
2663,42,0
2663,137,0
2663,78,0
2664,129,0
2664,85,0
2664,66,0
2664,38,0
2664,43,0
2664,6,0
2664,143,0
2665,69,0
2665,41,0
2665,68,0
2665,38,0
2665,60,0
2665,44,0
2665,68,0
2666,9,0
2666,130,0
2666,38,0
2666,28,0
2666,67,0
2666,1,0
2666,60,0
2666,6,0
2666,7,0
2667,129,0
2667,108,0
2667,6,0
2667,69,0
2667,32,0
2667,43,0
2667,38,0
2668,60,0
2668,129,0
2668,38,0
2668,43,0
2668,67,0
2668,45,0
2668,46,0
2669,130,0
2669,38,0
2669,32,0
2669,30,0
2669,40,0
2669,98,0
2669,75,0
2670,25,0
2670,47,0
2670,124,0
2670,68,0
2670,38,0
2670,97,0
2670,46,0
2671,20,0
2671,101,0
2671,32,0
2671,81,0
2671,6,0
2671,121,0
2671,43,0
2672,118,0
2672,100,0
2672,30,0
2672,121,0
2672,6,0
2672,67,0
2672,68,0
2673,1,0
2673,115,0
2673,6,0
2673,67,0
2673,46,0
2673,84,0
2673,38,0
2674,43,0
2674,67,0
2674,68,0
2674,68,0
2674,18,0
2674,1,0
2674,43,0
2675,45,0
2675,85,0
2675,124,0
2675,30,0
2675,38,0
2675,6,0
2675,25,0
2676,85,0
2676,37,0
2676,147,0
2676,40,0
2676,62,0
2676,97,0
2676,60,0
2677,129,0
2677,74,0
2677,3,0
2677,77,0
2677,66,0
2677,4,0
2677,43,0
2678,41,0
2678,66,0
2678,98,0
2678,148,0
2678,131,0
2678,67,0
2678,89,0
2679,43,0
2679,98,0
2679,42,0
2679,68,0
2679,38,0
2679,105,0
2679,98,0
2679,47,0
2679,25,0
2680,30,0
2680,21,0
2680,70,0
2680,6,0
2680,15,0
2680,2,0
2680,9,0
2680,1,0
2681,24,0
2681,25,0
2681,28,0
2681,30,0
2681,29,0
2681,32,0
2681,38,0
2682,40,0
2682,38,0
2682,6,0
2682,68,0
2682,41,0
2682,129,0
2682,30,0
2683,67,0
2683,9,0
2683,98,0
2683,41,0
2683,6,0
2683,130,0
2683,30,0
2684,81,0
2684,32,0
2684,143,0
2684,67,0
2684,99,0
2684,43,0
2684,68,0
2685,84,0
2685,38,0
2685,105,0
2685,47,0
2685,81,0
2685,98,0
2685,60,0
2686,6,0
2686,44,0
2686,137,0
2686,41,0
2686,30,0
2686,38,0
2686,41,0
2687,44,0
2687,46,0
2687,128,0
2687,30,0
2687,69,0
2687,38,0
2687,6,0
2688,78,0
2688,89,0
2688,30,0
2688,85,0
2688,25,0
2688,74,0
2688,41,0
2689,68,0
2689,38,0
2689,1,0
2689,37,0
2689,137,0
2689,100,0
2689,25,0
2690,85,0
2690,40,0
2690,41,0
2690,7,0
2690,78,0
2690,38,0
2690,25,0
2691,134,0
2691,77,0
2691,43,0
2691,6,0
2691,30,0
2691,25,0
2691,85,0
2692,76,0
2692,89,0
2692,130,0
2692,68,0
2692,48,0
2692,1,0
2692,77,0
2693,43,0
2693,47,0
2693,30,0
2693,6,0
2693,132,0
2693,9,0
2693,30,0
2694,115,0
2694,67,0
2694,38,0
2694,37,0
2694,85,0
2694,1,0
2694,131,0
2695,47,0
2695,89,0
2695,101,0
2695,30,0
2695,61,0
2695,102,0
2695,60,0
2696,6,0
2696,100,0
2696,77,0
2696,38,0
2696,47,0
2696,6,0
2696,130,0
2697,68,0
2697,38,0
2697,120,0
2697,98,0
2697,6,0
2697,25,0
2697,67,0
2698,69,0
2698,32,0
2698,38,0
2698,43,0
2698,42,0
2698,7,0
2698,84,0
2699,68,0
2699,67,0
2699,116,0
2699,45,0
2699,81,0
2699,89,0
2699,60,0
2700,105,0
2700,6,0
2700,25,0
2700,67,0
2700,6,0
2700,18,0
2700,1,0
2701,115,0
2701,47,0
2701,69,0
2701,76,0
2701,85,0
2701,38,0
2701,6,0
2702,42,0
2702,40,0
2702,135,0
2702,42,0
2702,43,0
2702,47,0
2702,89,0
2703,38,0
2703,43,0
2703,108,0
2703,100,0
2703,77,0
2703,98,0
2703,41,0
2704,124,0
2704,6,0
2704,38,0
2704,37,0
2704,99,0
2704,67,0
2704,38,0
2705,40,0
2705,43,0
2705,6,0
2705,81,0
2705,74,0
2705,6,0
2705,43,0
2706,32,0
2706,78,0
2706,76,0
2706,40,0
2706,67,0
2706,47,0
2706,46,0
2707,38,0
2707,129,0
2707,9,0
2707,85,0
2707,131,0
2707,60,0
2707,42,0
2708,70,0
2708,6,0
2708,6,0
2708,60,0
2708,67,0
2708,46,0
2708,25,0
2709,38,0
2709,78,0
2709,69,0
2709,43,0
2709,25,0
2709,30,0
2709,38,0
2710,105,0
2710,6,0
2710,43,0
2710,129,0
2710,98,0
2710,105,0
2710,38,0
2711,6,0
2711,39,0
2711,43,0
2711,85,0
2711,32,0
2711,42,0
2711,38,0
2712,89,0
2712,32,0
2712,25,0
2712,9,0
2712,43,0
2712,60,0
2712,6,0
2713,67,0
2713,99,0
2713,46,0
2713,6,0
2713,60,0
2713,43,0
2713,41,0
2714,42,0
2714,30,0
2714,130,0
2714,6,0
2714,67,0
2714,46,0
2714,67,0
2715,25,0
2715,97,0
2715,46,0
2715,102,0
2715,77,0
2715,38,0
2715,37,0
2716,43,0
2716,47,0
2716,128,0
2716,102,0
2716,135,0
2716,132,0
2716,78,0
2717,68,0
2717,38,0
2717,6,0
2717,97,0
2717,99,0
2717,42,0
2717,25,0
2718,38,0
2718,43,0
2718,128,0
2718,98,0
2718,6,0
2718,118,0
2718,18,0
2719,1,0
2719,77,0
2719,38,0
2719,143,0
2719,67,0
2719,85,0
2719,1,0
2720,4,0
2720,43,0
2720,67,0
2720,85,0
2720,25,0
2720,38,0
2720,41,0
2721,7,0
2721,98,0
2721,3,0
2721,38,0
2721,67,0
2721,20,0
2721,78,0
2722,1,0
2722,47,0
2722,25,0
2722,89,0
2722,30,0
2722,32,0
2722,38,0
2723,101,0
2723,78,0
2723,74,0
2723,30,0
2723,60,0
2723,4,0
2723,43,0
2724,6,0
2724,67,0
2724,88,0
2724,98,0
2724,38,0
2724,130,0
2724,89,0
2725,25,0
2725,67,0
2725,46,0
2725,38,0
2725,67,0
2725,6,0
2725,147,0
2726,68,0
2726,69,0
2726,6,0
2726,66,0
2726,102,0
2726,60,0
2726,43,0
2727,124,0
2727,1,0
2727,43,0
2727,6,0
2727,74,0
2727,89,0
2727,38,0
2728,67,0
2728,6,0
2728,60,0
2728,32,0
2728,99,0
2728,43,0
2728,46,0
2729,18,0
2729,6,0
2729,46,0
2729,30,0
2729,38,0
2729,6,0
2729,68,0
2730,30,0
2730,102,0
2730,32,0
2730,41,0
2730,68,0
2730,45,0
2730,46,0
2731,25,0
2731,38,0
2731,40,0
2731,105,0
2731,43,0
2731,28,0
2731,25,0
2732,124,0
2732,61,0
2732,40,0
2732,67,0
2732,116,0
2732,60,0
2732,38,0
2733,147,0
2733,46,0
2733,38,0
2733,41,0
2733,6,0
2733,81,0
2733,102,0
2734,25,0
2734,105,0
2734,32,0
2734,6,0
2734,143,0
2734,68,0
2734,68,0
2735,46,0
2735,6,0
2735,60,0
2735,41,0
2735,43,0
2735,18,0
2735,78,0
2736,25,0
2736,84,0
2736,130,0
2736,3,0
2736,38,0
2736,116,0
2736,43,0
2737,81,0
2737,6,0
2737,60,0
2737,68,0
2737,25,0
2737,6,0
2737,46,0
2738,25,0
2738,77,0
2738,67,0
2738,46,0
2738,102,0
2738,40,0
2738,99,0
2739,108,0
2739,123,0
2739,74,0
2739,6,0
2739,67,0
2739,41,0
2739,45,0
2740,100,0
2740,69,0
2740,9,0
2740,6,0
2740,40,0
2740,47,0
2740,3,0
2741,38,0
2741,25,0
2741,43,0
2741,60,0
2741,68,0
2741,38,0
2741,32,0
2742,43,0
2742,6,0
2742,30,0
2742,25,0
2742,85,0
2742,3,0
2742,38,0
2742,41,0
2742,47,0
2742,18,0
2743,46,0
2743,101,0
2743,124,0
2743,67,0
2743,38,0
2743,67,0
2743,43,0
2744,101,0
2744,85,0
2744,84,0
2744,66,0
2744,70,0
2744,6,0
2744,68,0
2745,118,0
2745,6,0
2745,38,0
2745,43,0
2745,30,0
2745,25,0
2745,66,0
2746,38,0
2746,136,0
2746,60,0
2746,9,0
2746,5,0
2746,6,0
2746,1,0
2746,10,0
2747,3,0
2747,7,0
2747,12,0
2747,13,0
2747,24,0
2747,25,0
2747,28,0
2748,32,0
2748,77,0
2748,43,0
2748,6,0
2748,41,0
2748,25,0
2748,77,0
2749,38,0
2749,97,0
2749,42,0
2749,61,0
2749,38,0
2749,135,0
2749,115,0
2750,41,0
2750,74,0
2750,3,0
2750,30,0
2750,102,0
2750,97,0
2750,42,0
2751,40,0
2751,77,0
2751,43,0
2751,100,0
2751,71,0
2751,129,0
2751,98,0
2752,37,0
2752,6,0
2752,81,0
2752,25,0
2752,38,0
2752,97,0
2752,1,0
2753,68,0
2753,69,0
2753,1,0
2753,41,0
2753,116,0
2753,67,0
2753,74,0
2754,1,0
2754,38,0
2754,60,0
2754,43,0
2754,6,0
2754,130,0
2754,60,0
2755,32,0
2755,98,0
2755,42,0
2755,124,0
2755,47,0
2755,45,0
2755,46,0
2755,67,0
2756,78,0
2756,153,0
2756,77,0
2756,66,0
2756,43,0
2756,116,0
2756,71,0
2757,30,0
2757,66,0
2757,6,0
2757,32,0
2757,43,0
2757,101,0
2757,130,0
2758,98,0
2758,153,0
2758,61,0
2758,99,0
2758,108,0
2758,45,0
2758,25,0
2759,1,0
2759,40,0
2759,67,0
2759,137,0
2759,25,0
2759,124,0
2759,44,0
2760,6,0
2760,6,0
2760,105,0
2760,60,0
2760,100,0
2760,25,0
2760,38,0
2761,60,0
2761,42,0
2761,68,0
2761,40,0
2761,38,0
2761,37,0
2761,60,0
2762,74,0
2762,38,0
2762,43,0
2762,108,0
2762,128,0
2762,43,0
2762,38,0
2763,60,0
2763,77,0
2763,6,0
2763,78,0
2763,68,0
2763,6,0
2763,131,0
2764,37,0
2764,67,0
2764,45,0
2764,25,0
2764,98,0
2764,6,0
2764,43,0
2765,100,0
2765,38,0
2765,43,0
2765,78,0
2765,9,0
2765,153,0
2765,60,0
2765,43,0
2766,6,0
2766,45,0
2766,81,0
2766,85,0
2766,25,0
2766,38,0
2766,105,0
2767,100,0
2767,68,0
2767,1,0
2767,67,0
2767,43,0
2767,46,0
2767,74,0
2768,6,0
2768,60,0
2768,67,0
2768,43,0
2768,24,0
2768,38,0
2768,6,0
2769,77,0
2769,43,0
2769,7,0
2769,81,0
2769,89,0
2769,135,0
2769,43,0
2770,6,0
2770,115,0
2770,118,0
2770,47,0
2770,60,0
2770,43,0
2770,6,0
2771,68,0
2771,6,0
2771,99,0
2771,37,0
2771,136,0
2771,66,0
2771,38,0
2772,117,0
2772,71,0
2772,85,0
2772,89,0
2772,43,0
2772,46,0
2772,30,0
2773,4,0
2773,43,0
2773,41,0
2773,108,0
2773,9,0
2773,74,0
2773,40,0
2774,66,0
2774,77,0
2774,43,0
2774,143,0
2774,89,0
2774,38,0
2774,60,0
2775,4,0
2775,43,0
2775,129,0
2775,149,0
2775,6,0
2775,38,0
2775,25,0
2776,6,0
2776,115,0
2776,44,0
2776,78,0
2776,9,0
2776,135,0
2776,6,0
2777,37,0
2777,132,0
2777,124,0
2777,76,0
2777,42,0
2777,68,0
2777,101,0
2778,68,0
2778,118,0
2778,3,0
2778,60,0
2778,18,0
2778,38,0
2778,67,0
2779,68,0
2779,89,0
2779,130,0
2779,102,0
2779,6,0
2779,60,0
2779,100,0
2780,67,0
2780,30,0
2780,73,0
2780,23,0
2780,8,0
2780,25,0
2780,29,0
2781,25,0
2781,30,0
2781,38,0
2781,25,0
2781,30,0
2781,1,0
2781,60,0
2782,136,0
2782,44,0
2782,99,0
2782,120,0
2782,134,0
2782,6,0
2782,117,0
2782,18,0
2783,129,0
2783,30,0
2783,40,0
2783,37,0
2783,43,0
2783,47,0
2783,76,0
2784,1,0
2784,40,0
2784,105,0
2784,6,0
2784,46,0
2784,100,0
2784,38,0
2785,32,0
2785,44,0
2785,37,0
2785,89,0
2785,30,0
2785,38,0
2785,115,0
2786,6,0
2786,137,0
2786,42,0
2786,25,0
2786,41,0
2786,40,0
2786,97,0
2787,6,0
2787,101,0
2787,46,0
2787,9,0
2787,60,0
2787,81,0
2787,37,0
2788,74,0
2788,38,0
2788,46,0
2788,30,0
2788,40,0
2788,67,0
2788,60,0
2789,70,0
2789,18,0
2789,68,0
2789,38,0
2789,46,0
2789,1,0
2789,60,0
2790,67,0
2790,6,0
2790,18,0
2790,68,0
2790,124,0
2790,6,0
2790,60,0
2791,37,0
2791,132,0
2791,78,0
2791,98,0
2791,38,0
2791,77,0
2791,66,0
2792,60,0
2792,43,0
2792,105,0
2792,42,0
2792,6,0
2792,67,0
2792,25,0
2793,66,0
2793,6,0
2793,43,0
2793,41,0
2793,85,0
2793,38,0
2793,1,0
2794,37,0
2794,41,0
2794,6,0
2794,30,0
2794,69,0
2794,38,0
2794,85,0
2795,25,0
2795,68,0
2795,38,0
2795,32,0
2795,137,0
2795,67,0
2795,9,0
2795,85,0
2795,38,0
2795,136,0
2795,108,0
2795,67,0
2795,45,0
2795,129,0
2795,30,0
2795,6,0
2795,136,0
2795,43,0
2795,100,0
2796,38,0
2796,30,0
2796,67,0
2796,6,0
2796,60,0
2796,115,0
2796,67,0
2797,66,0
2797,38,0
2797,131,0
2797,67,0
2797,89,0
2797,68,0
2797,77,0
2798,38,0
2798,60,0
2798,39,0
2798,43,0
2798,6,0
2798,88,0
2798,38,0
2799,6,0
2799,130,0
2799,25,0
2799,30,0
2799,46,0
2799,66,0
2799,105,0
2799,60,0
2800,137,0
2800,67,0
2800,38,0
2800,121,0
2800,60,0
2800,39,0
2800,42,0
2801,43,0
2801,67,0
2801,38,0
2801,60,0
2801,40,0
2801,47,0
2801,42,0
2802,89,0
2802,101,0
2802,38,0
2802,38,0
2802,77,0
2802,37,0
2802,47,0
2803,25,0
2803,89,0
2803,99,0
2803,38,0
2803,25,0
2803,38,0
2803,41,0
2804,37,0
2804,124,0
2804,43,0
2804,125,0
2804,30,0
2804,6,0
2804,18,0
2805,81,0
2805,66,0
2805,60,0
2805,97,0
2805,105,0
2805,15,0
2805,41,0
2806,40,0
2806,77,0
2806,42,0
2806,116,0
2806,9,0
2806,38,0
2806,25,0
2807,38,0
2807,32,0
2807,99,0
2807,116,0
2807,6,0
2807,43,0
2807,68,0
2808,25,0
2808,48,0
2808,134,0
2808,32,0
2808,43,0
2808,37,0
2808,38,0
2808,6,0
2809,60,0
2809,32,0
2809,42,0
2809,67,0
2809,74,0
2809,68,0
2809,77,0
2810,43,0
2810,116,0
2810,46,0
2810,9,0
2810,67,0
2810,38,0
2810,97,0
2811,32,0
2811,37,0
2811,45,0
2811,25,0
2811,124,0
2811,6,0
2811,42,0
2812,6,0
2812,115,0
2812,38,0
2812,43,0
2812,143,0
2812,116,0
2812,1,0
2813,98,0
2813,42,0
2813,124,0
2813,47,0
2813,25,0
2813,38,0
2813,38,0
2814,43,0
2814,6,0
2814,69,0
2814,68,0
2814,37,0
2814,67,0
2814,38,0
2815,99,0
2815,108,0
2815,45,0
2815,30,0
2815,85,0
2815,77,0
2815,38,0
2816,60,0
2816,67,0
2816,47,0
2816,118,0
2816,106,0
2816,32,0
2816,38,0
2817,60,0
2817,43,0
2817,143,0
2817,76,0
2817,25,0
2817,136,0
2817,43,0
2818,50,0
2818,6,0
2818,81,0
2818,153,0
2818,131,0
2818,99,0
2818,68,0
2819,81,0
2819,30,0
2819,3,0
2819,6,0
2819,136,0
2819,62,0
2819,60,0
2820,108,0
2820,43,0
2820,30,0
2820,6,0
2820,99,0
2820,43,0
2820,98,0
2821,25,0
2821,38,0
2821,25,0
2821,121,0
2821,1,0
2821,42,0
2821,30,0
2822,40,0
2822,43,0
2822,69,0
2822,129,0
2822,68,0
2822,6,0
2822,66,0
2823,77,0
2823,60,0
2823,67,0
2823,46,0
2823,118,0
2823,6,0
2823,136,0
2824,62,0
2824,37,0
2824,67,0
2824,146,0
2824,24,0
2824,40,0
2824,32,0
2825,67,0
2825,69,0
2825,38,0
2825,6,0
2825,42,0
2825,100,0
2825,128,0
2826,120,0
2826,38,0
2826,6,0
2826,108,0
2826,89,0
2826,30,0
2826,3,0
2827,38,0
2827,6,0
2827,42,0
2827,25,0
2827,85,0
2827,6,0
2827,120,0
2828,32,0
2828,43,0
2828,45,0
2828,68,0
2828,85,0
2828,6,0
2828,77,0
2829,43,0
2829,30,0
2829,76,0
2829,69,0
2829,38,0
2829,43,0
2829,124,0
2830,66,0
2830,38,0
2830,4,0
2830,143,0
2830,124,0
2830,43,0
2830,123,0
2831,38,0
2831,60,0
2831,43,0
2831,101,0
2831,6,0
2831,66,0
2831,43,0
2832,102,0
2832,99,0
2832,67,0
2832,25,0
2832,43,0
2832,37,0
2832,81,0
2833,25,0
2833,77,0
2833,40,0
2833,60,0
2833,115,0
2833,67,0
2833,46,0
2834,129,0
2834,6,0
2834,46,0
2834,38,0
2834,118,0
2834,38,0
2834,136,0
2835,37,0
2835,67,0
2835,47,0
2835,25,0
2835,85,0
2835,1,0
2835,97,0
2835,68,0
2835,46,0
2835,30,0
2835,38,0
2835,128,0
2836,46,0
2836,18,0
2836,6,0
2836,102,0
2836,38,0
2836,39,0
2836,42,0
2837,6,0
2837,41,0
2837,67,0
2837,18,0
2837,25,0
2837,74,0
2837,30,0
2838,30,0
2838,3,0
2838,6,0
2838,43,0
2838,67,0
2838,78,0
2838,66,0
2839,38,0
2839,40,0
2839,132,0
2839,123,0
2839,71,0
2839,68,0
2839,84,0
2840,67,0
2840,38,0
2840,43,0
2840,30,0
2840,68,0
2840,121,0
2840,37,0
2841,136,0
2841,60,0
2841,1,0
2841,50,0
2841,81,0
2841,134,0
2841,124,0
2842,85,0
2842,89,0
2842,130,0
2842,134,0
2842,67,0
2842,3,0
2842,6,0
2843,43,0
2843,68,0
2843,38,0
2843,25,0
2843,3,0
2843,1,0
2843,32,0
2844,42,0
2844,6,0
2844,89,0
2844,85,0
2844,74,0
2844,78,0
2844,38,0
2844,32,0
2845,43,0
2845,68,0
2845,47,0
2845,118,0
2845,97,0
2845,100,0
2845,25,0
2846,1,0
2846,6,0
2846,45,0
2846,46,0
2846,30,0
2846,68,0
2846,38,0
2847,43,0
2847,32,0
2847,45,0
2847,46,0
2847,25,0
2847,89,0
2847,38,0
2848,43,0
2848,78,0
2848,30,0
2848,6,0
2848,70,0
2848,66,0
2848,102,0
2849,43,0
2849,46,0
2849,89,0
2849,60,0
2849,97,0
2849,20,0
2849,25,0
2850,40,0
2850,41,0
2850,137,0
2850,30,0
2850,89,0
2850,6,0
2850,37,0
2851,38,0
2851,6,0
2851,98,0
2851,116,0
2851,89,0
2851,25,0
2851,85,0
2852,67,0
2852,6,0
2852,42,0
2852,69,0
2852,38,0
2852,42,0
2852,67,0
2852,78,0
2852,98,0
2853,105,0
2853,6,0
2853,60,0
2853,137,0
2853,85,0
2853,38,0
2853,42,0
2854,137,0
2854,38,0
2854,1,0
2854,60,0
2854,44,0
2854,6,0
2854,89,0
2855,124,0
2855,121,0
2855,115,0
2855,37,0
2855,132,0
2855,6,0
2855,66,0
2855,6,0
2856,97,0
2856,32,0
2856,108,0
2856,9,0
2856,84,0
2856,97,0
2856,38,0
2857,60,0
2857,32,0
2857,20,0
2857,25,0
2857,43,0
2857,98,0
2857,38,0
2858,143,0
2858,116,0
2858,7,0
2858,89,0
2858,67,0
2858,38,0
2858,152,0
2859,43,0
2859,46,0
2859,125,0
2859,30,0
2859,134,0
2859,43,0
2859,6,0
2860,116,0
2860,20,0
2860,46,0
2860,130,0
2860,120,0
2860,66,0
2860,38,0
2860,41,0
2860,43,0
2860,3,0
2860,128,0
2860,153,0
2860,115,0
2860,108,0
2860,68,0
2860,81,0
2860,40,0
2860,38,0
2860,32,0
2860,132,0
2860,125,0
2860,81,0
2860,40,0
2860,6,0
2861,25,0
2861,46,0
2861,3,0
2861,85,0
2861,38,0
2861,37,0
2861,67,0
2861,47,0
2861,18,0
2862,80,0
2862,89,0
2862,98,0
2862,74,0
2862,89,0
2862,38,0
2862,32,0
2862,129,0
2862,30,0
2862,24,0
2863,38,0
2863,43,0
2863,89,0
2863,46,0
2863,7,0
2863,25,0
2863,38,0
2864,32,0
2864,41,0
2864,9,0
2864,30,0
2864,3,0
2864,102,0
2864,40,0
2865,135,0
2865,117,0
2865,18,0
2865,25,0
2865,30,0
2865,60,0
2865,135,0
2866,43,0
2866,137,0
2866,100,0
2866,129,0
2866,89,0
2866,40,0
2866,116,0
2867,47,0
2867,45,0
2867,81,0
2867,30,0
2867,43,0
2867,37,0
2867,1,0
2868,6,0
2868,67,0
2868,25,0
2868,74,0
2868,38,0
2868,9,0
2868,1,0
2869,25,0
2869,38,0
2869,37,0
2869,67,0
2869,89,0
2869,46,0
2869,100,0
2870,38,0
2870,121,0
2870,43,0
2870,89,0
2870,6,0
2870,129,0
2870,76,0
2871,1,0
2871,43,0
2871,6,0
2871,81,0
2871,25,0
2871,85,0
2871,44,0
2871,6,0
2872,25,0
2872,32,0
2872,6,0
2872,68,0
2872,38,0
2872,42,0
2872,20,0
2873,41,0
2873,69,0
2873,148,0
2873,6,0
2873,78,0
2873,45,0
2873,47,0
2874,89,0
2874,85,0
2874,1,0
2874,97,0
2874,46,0
2874,38,0
2874,43,0
2875,25,0
2875,6,0
2875,28,0
2875,46,0
2875,67,0
2875,78,0
2875,30,0
2876,38,0
2876,25,0
2876,46,0
2876,78,0
2876,77,0
2876,6,0
2876,47,0
2877,68,0
2877,41,0
2877,38,0
2877,6,0
2877,67,0
2877,89,0
2877,101,0
2878,84,0
2878,67,0
2878,6,0
2878,67,0
2878,25,0
2878,38,0
2878,6,0
2879,25,0
2879,85,0
2879,24,0
2879,6,0
2879,32,0
2879,47,0
2879,45,0
2880,101,0
2880,89,0
2880,38,0
2880,102,0
2880,67,0
2880,100,0
2880,81,0
2881,89,0
2881,46,0
2881,30,0
2881,3,0
2881,6,0
2881,67,0
2881,130,0
2882,24,0
2882,138,0
2882,30,0
2882,84,0
2882,40,0
2882,43,0
2882,37,0
2883,125,0
2883,74,0
2883,38,0
2883,67,0
2883,124,0
2883,37,0
2883,41,0
2884,67,0
2884,137,0
2884,68,0
2884,25,0
2884,30,0
2884,77,0
2884,38,0
2885,137,0
2885,25,0
2885,85,0
2885,46,0
2885,32,0
2885,44,0
2885,46,0
2886,38,0
2886,6,0
2886,42,0
2886,47,0
2886,69,0
2886,68,0
2886,40,0
2887,105,0
2887,67,0
2887,41,0
2887,6,0
2887,117,0
2887,6,0
2887,74,0
2888,40,0
2888,67,0
2888,6,0
2888,46,0
2888,25,0
2888,98,0
2888,43,0
2889,68,0
2889,100,0
2889,25,0
2889,32,0
2889,6,0
2889,66,0
2889,77,0
2890,40,0
2890,67,0
2890,30,0
2890,32,0
2890,41,0
2890,6,0
2890,68,0
2890,74,0
2890,25,0
2890,30,0
2891,130,0
2891,76,0
2891,46,0
2891,48,0
2891,66,0
2891,1,0
2891,41,0
2892,132,0
2892,100,0
2892,47,0
2892,30,0
2892,153,0
2892,43,0
2892,6,0
2893,68,0
2893,129,0
2893,69,0
2893,42,0
2893,68,0
2893,69,0
2893,38,0
2894,6,0
2894,67,0
2894,46,0
2894,101,0
2894,130,0
2894,85,0
2894,38,0
2895,6,0
2895,18,0
2895,85,0
2895,6,0
2895,43,0
2895,78,0
2895,25,0
2896,6,0
2896,77,0
2896,60,0
2896,78,0
2896,47,0
2896,25,0
2896,38,0
2897,67,0
2897,78,0
2897,30,0
2897,38,0
2897,67,0
2897,38,0
2897,28,0
2898,69,0
2898,41,0
2898,89,0
2898,1,0
2898,136,0
2898,43,0
2898,47,0
2899,100,0
2899,69,0
2899,40,0
2899,102,0
2899,67,0
2899,45,0
2899,41,0
2900,3,0
2900,6,0
2900,105,0
2900,37,0
2900,67,0
2900,30,0
2900,43,0
2901,38,0
2901,60,0
2901,32,0
2901,43,0
2901,45,0
2901,68,0
2901,80,0
2902,38,0
2902,37,0
2902,6,0
2902,121,0
2902,39,0
2902,43,0
2902,100,0
2902,32,0
2902,98,0
2902,37,0
2903,3,0
2903,3,0
2903,38,0
2903,62,0
2903,6,0
2903,101,0
2903,117,0
2904,47,0
2904,30,0
2904,3,0
2904,60,0
2904,38,0
2904,67,0
2904,6,0
2905,38,0
2905,67,0
2905,47,0
2905,6,0
2905,9,0
2905,74,0
2905,85,0
2906,38,0
2906,6,0
2906,60,0
2906,43,0
2906,30,0
2906,46,0
2906,124,0
2907,121,0
2907,37,0
2907,43,0
2907,78,0
2907,3,0
2907,30,0
2907,38,0
2908,41,0
2908,67,0
2908,117,0
2908,118,0
2908,25,0
2908,69,0
2908,38,0
2909,45,0
2909,1,0
2909,43,0
2909,129,0
2909,30,0
2909,60,0
2909,41,0
2910,25,0
2910,4,0
2910,41,0
2910,116,0
2910,108,0
2910,47,0
2910,89,0
2911,38,0
2911,40,0
2911,32,0
2911,37,0
2911,99,0
2911,78,0
2911,45,0
2911,38,0
2912,6,0
2912,43,0
2912,47,0
2912,68,0
2912,74,0
2912,130,0
2912,101,0
2913,38,0
2913,43,0
2913,67,0
2913,147,0
2913,41,0
2913,98,0
2913,70,0
2914,43,0
2914,129,0
2914,40,0
2914,41,0
2914,67,0
2914,147,0
2914,106,0
2915,74,0
2915,66,0
2915,1,0
2915,60,0
2915,67,0
2915,6,0
2915,46,0
2916,30,0
2916,153,0
2916,132,0
2916,117,0
2916,6,0
2916,30,0
2916,68,0
2917,60,0
2917,137,0
2917,7,0
2917,101,0
2917,76,0
2917,43,0
2917,6,0
2918,18,0
2918,6,0
2918,42,0
2918,132,0
2918,85,0
2918,38,0
2918,6,0
2918,124,0
2918,7,0
2919,30,0
2919,25,0
2919,60,0
2919,41,0
2919,43,0
2919,6,0
2919,9,0
2920,6,0
2920,78,0
2920,25,0
2920,6,0
2920,118,0
2920,25,0
2920,38,0
2921,6,0
2921,20,0
2921,40,0
2921,43,0
2921,67,0
2921,47,0
2921,46,0
2922,89,0
2922,84,0
2922,6,0
2922,68,0
2922,25,0
2922,40,0
2922,38,0
2923,60,0
2923,67,0
2923,6,0
2923,84,0
2923,89,0
2923,152,0
2923,6,0
2924,42,0
2924,60,0
2924,6,0
2924,46,0
2924,85,0
2924,6,0
2924,148,0
2925,132,0
2925,47,0
2925,18,0
2925,68,0
2925,100,0
2925,6,0
2925,7,0
2926,30,0
2926,25,0
2926,38,0
2926,40,0
2926,67,0
2926,18,0
2926,85,0
2927,74,0
2927,81,0
2927,40,0
2927,108,0
2927,41,0
2927,30,0
2927,98,0
2928,89,0
2928,85,0
2928,74,0
2928,6,0
2928,77,0
2928,137,0
2928,18,0
2929,25,0
2929,85,0
2929,84,0
2929,6,0
2929,67,0
2929,7,0
2929,68,0
2930,98,0
2930,46,0
2930,6,0
2930,4,0
2930,43,0
2930,108,0
2930,100,0
2931,89,0
2931,6,0
2931,143,0
2931,41,0
2931,67,0
2931,7,0
2931,25,0
2932,38,0
2932,1,0
2932,60,0
2932,67,0
2932,43,0
2932,1,0
2932,67,0
2933,6,0
2933,125,0
2933,38,0
2933,67,0
2933,25,0
2933,30,0
2933,67,0
2934,3,0
2934,41,0
2934,25,0
2934,30,0
2934,67,0
2934,43,0
2934,100,0
2934,81,0
2935,38,0
2935,97,0
2935,6,0
2935,45,0
2935,71,0
2935,69,0
2935,6,0
2936,60,0
2936,115,0
2936,67,0
2936,43,0
2936,46,0
2936,41,0
2936,38,0
2937,6,0
2937,47,0
2937,76,0
2937,85,0
2937,25,0
2937,32,0
2937,40,0
2938,67,0
2938,47,0
2938,78,0
2938,85,0
2938,25,0
2938,6,0
2938,43,0
2939,47,0
2939,129,0
2939,38,0
2939,98,0
2939,60,0
2939,6,0
2939,30,0
2940,38,0
2940,89,0
2940,1,0
2940,77,0
2940,67,0
2940,137,0
2940,89,0
2941,30,0
2941,43,0
2941,25,0
2941,130,0
2941,6,0
2941,120,0
2941,98,0
2942,41,0
2942,3,0
2942,66,0
2942,40,0
2942,6,0
2942,43,0
2942,71,0
2943,85,0
2943,130,0
2943,66,0
2943,60,0
2943,105,0
2943,38,0
2943,143,0
2944,6,0
2944,77,0
2944,43,0
2944,15,0
2944,42,0
2944,6,0
2944,47,0
2945,68,0
2945,24,0
2945,25,0
2945,38,0
2945,41,0
2945,30,0
2945,40,0
2946,41,0
2946,6,0
2946,68,0
2946,47,0
2946,30,0
2946,85,0
2946,3,0
2947,38,0
2947,6,0
2947,47,0
2947,25,0
2947,46,0
2947,89,0
2947,67,0
2948,25,0
2948,153,0
2948,137,0
2948,25,0
2948,89,0
2948,32,0
2948,105,0
2948,67,0
2948,7,0
2949,6,0
2949,60,0
2949,67,0
2949,25,0
2949,118,0
2949,46,0
2949,38,0
2950,6,0
2950,47,0
2950,101,0
2950,100,0
2950,46,0
2950,38,0
2950,67,0
2951,98,0
2951,99,0
2951,47,0
2951,6,0
2951,30,0
2951,38,0
2951,6,0
2952,67,0
2952,7,0
2952,46,0
2952,84,0
2952,30,0
2952,60,0
2952,43,0
2953,46,0
2953,40,0
2953,67,0
2953,18,0
2953,74,0
2953,38,0
2953,37,0
2954,67,0
2954,89,0
2954,85,0
2954,3,0
2954,131,0
2954,6,0
2954,25,0
2955,1,0
2955,77,0
2955,143,0
2955,43,0
2955,6,0
2955,85,0
2955,40,0
2956,62,0
2956,38,0
2956,129,0
2956,85,0
2956,9,0
2956,46,0
2956,67,0
2957,6,0
2957,18,0
2957,9,0
2957,30,0
2957,40,0
2957,37,0
2957,6,0
2957,18,0
2958,38,0
2958,38,0
2958,6,0
2958,137,0
2958,147,0
2958,78,0
2958,130,0
2959,30,0
2959,124,0
2959,37,0
2959,67,0
2959,99,0
2959,68,0
2959,38,0
2960,60,0
2960,41,0
2960,6,0
2960,89,0
2960,81,0
2960,24,0
2960,38,0
2961,43,0
2961,18,0
2961,43,0
2961,78,0
2961,46,0
2961,77,0
2961,43,0
2962,67,0
2962,116,0
2962,128,0
2962,25,0
2962,66,0
2962,38,0
2962,6,0
2963,41,0
2963,46,0
2963,18,0
2963,25,0
2963,105,0
2963,40,0
2963,67,0
2964,137,0
2964,46,0
2964,68,0
2964,89,0
2964,102,0
2964,32,0
2964,67,0
2965,81,0
2965,84,0
2965,38,0
2965,67,0
2965,46,0
2965,39,0
2965,67,0
2966,25,0
2966,38,0
2966,6,0
2966,67,0
2966,78,0
2966,25,0
2966,85,0
2967,46,0
2967,62,0
2967,38,0
2967,32,0
2967,137,0
2967,129,0
2967,46,0
2968,41,0
2968,60,0
2968,67,0
2968,46,0
2968,100,0
2968,98,0
2968,40,0
2969,115,0
2969,60,0
2969,4,0
2969,42,0
2969,77,0
2969,43,0
2969,47,0
2970,78,0
2970,38,0
2970,143,0
2970,67,0
2970,85,0
2970,74,0
2970,130,0
2971,76,0
2971,6,0
2971,60,0
2971,97,0
2971,67,0
2971,46,0
2971,25,0
2972,108,0
2972,67,0
2972,4,0
2972,132,0
2972,100,0
2972,32,0
2972,6,0
2973,74,0
2973,85,0
2973,89,0
2973,30,0
2973,25,0
2973,38,0
2973,41,0
2974,60,0
2974,38,0
2974,6,0
2974,137,0
2974,78,0
2974,46,0
2974,74,0
2975,38,0
2975,115,0
2975,4,0
2975,78,0
2975,102,0
2975,30,0
2975,40,0
2976,60,0
2976,43,0
2976,137,0
2976,101,0
2976,6,0
2976,43,0
2976,38,0
2977,85,0
2977,153,0
2977,60,0
2977,37,0
2977,43,0
2977,100,0
2977,6,0
2978,67,0
2978,89,0
2978,102,0
2978,25,0
2978,30,0
2978,38,0
2978,40,0
2979,85,0
2979,25,0
2979,30,0
2979,89,0
2979,68,0
2979,48,0
2979,40,0
2980,67,0
2980,43,0
2980,47,0
2980,68,0
2980,100,0
2980,41,0
2980,108,0
2981,32,0
2981,41,0
2981,43,0
2981,20,0
2981,89,0
2981,30,0
2981,1,0
2982,60,0
2982,115,0
2982,6,0
2982,43,0
2982,30,0
2982,67,0
2982,71,0
2983,18,0
2983,41,0
2983,74,0
2983,30,0
2983,43,0
2983,9,0
2983,25,0
2983,30,0
2983,89,0
2984,48,0
2984,40,0
2984,98,0
2984,18,0
2984,74,0
2984,77,0
2984,38,0
2985,43,0
2985,68,0
2985,25,0
2985,85,0
2985,38,0
2985,41,0
2985,67,0
2986,69,0
2986,100,0
2986,101,0
2986,6,0
2986,131,0
2986,67,0
2986,47,0
2987,41,0
2987,38,0
2987,130,0
2987,38,0
2987,99,0
2987,100,0
2987,30,0
2988,25,0
2988,67,0
2988,47,0
2988,38,0
2988,67,0
2988,124,0
2988,108,0
2989,66,0
2989,1,0
2989,6,0
2989,137,0
2989,3,0
2989,32,0
2989,67,0
2990,89,0
2990,25,0
2990,38,0
2990,43,0
2990,68,0
2990,38,0
2990,6,0
2991,71,0
2991,128,0
2991,74,0
2991,37,0
2991,6,0
2991,100,0
2991,3,0
2992,121,0
2992,115,0
2992,67,0
2992,47,0
2992,25,0
2992,80,0
2992,38,0
2992,43,0
2993,40,0
2993,6,0
2993,76,0
2993,25,0
2993,85,0
2993,6,0
2993,68,0
2994,46,0
2994,74,0
2994,38,0
2994,118,0
2994,38,0
2994,6,0
2994,67,0
2994,25,0
2994,48,0
2994,32,0
2995,67,0
2995,18,0
2995,30,0
2995,136,0
2995,38,0
2995,6,0
2995,78,0
2996,25,0
2996,69,0
2996,6,0
2996,43,0
2996,68,0
2996,101,0
2996,25,0
2997,98,0
2997,40,0
2997,132,0
2997,18,0
2997,25,0
2997,84,0
2997,15,0
2998,6,0
2998,67,0
2998,45,0
2998,71,0
2998,46,0
2998,30,0
2998,38,0
2999,38,0
2999,6,0
2999,116,0
2999,137,0
2999,18,0
2999,76,0
2999,32,0
3000,43,0
3000,37,0
3000,25,0
3000,30,0
3000,50,0
3000,3,0
3000,102,0
3001,38,0
3001,67,0
3001,41,0
3001,129,0
3001,25,0
3001,30,0
3001,3,0
3002,38,0
3002,77,0
3002,62,0
3002,38,0
3002,6,0
3002,46,0
3002,69,0
3003,66,0
3003,102,0
3003,38,0
3003,40,0
3003,117,0
3003,101,0
3003,25,0
3004,30,0
3004,38,0
3004,43,0
3004,25,0
3004,30,0
3004,120,0
3004,38,0
3004,43,0
3004,115,0
3004,6,0
3004,25,0
3004,66,0
3004,102,0
3004,60,0
3004,74,0
3004,81,0
3004,77,0
3004,38,0
3004,47,0
3004,9,0
3004,80,0
3004,30,0
3004,32,0
3004,6,0
3004,78,0
3004,38,0
3004,67,0
3005,89,0
3005,68,0
3005,30,0
3005,6,0
3005,67,0
3005,47,0
3005,147,0
3006,102,0
3006,130,0
3006,37,0
3006,67,0
3006,6,0
3006,46,0
3006,38,0
3007,44,0
3007,100,0
3007,6,0
3007,25,0
3007,43,0
3007,67,0
3007,69,0
3008,3,0
3008,67,0
3008,18,0
3008,70,0
3008,67,0
3008,41,0
3008,25,0
3009,98,0
3009,38,0
3009,40,0
3009,60,0
3009,41,0
3009,78,0
3009,38,0
3010,6,0
3010,47,0
3010,18,0
3010,46,0
3010,101,0
3010,32,0
3010,6,0
3011,47,0
3011,46,0
3011,100,0
3011,74,0
3011,40,0
3011,6,0
3011,43,0
3012,43,0
3012,32,0
3012,6,0
3012,46,0
3012,38,0
3012,40,0
3012,67,0
3013,43,0
3013,46,0
3013,30,0
3013,25,0
3013,6,0
3013,47,0
3013,68,0
3014,101,0
3014,25,0
3014,89,0
3014,1,0
3014,121,0
3014,67,0
3014,47,0
3015,3,0
3015,25,0
3015,38,0
3015,41,0
3015,137,0
3015,76,0
3015,129,0
3016,74,0
3016,98,0
3016,40,0
3016,67,0
3016,9,0
3016,40,0
3016,81,0
3017,3,0
3017,30,0
3017,85,0
3017,25,0
3017,38,0
3017,32,0
3017,67,0
3018,43,0
3018,38,0
3018,40,0
3018,67,0
3018,137,0
3018,76,0
3018,41,0
3019,89,0
3019,124,0
3019,39,0
3019,4,0
3019,32,0
3019,25,0
3019,30,0
3020,3,0
3020,66,0
3020,70,0
3020,40,0
3020,43,0
3020,41,0
3020,129,0
3021,85,0
3021,67,0
3021,43,0
3021,47,0
3021,6,0
3021,101,0
3021,74,0
3022,38,0
3022,67,0
3022,45,0
3022,124,0
3022,67,0
3022,41,0
3022,85,0
3023,153,0
3023,66,0
3023,129,0
3023,30,0
3023,41,0
3023,84,0
3023,6,0
3023,46,0
3023,38,0
3023,38,0
3023,32,0
3023,143,0
3024,99,0
3024,67,0
3024,7,0
3024,30,0
3024,40,0
3024,131,0
3024,67,0
3025,101,0
3025,78,0
3025,41,0
3025,38,0
3025,115,0
3025,25,0
3025,6,0
3026,61,0
3026,42,0
3026,1,0
3026,43,0
3026,100,0
3026,40,0
3026,77,0
3026,105,0
3026,97,0
3026,37,0
3026,76,0
3026,38,0
3026,30,0
3027,85,0
3027,6,0
3027,43,0
3027,47,0
3027,81,0
3027,74,0
3027,105,0
3028,46,0
3028,6,0
3028,69,0
3028,67,0
3028,32,0
3028,105,0
3028,67,0
3029,108,0
3029,41,0
3029,46,0
3029,38,0
3029,89,0
3029,74,0
3029,68,0
3030,38,0
3030,105,0
3030,42,0
3030,6,0
3030,89,0
3030,6,0
3030,67,0
3031,47,0
3031,46,0
3031,38,0
3031,4,0
3031,67,0
3031,47,0
3031,9,0
3032,6,0
3032,108,0
3032,43,0
3032,67,0
3032,67,0
3032,6,0
3032,43,0
3033,78,0
3033,25,0
3033,38,0
3033,67,0
3033,25,0
3033,38,0
3033,67,0
3034,6,0
3034,78,0
3034,40,0
3034,41,0
3034,6,0
3034,68,0
3034,124,0
3035,38,0
3035,67,0
3035,47,0
3035,68,0
3035,100,0
3035,38,0
3035,41,0
3036,25,0
3036,46,0
3036,85,0
3036,30,0
3036,67,0
3036,41,0
3036,18,0
3037,69,0
3037,38,0
3037,115,0
3037,67,0
3037,6,0
3037,30,0
3037,77,0
3038,40,0
3038,67,0
3038,46,0
3038,69,0
3038,113,0
3038,67,0
3038,131,0
3039,41,0
3039,76,0
3039,98,0
3039,40,0
3039,135,0
3039,89,0
3039,18,0
3040,74,0
3040,67,0
3040,38,0
3040,41,0
3040,25,0
3040,38,0
3040,98,0
3041,67,0
3041,41,0
3041,85,0
3041,67,0
3041,60,0
3041,43,0
3041,99,0
3042,78,0
3042,38,0
3042,60,0
3042,6,0
3042,67,0
3042,89,0
3042,6,0
3042,43,0
3042,67,0
3042,143,0
3043,9,0
3043,47,0
3043,4,0
3043,67,0
3043,6,0
3043,41,0
3043,74,0
3044,30,0
3044,3,0
3044,97,0
3044,15,0
3044,41,0
3044,25,0
3044,30,0
3044,77,0
3044,40,0
3045,39,0
3045,67,0
3045,74,0
3045,30,0
3045,89,0
3045,46,0
3045,68,0
3046,67,0
3046,44,0
3046,25,0
3046,153,0
3046,43,0
3046,6,0
3046,9,0
3047,38,0
3047,38,0
3047,67,0
3047,100,0
3047,25,0
3047,9,0
3047,102,0
3048,38,0
3048,67,0
3048,6,0
3048,46,0
3048,121,0
3048,32,0
3048,137,0
3049,67,0
3049,32,0
3049,67,0
3049,89,0
3049,69,0
3049,25,0
3049,9,0
3050,38,0
3050,43,0
3050,37,0
3050,20,0
3050,77,0
3050,38,0
3050,47,0
3051,46,0
3051,68,0
3051,25,0
3051,38,0
3051,143,0
3051,30,0
3051,85,0
3052,124,0
3052,61,0
3052,15,0
3052,40,0
3052,78,0
3052,89,0
3052,74,0
3053,32,0
3053,4,0
3053,60,0
3053,47,0
3053,18,0
3053,101,0
3053,25,0
3054,40,0
3054,97,0
3054,43,0
3054,108,0
3054,25,0
3054,30,0
3054,41,0
3055,9,0
3055,88,0
3055,38,0
3055,6,0
3055,30,0
3055,38,0
3055,37,0
3056,89,0
3056,30,0
3056,102,0
3056,38,0
3056,44,0
3056,78,0
3056,30,0
3057,6,0
3057,89,0
3057,71,0
3057,3,0
3057,6,0
3057,67,0
3057,43,0
3058,45,0
3058,9,0
3058,100,0
3058,25,0
3058,32,0
3058,32,0
3058,67,0
3059,6,0
3059,45,0
3059,77,0
3059,40,0
3059,43,0
3059,100,0
3059,6,0
3060,68,0
3060,6,0
3060,47,0
3060,98,0
3060,6,0
3060,77,0
3060,67,0
3060,42,0
3061,47,0
3061,25,0
3061,41,0
3061,60,0
3061,6,0
3061,47,0
3061,76,0
3062,89,0
3062,89,0
3062,25,0
3062,3,0
3062,43,0
3062,37,0
3062,38,0
3063,6,0
3063,100,0
3063,67,0
3063,74,0
3063,40,0
3063,67,0
3063,100,0
3064,6,0
3064,38,0
3064,43,0
3064,89,0
3064,43,0
3064,67,0
3064,85,0
3065,30,0
3065,68,0
3065,60,0
3065,38,0
3065,78,0
3065,89,0
3065,46,0
3066,41,0
3066,102,0
3066,25,0
3066,6,0
3066,77,0
3066,37,0
3066,43,0
3067,89,0
3067,70,0
3067,44,0
3067,46,0
3067,129,0
3067,30,0
3067,40,0
3068,60,0
3068,43,0
3068,67,0
3068,68,0
3068,74,0
3068,38,0
3068,115,0
3069,43,0
3069,101,0
3069,6,0
3069,41,0
3069,40,0
3069,32,0
3069,25,0
3070,98,0
3070,38,0
3070,89,0
3070,32,0
3070,41,0
3070,42,0
3070,137,0
3071,46,0
3071,1,0
3071,44,0
3071,67,0
3071,76,0
3071,46,0
3071,30,0
3072,124,0
3072,41,0
3072,60,0
3072,43,0
3072,6,0
3072,41,0
3072,74,0
3073,1,0
3073,5,0
3073,6,0
3073,15,0
3073,2,0
3073,9,0
3073,4,0
3074,18,0
3074,11,0
3074,90,0
3074,63,0
3074,35,0
3074,25,0
3074,26,0
3075,51,0
3075,24,0
3075,52,0
3075,30,0
3075,8,0
3075,28,0
3075,27,0
3076,32,0
3076,111,0
3076,29,0
3076,25,0
3076,55,0
3076,28,0
3076,24,0
3077,29,0
3077,58,0
3077,66,0
3077,50,0
3077,38,0
3077,41,0
3077,42,0
3078,43,0
3078,67,0
3078,125,0
3078,68,0
3078,46,0
3078,30,0
3078,30,0
3079,102,0
3079,38,0
3079,32,0
3079,20,0
3079,46,0
3079,25,0
3079,30,0
3080,47,0
3080,89,0
3080,85,0
3080,113,0
3080,74,0
3080,41,0
3080,68,0
3081,40,0
3081,37,0
3081,38,0
3081,117,0
3081,68,0
3081,46,0
3081,67,0
3082,89,0
3082,68,0
3082,46,0
3082,38,0
3082,32,0
3082,60,0
3082,100,0
3083,30,0
3083,40,0
3083,43,0
3083,147,0
3083,47,0
3083,85,0
3083,30,0
3084,6,0
3084,67,0
3084,43,0
3084,47,0
3084,78,0
3084,38,0
3084,1,0
3084,6,0
3084,43,0
3084,137,0
3084,102,0
3084,30,0
3084,38,0
3084,42,0
3084,6,0
3084,41,0
3084,68,0
3084,124,0
3084,102,0
3084,1,0
3085,60,0
3085,67,0
3085,41,0
3085,42,0
3085,118,0
3085,38,0
3085,148,0
3086,44,0
3086,47,0
3086,1,0
3086,67,0
3086,9,0
3086,6,0
3086,77,0
3087,137,0
3087,30,0
3087,85,0
3087,60,0
3087,40,0
3087,43,0
3087,37,0
3088,98,0
3088,7,0
3088,30,0
3088,38,0
3088,6,0
3088,25,0
3088,38,0
3089,42,0
3089,116,0
3089,43,0
3089,47,0
3089,130,0
3089,6,0
3089,115,0
3090,98,0
3090,78,0
3090,81,0
3090,30,0
3090,98,0
3090,38,0
3090,67,0
3091,101,0
3091,25,0
3091,30,0
3091,3,0
3091,102,0
3091,3,0
3091,3,0
3092,136,0
3092,38,0
3092,42,0
3092,78,0
3092,25,0
3092,30,0
3092,78,0
3093,41,0
3093,38,0
3093,89,0
3093,124,0
3093,6,0
3093,67,0
3093,68,0
3093,37,0
3094,67,0
3094,25,0
3094,6,0
3094,61,0
3094,115,0
3094,32,0
3094,32,0
3095,67,0
3095,129,0
3095,68,0
3095,38,0
3095,67,0
3095,42,0
3095,6,0
3095,41,0
3095,37,0
3096,18,0
3096,102,0
3096,40,0
3096,67,0
3096,100,0
3096,85,0
3096,32,0
3097,1,0
3097,67,0
3097,43,0
3097,60,0
3097,99,0
3097,67,0
3097,76,0
3098,74,0
3098,25,0
3098,60,0
3098,7,0
3098,60,0
3098,32,0
3098,43,0
3099,38,0
3099,6,0
3099,68,0
3099,47,0
3099,74,0
3099,89,0
3099,38,0
3100,32,0
3100,37,0
3100,117,0
3100,25,0
3100,85,0
3100,25,0
3100,89,0
3101,74,0
3101,46,0
3101,38,0
3101,32,0
3101,43,0
3101,84,0
3101,67,0
3101,81,0
3101,3,0
3102,3,0
3102,3,0
3102,43,0
3102,70,0
3102,25,0
3102,38,0
3102,38,0
3103,60,0
3103,6,0
3103,25,0
3103,41,0
3103,130,0
3103,78,0
3103,38,0
3104,40,0
3104,6,0
3104,25,0
3104,68,0
3104,38,0
3104,46,0
3104,30,0
3105,32,0
3105,78,0
3105,1,0
3105,60,0
3105,43,0
3105,6,0
3105,25,0
3106,101,0
3106,6,0
3106,32,0
3106,6,0
3106,137,0
3106,41,0
3106,25,0
3107,74,0
3107,40,0
3107,60,0
3107,47,0
3107,6,0
3107,46,0
3107,38,0
3108,60,0
3108,132,0
3108,68,0
3108,38,0
3108,6,0
3108,99,0
3108,47,0
3109,68,0
3109,41,0
3109,85,0
3109,38,0
3109,42,0
3109,67,0
3109,99,0
3110,6,0
3110,47,0
3110,25,0
3110,38,0
3110,60,0
3110,89,0
3110,118,0
3111,30,0
3111,38,0
3111,115,0
3111,6,0
3111,67,0
3111,78,0
3111,76,0
3112,67,0
3112,43,0
3112,6,0
3112,32,0
3112,67,0
3112,67,0
3112,41,0
3113,136,0
3113,98,0
3113,38,0
3113,78,0
3113,129,0
3113,84,0
3113,38,0
3114,100,0
3114,71,0
3114,30,0
3114,89,0
3114,6,0
3114,67,0
3114,45,0
3115,67,0
3115,38,0
3115,38,0
3115,6,0
3115,67,0
3115,68,0
3115,9,0
3116,85,0
3116,38,0
3116,9,0
3116,30,0
3116,6,0
3116,25,0
3116,38,0
3117,30,0
3117,43,0
3117,78,0
3117,32,0
3117,38,0
3117,137,0
3117,41,0
3118,101,0
3118,40,0
3118,67,0
3118,30,0
3118,3,0
3118,38,0
3118,6,0
3119,123,0
3119,43,0
3119,67,0
3119,3,0
3119,77,0
3119,32,0
3119,67,0
3120,89,0
3120,24,0
3120,30,0
3120,98,0
3120,25,0
3120,85,0
3120,98,0
3121,46,0
3121,68,0
3121,32,0
3121,43,0
3121,6,0
3121,67,0
3121,40,0
3122,39,0
3122,108,0
3122,47,0
3122,89,0
3122,24,0
3122,61,0
3122,40,0
3123,121,0
3123,115,0
3123,129,0
3123,130,0
3123,9,0
3123,38,0
3123,6,0
3124,42,0
3124,43,0
3124,130,0
3124,98,0
3124,1,0
3124,100,0
3124,67,0
3125,6,0
3125,9,0
3125,85,0
3125,38,0
3125,6,0
3125,18,0
3125,100,0
3126,74,0
3126,30,0
3126,37,0
3126,67,0
3126,98,0
3126,6,0
3126,37,0
3127,47,0
3127,68,0
3127,123,0
3127,118,0
3127,38,0
3127,6,0
3127,132,0
3127,129,0
3128,25,0
3128,66,0
3128,38,0
3128,6,0
3128,47,0
3128,46,0
3128,101,0
3129,48,0
3129,40,0
3129,105,0
3129,67,0
3129,100,0
3129,102,0
3129,81,0
3130,38,0
3130,135,0
3130,18,0
3130,81,0
3130,69,0
3130,38,0
3130,41,0
3131,43,0
3131,99,0
3131,6,0
3131,76,0
3131,136,0
3131,40,0
3131,42,0
3132,41,0
3132,125,0
3132,40,0
3132,67,0
3132,3,0
3132,67,0
3132,38,0
3133,43,0
3133,6,0
3133,89,0
3133,46,0
3133,81,0
3133,38,0
3133,43,0
3134,28,0
3134,81,0
3134,74,0
3134,76,0
3134,6,0
3134,74,0
3134,67,0
3135,68,0
3135,85,0
3135,61,0
3135,39,0
3135,40,0
3135,41,0
3135,108,0
3136,85,0
3136,25,0
3136,70,0
3136,47,0
3136,67,0
3136,18,0
3136,25,0
3137,67,0
3137,38,0
3137,6,0
3137,43,0
3137,45,0
3137,41,0
3137,98,0
3138,38,0
3138,60,0
3138,40,0
3138,6,0
3138,68,0
3138,9,0
3138,67,0
3139,38,0
3139,131,0
3139,6,0
3139,125,0
3139,118,0
3139,30,0
3139,66,0
3140,38,0
3140,41,0
3140,47,0
3140,25,0
3140,130,0
3140,6,0
3140,98,0
3140,67,0
3140,45,0
3141,121,0
3141,37,0
3141,100,0
3141,41,0
3141,46,0
3141,84,0
3141,40,0
3142,67,0
3142,143,0
3142,47,0
3142,38,0
3142,6,0
3142,77,0
3142,37,0
3143,45,0
3143,43,0
3143,89,0
3143,130,0
3143,3,0
3143,60,0
3143,115,0
3144,6,0
3144,43,0
3144,68,0
3144,130,0
3144,38,0
3144,46,0
3144,43,0
3145,38,0
3145,81,0
3145,30,0
3145,3,0
3145,32,0
3145,37,0
3145,98,0
3146,6,0
3146,38,0
3146,6,0
3146,25,0
3146,30,0
3146,48,0
3146,6,0
3147,67,0
3147,43,0
3147,74,0
3147,101,0
3147,85,0
3147,3,0
3147,40,0
3148,115,0
3148,67,0
3148,43,0
3148,81,0
3148,25,0
3148,85,0
3148,25,0
3149,38,0
3149,37,0
3149,116,0
3149,6,0
3149,38,0
3149,44,0
3149,67,0
3150,85,0
3150,74,0
3150,38,0
3150,38,0
3150,6,0
3150,67,0
3150,25,0
3150,41,0
3150,69,0
3151,38,0
3151,43,0
3151,67,0
3151,60,0
3151,38,0
3151,41,0
3151,43,0
3152,129,0
3152,25,0
3152,9,0
3152,40,0
3152,135,0
3152,6,0
3152,25,0
3152,78,0
3153,47,0
3153,30,0
3153,136,0
3153,38,0
3153,6,0
3153,74,0
3153,68,0
3154,47,0
3154,124,0
3154,6,0
3154,100,0
3154,68,0
3154,6,0
3154,38,0
3155,43,0
3155,12,0
3155,85,0
3155,6,0
3155,121,0
3155,60,0
3155,47,0
3156,74,0
3156,68,0
3156,101,0
3156,6,0
3156,43,0
3156,41,0
3156,76,0
3157,81,0
3157,69,0
3157,40,0
3157,143,0
3157,67,0
3157,89,0
3157,130,0
3158,38,0
3158,47,0
3158,67,0
3158,25,0
3158,41,0
3158,69,0
3158,38,0
3159,78,0
3159,85,0
3159,30,0
3159,61,0
3159,15,0
3159,99,0
3159,67,0
3160,102,0
3160,98,0
3160,43,0
3160,85,0
3160,41,0
3160,38,0
3160,18,0
3161,38,0
3161,89,0
3161,38,0
3161,32,0
3161,25,0
3161,30,0
3161,30,0
3162,77,0
3162,38,0
3162,137,0
3162,100,0
3162,25,0
3162,85,0
3162,89,0
3163,74,0
3163,130,0
3163,124,0
3163,38,0
3163,67,0
3163,46,0
3163,89,0
3164,3,0
3164,6,0
3164,43,0
3164,68,0
3164,25,0
3164,38,0
3164,60,0
3165,6,0
3165,67,0
3165,25,0
3165,101,0
3165,38,0
3165,1,0
3165,43,0
3166,89,0
3166,129,0
3166,30,0
3166,6,0
3166,128,0
3166,46,0
3166,32,0
3167,40,0
3167,60,0
3167,67,0
3167,137,0
3167,7,0
3167,47,0
3167,77,0
3168,60,0
3168,43,0
3168,46,0
3168,74,0
3168,43,0
3168,40,0
3168,32,0
3169,99,0
3169,89,0
3169,32,0
3169,41,0
3169,43,0
3169,25,0
3169,30,0
3170,62,0
3170,43,0
3170,6,0
3170,25,0
3170,30,0
3170,68,0
3170,48,0
3170,67,0
3171,38,0
3171,40,0
3171,32,0
3171,60,0
3171,6,0
3171,25,0
3171,30,0
3172,41,0
3172,25,0
3172,74,0
3172,32,0
3172,47,0
3172,102,0
3172,30,0
3172,38,0
3172,115,0
3173,6,0
3173,60,0
3173,43,0
3173,47,0
3173,101,0
3173,6,0
3173,42,0
3174,38,0
3174,43,0
3174,6,0
3174,125,0
3174,118,0
3174,74,0
3174,6,0
3175,60,0
3175,125,0
3175,76,0
3175,69,0
3175,6,0
3175,137,0
3175,18,0
3176,41,0
3176,101,0
3176,89,0
3176,38,0
3176,40,0
3176,97,0
3176,148,0
3177,89,0
3177,129,0
3177,68,0
3177,41,0
3177,89,0
3177,38,0
3177,113,0
3178,38,0
3178,67,0
3178,6,0
3178,47,0
3178,25,0
3178,81,0
3178,30,0
3179,66,0
3179,1,0
3179,32,0
3179,44,0
3179,42,0
3179,69,0
3179,38,0
3180,67,0
3180,32,0
3180,70,0
3180,43,0
3180,147,0
3180,118,0
3180,84,0
3180,32,0
3180,6,0
3181,39,0
3181,78,0
3181,68,0
3181,69,0
3181,30,0
3182,6,1
3182,18,1
3183,13,1
3183,21,1
3183,5,1
3183,6,1
3183,2,1
3183,1,1
3183,18,1
3184,4,1
3184,5,1
3184,1,1
3184,6,1
3184,5,1
3184,21,1
3184,1,1
3185,1,1
3185,2,1
3185,21,1
3185,6,1
3185,4,1
3185,18,1
3185,20,1
3186,145,1
3186,76,1
3186,19,1
3186,6,1
3186,9,1
3186,1,1
3186,10,1
3187,4,1
3187,1,1
3187,6,1
3187,5,1
3187,18,1
3187,8,1
3187,17,1
3188,16,1
3188,16,1
3188,18,1
3188,2,1
3188,4,1
3188,1,1
3188,2,1
3189,21,1
3189,6,1
3189,1,1
3189,9,1
3189,4,1
3189,14,1
3189,1,1
3190,6,1
3190,4,1
3190,13,1
3190,9,1
3190,18,1
3190,1,1
3190,5,1
3191,6,1
3191,1,1
3191,9,1
3191,10,1
3191,4,1
3191,13,1
3191,18,1
3192,73,1
3192,27,1
3192,25,1
3192,29,1
3192,113,1
3192,6,1
3192,2,1
3193,1,1
3193,4,1
3193,3,1
3193,9,1
3193,49,1
3193,6,1
3193,2,1
3194,21,1
3194,1,1
3194,21,1
3194,5,1
3194,1,1
3194,19,1
3194,15,1
3195,9,1
3195,1,1
3195,13,1
3195,18,1
3195,70,1
3195,5,1
3195,4,1
3196,6,1
3196,1,1
3196,9,1
3196,10,1
3196,3,1
3196,14,1
3196,19,1
3197,6,1
3197,15,1
3197,1,1
3197,13,1
3197,17,1
3197,21,1
3197,70,1
3197,15,1
3197,6,1
3198,1,1
3198,22,1
3198,9,1
3198,12,1
3198,12,1
3198,1,1
3198,106,1
3199,35,1
3199,45,1
3199,20,1
3199,1,1
3199,6,1
3199,9,1
3199,11,1
3200,18,1
3200,5,1
3200,6,1
3200,106,1
3200,21,1
3200,5,1
3200,6,1
3201,1,1
3201,13,1
3201,17,1
3201,106,1
3201,1,1
3201,6,1
3201,9,1
3201,3,1
3201,12,1
3202,13,1
3202,1,1
3202,15,1
3202,6,1
3202,4,1
3202,2,1
3202,16,1
3203,1,1
3203,50,1
3203,6,1
3203,2,1
3203,21,1
3203,9,1
3203,4,1
3204,8,1
3204,13,1
3204,140,1
3204,24,1
3204,106,1
3204,102,1
3204,51,1
3205,91,1
3205,76,1
3205,127,1
3205,81,1
3205,32,1
3205,88,1
3205,28,1
3206,24,1
3206,24,1
3206,30,1
3206,29,1
3206,24,1
3206,113,1
3206,93,1
3207,48,1
3207,30,1
3207,74,1
3207,58,1
3207,59,1
3207,126,1
3207,30,1
3208,139,1
3208,36,1
3208,35,1
3208,143,1
3208,47,1
3208,41,1
3208,68,1
3209,1,1
3209,10,1
3209,6,1
3209,3,1
3209,7,1
3209,13,1
3209,18,1
3210,12,1
3210,18,1
3210,17,1
3210,6,1
3210,15,1
3210,21,1
3210,2,1
3210,1,1
3211,9,1
3211,13,1
3211,141,1
3211,87,1
3211,114,1
3211,25,1
3211,24,1
3212,26,1
3212,51,1
3212,28,1
3212,30,1
3212,76,1
3212,25,1
3212,29,1
3213,25,1
3213,32,1
3213,46,1
3213,25,1
3213,28,1
3213,25,1
3213,4,1
3214,103,1
3214,59,1
3214,27,1
3214,16,1
3214,41,1
3214,58,1
3214,35,1
3215,38,1
3215,37,1
3215,115,1
3215,60,1
3215,79,1
3215,42,1
3215,124,1
3216,43,1
3216,123,1
3216,129,1
3216,25,1
3216,25,1
3216,74,1
3216,25,1
3217,38,1
3217,6,1
3217,21,1
3217,10,1
3217,106,1
3217,1,1
3217,12,1
3218,13,1
3218,1,1
3218,5,1
3218,6,1
3218,1,1
3218,2,1
3218,9,1
3219,18,1
3219,6,1
3219,1,1
3219,13,1
3219,16,1
3219,5,1
3219,6,1
3220,1,1
3220,2,1
3220,3,1
3220,12,1
3220,19,1
3220,6,1
3220,5,1
3221,2,1
3221,4,1
3221,24,1
3221,32,1
3221,1,1
3221,12,1
3221,6,1
3222,5,1
3222,1,1
3222,10,1
3222,9,1
3222,3,1
3222,12,1
3222,4,1
3223,6,1
3223,9,1
3223,25,1
3223,29,1
3223,1,1
3223,2,1
3223,6,1
3224,4,1
3224,8,1
3224,5,1
3224,21,1
3224,6,1
3224,15,1
3224,2,1
3225,1,1
3225,17,1
3225,8,1
3225,6,1
3225,21,1
3225,1,1
3225,1,1
3226,15,1
3226,114,1
3226,19,1
3226,16,1
3226,1,1
3226,21,1
3226,6,1
3227,2,1
3227,9,1
3227,4,1
3227,3,1
3227,8,1
3227,35,1
3227,81,1
3228,24,1
3228,25,1
3228,54,1
3228,46,1
3228,26,1
3228,76,1
3228,28,1
3229,24,1
3229,29,1
3229,30,1
3229,24,1
3229,24,1
3229,32,1
3229,30,1
3230,55,1
3230,74,1
3230,30,1
3230,11,1
3230,126,1
3230,34,1
3230,41,1
3231,1,1
3231,30,1
3231,37,1
3231,77,1
3231,121,1
3231,79,1
3231,60,1
3232,70,1
3232,124,1
3232,116,1
3232,47,1
3232,6,1
3232,123,1
3232,117,1
3233,129,1
3233,25,1
3233,30,1
3233,5,1
3233,19,1
3233,10,1
3233,21,1
3234,6,1
3234,9,1
3234,1,1
3234,23,1
3234,26,1
3234,27,1
3234,81,1
3235,76,1
3235,29,1
3235,25,1
3235,74,1
3235,32,1
3235,25,1
3235,92,1
3236,25,1
3236,48,1
3236,6,1
3236,19,1
3236,70,1
3236,2,1
3236,15,1
3237,4,1
3237,1,1
3237,3,1
3237,5,1
3237,21,1
3237,6,1
3237,13,1
3238,5,1
3238,21,1
3238,6,1
3238,1,1
3238,5,1
3238,6,1
3238,21,1
3239,10,1
3239,4,1
3239,9,1
3239,17,1
3239,141,1
3239,24,1
3239,50,1
3240,73,1
3240,76,1
3240,25,1
3240,28,1
3240,27,1
3240,46,1
3240,123,1
3241,24,1
3241,8,1
3241,29,1
3241,113,1
3241,30,1
3241,48,1
3241,51,1
3242,29,1
3242,74,1
3242,94,1
3242,30,1
3242,30,1
3242,58,1
3242,96,1
3243,107,1
3243,30,1
3243,35,1
3243,120,1
3243,38,1
3243,148,1
3243,60,1
3244,43,1
3244,99,1
3244,67,1
3244,81,1
3244,85,1
3244,41,1
3244,30,1
3245,5,1
3245,1,1
3245,8,1
3245,5,1
3245,19,1
3245,15,1
3245,6,1
3246,1,1
3246,17,1
3246,21,1
3246,6,1
3246,10,1
3246,1,1
3246,9,1
3247,4,1
3247,1,1
3247,15,1
3247,6,1
3247,2,1
3247,3,1
3247,4,1
3248,7,1
3248,8,1
3248,6,1
3248,5,1
3248,10,1
3248,21,1
3248,4,1
3249,1,1
3249,9,1
3249,49,1
3249,18,1
3249,16,1
3249,72,1
3249,106,1
3249,91,1
3249,30,1
3250,32,1
3250,119,1
3250,81,1
3250,74,1
3250,28,1
3250,46,1
3250,115,1
3251,8,1
3251,29,1
3251,55,1
3251,58,1
3251,28,1
3251,29,1
3251,113,1
3252,30,1
3252,111,1
3252,126,1
3252,40,1
3252,51,1
3252,37,1
3252,65,1
3253,144,1
3253,35,1
3253,149,1
3253,38,1
3253,43,1
3253,99,1
3253,108,1
3254,68,1
3254,80,1
3254,41,1
3254,102,1
3254,20,1
3254,5,1
3254,21,1
3255,15,1
3255,1,1
3255,9,1
3255,2,1
3255,6,1
3255,1,1
3255,6,1
3256,21,1
3256,10,1
3256,13,1
3256,12,1
3256,18,1
3256,6,1
3256,1,1
3256,2,1
3256,9,1
3256,21,1
3257,21,1
3257,6,1
3257,10,1
3257,1,1
3257,9,1
3257,4,1
3257,13,1
3258,32,1
3258,1,1
3258,10,1
3258,15,1
3258,6,1
3258,9,1
3258,11,1
3259,12,1
3259,5,1
3259,19,1
3259,9,1
3259,6,1
3259,2,1
3259,4,1
3260,1,1
3260,20,1
3260,6,1
3260,21,1
3260,10,1
3260,1,1
3260,4,1
3261,9,1
3261,13,1
3261,21,1
3261,5,1
3261,15,1
3261,6,1
3261,9,1
3262,7,1
3262,1,1
3262,18,1
3262,12,1
3262,13,1
3262,6,1
3262,5,1
3262,19,1
3262,1,1
3263,4,1
3263,49,1
3263,4,1
3263,5,1
3263,6,1
3263,1,1
3263,49,1
3264,1,1
3264,10,1
3264,6,1
3264,15,1
3264,4,1
3264,9,1
3264,3,1
3265,1,1
3265,6,1
3265,15,1
3265,2,1
3265,13,1
3265,5,1
3265,4,1
3266,2,1
3266,106,1
3266,9,1
3266,1,1
3266,6,1
3266,15,1
3266,22,1
3267,49,1
3267,4,1
3267,13,1
3267,20,1
3267,6,1
3267,21,1
3267,1,1
3268,12,1
3268,49,1
3268,1,1
3268,15,1
3268,6,1
3268,2,1
3268,9,1
3269,4,1
3269,12,1
3269,1,1
3269,15,1
3269,2,1
3269,12,1
3269,1,1
3270,2,1
3270,13,1
3270,21,1
3270,4,1
3270,5,1
3270,6,1
3270,2,1
3270,9,1
3270,7,1
3270,1,1
3271,102,1
3271,23,1
3271,140,1
3271,6,1
3271,114,1
3271,46,1
3271,24,1
3272,51,1
3272,26,1
3272,28,1
3272,88,1
3272,27,1
3272,81,1
3272,25,1
3273,76,1
3273,3,1
3273,30,1
3273,29,1
3273,48,1
3273,32,1
3273,94,1
3274,59,1
3274,11,1
3274,40,1
3274,35,1
3274,58,1
3274,83,1
3274,66,1
3274,153,1
3275,62,1
3275,43,1
3275,41,1
3275,45,1
3275,18,1
3275,100,1
3275,69,1
3276,74,1
3276,80,1
3276,89,1
3276,21,1
3276,19,1
3276,10,1
3276,15,1
3277,1,1
3277,6,1
3277,9,1
3277,4,1
3277,12,1
3277,18,1
3277,1,1
3278,6,1
3278,15,1
3278,10,1
3278,9,1
3278,13,1
3278,8,1
3278,5,1
3279,21,1
3279,6,1
3279,2,1
3279,4,1
3279,1,1
3279,13,1
3279,6,1
3280,19,1
3280,5,1
3280,2,1
3280,1,1
3280,13,1
3280,17,1
3280,19,1
3281,15,1
3281,21,1
3281,6,1
3281,9,1
3281,7,1
3281,1,1
3281,18,1
3282,12,1
3282,13,1
3282,6,1
3282,1,1
3282,10,1
3282,4,1
3282,49,1
3283,16,1
3283,17,1
3283,8,1
3283,18,1
3283,1,1
3283,6,1
3283,5,1
3284,2,1
3284,9,1
3284,13,1
3284,12,1
3284,21,1
3284,5,1
3284,13,1
3285,16,1
3285,7,1
3285,6,1
3285,1,1
3285,15,1
3285,49,1
3285,17,1
3286,16,1
3286,21,1
3286,6,1
3286,9,1
3286,10,1
3286,4,1
3286,7,1
3287,1,1
3287,70,1
3287,19,1
3287,15,1
3287,2,1
3287,1,1
3287,6,1
3288,9,1
3288,13,1
3288,78,1
3288,145,1
3288,24,1
3288,81,1
3288,25,1
3289,28,1
3289,52,1
3289,26,1
3289,27,1
3289,88,1
3289,76,1
3289,92,1
3290,115,1
3290,74,1
3290,32,1
3290,30,1
3290,31,1
3290,29,1
3290,24,1
3291,41,1
3291,30,1
3291,24,1
3291,16,1
3291,30,1
3291,58,1
3291,40,1
3292,34,1
3292,45,1
3292,65,1
3292,30,1
3292,35,1
3292,32,1
3292,104,1
3293,105,1
3293,38,1
3293,67,1
3293,47,1
3293,68,1
3293,46,1
3293,25,1
3294,25,1
3294,3,1
3294,30,1
3294,1,1
3294,6,1
3294,6,1
3294,22,1
3295,9,1
3295,4,1
3295,3,1
3295,5,1
3295,6,1
3295,16,1
3295,21,1
3296,6,1
3296,10,1
3296,1,1
3296,4,1
3296,18,1
3296,19,1
3296,21,1
3297,6,1
3297,10,1
3297,9,1
3297,4,1
3297,1,1
3297,5,1
3297,6,1
3298,1,1
3298,10,1
3298,4,1
3298,3,1
3298,49,1
3298,71,1
3298,21,1
3299,6,1
3299,15,1
3299,9,1
3299,1,1
3299,12,1
3299,11,1
3299,1,1
3300,15,1
3300,6,1
3300,21,1
3300,2,1
3300,4,1
3300,9,1
3300,6,1
3301,1,1
3301,5,1
3301,1,1
3301,6,1
3301,5,1
3301,22,1
3301,4,1
3302,9,1
3302,18,1
3302,1,1
3302,5,1
3302,6,1
3302,2,1
3302,4,1
3303,9,1
3303,21,1
3303,5,1
3303,6,1
3303,2,1
3303,4,1
3303,9,1
3304,1,1
3304,20,1
3304,21,1
3304,2,1
3304,9,1
3304,10,1
3304,21,1
3305,70,1
3305,6,1
3305,6,1
3305,1,1
3305,2,1
3305,13,1
3305,21,1
3306,6,1
3306,4,1
3306,2,1
3306,10,1
3306,1,1
3306,8,1
3306,17,1
3307,21,1
3307,15,1
3307,10,1
3307,4,1
3307,1,1
3307,19,1
3307,6,1
3308,15,1
3308,1,1
3308,10,1
3308,9,1
3308,4,1
3308,106,1
3308,109,1
3309,119,1
3309,76,1
3309,28,1
3309,46,1
3309,29,1
3309,74,1
3309,81,1
3310,51,1
3310,48,1
3310,24,1
3310,30,1
3310,30,1
3310,58,1
3310,41,1
3311,52,1
3311,32,1
3311,32,1
3311,104,1
3311,66,1
3311,149,1
3311,35,1
3312,136,1
3312,32,1
3312,18,1
3312,78,1
3312,79,1
3312,25,1
3312,85,1
3313,100,1
3313,80,1
3313,30,1
3313,18,1
3313,5,1
3313,1,1
3313,6,1
3314,9,1
3314,11,1
3314,8,1
3314,17,1
3314,76,1
3314,30,1
3314,25,1
3315,28,1
3315,5,1
3315,20,1
3315,1,1
3315,2,1
3315,4,1
3315,13,1
3316,18,1
3316,1,1
3316,15,1
3316,21,1
3316,6,1
3316,22,1
3316,4,1
3317,49,1
3317,18,1
3317,20,1
3317,1,1
3317,6,1
3317,9,1
3317,13,1
3318,2,1
3318,1,1
3318,6,1
3318,15,1
3318,10,1
3318,9,1
3318,4,1
3318,11,1
3319,18,1
3319,6,1
3319,21,1
3319,2,1
3319,1,1
3319,12,1
3319,13,1
3320,18,1
3320,6,1
3320,19,1
3320,15,1
3320,4,1
3320,9,1
3320,10,1
3321,13,1
3321,1,1
3321,6,1
3321,1,1
3321,2,1
3321,13,1
3321,8,1
3322,21,1
3322,5,1
3322,6,1
3322,2,1
3322,15,1
3322,106,1
3322,1,1
3323,8,1
3323,50,1
3323,1,1
3323,6,1
3323,10,1
3323,9,1
3323,4,1
3324,3,1
3324,12,1
3324,18,1
3324,21,1
3324,6,1
3324,15,1
3324,2,1
3325,8,1
3325,6,1
3325,5,1
3325,9,1
3325,1,1
3325,6,1
3325,5,1
3326,15,1
3326,91,1
3326,5,1
3326,19,1
3326,2,1
3326,6,1
3326,15,1
3327,22,1
3327,1,1
3327,12,1
3327,1,1
3327,6,1
3327,10,1
3327,4,1
3328,18,1
3328,1,1
3328,6,1
3328,9,1
3328,49,1
3328,8,1
3328,19,1
3329,10,1
3329,106,1
3329,1,1
3329,6,1
3329,15,1
3329,10,1
3329,4,1
3330,6,1
3330,1,1
3330,25,1
3330,32,1
3330,48,1
3330,1,1
3330,6,1
3331,15,1
3331,9,1
3331,10,1
3331,4,1
3331,12,1
3331,6,1
3331,106,1
3332,6,1
3332,2,1
3332,5,1
3332,3,1
3332,8,1
3332,6,1
3332,10,1
3333,20,1
3333,1,1
3333,2,1
3333,21,1
3333,6,1
3333,9,1
3333,10,1
3334,13,1
3334,20,1
3334,6,1
3334,1,1
3334,9,1
3334,4,1
3334,10,1
3335,16,1
3335,17,1
3335,1,1
3335,6,1
3335,71,1
3335,4,1
3335,2,1
3336,49,1
3336,3,1
3336,12,1
3336,1,1
3336,6,1
3336,71,1
3336,10,1
3337,15,1
3337,4,1
3337,19,1
3337,1,1
3337,21,1
3337,6,1
3337,1,1
3338,20,1
3338,6,1
3338,10,1
3338,1,1
3338,12,1
3338,11,1
3338,13,1
3339,6,1
3339,21,1
3339,15,1
3339,9,1
3339,4,1
3339,1,1
3339,27,1
3340,76,1
3340,25,1
3340,58,1
3340,69,1
3340,106,1
3340,23,1
3340,32,1
3340,113,1
3341,50,1
3341,1,1
3341,6,1
3341,15,1
3341,2,1
3341,12,1
3341,13,1
3342,1,1
3342,6,1
3342,2,1
3342,4,1
3342,11,1
3342,8,1
3342,20,1
3343,1,1
3343,6,1
3343,5,1
3343,21,1
3343,4,1
3343,9,1
3343,1,1
3344,15,1
3344,2,1
3344,9,1
3344,18,1
3344,12,1
3344,22,1
3344,18,1
3345,2,1
3345,1,1
3345,5,1
3345,6,1
3345,2,1
3345,4,1
3345,7,1
3346,13,1
3346,8,1
3346,50,1
3346,20,1
3346,6,1
3346,4,1
3346,5,1
3347,2,1
3347,1,1
3347,9,1
3347,20,1
3347,1,1
3347,6,1
3347,4,1
3347,49,1
3347,21,1
3348,6,1
3348,15,1
3348,2,1
3348,10,1
3348,1,1
3348,12,1
3348,5,1
3349,2,1
3349,15,1
3349,6,1
3349,3,1
3349,6,1
3349,10,1
3349,1,1
3350,9,1
3350,4,1
3350,49,1
3350,19,1
3350,6,1
3350,2,1
3350,1,1
3351,9,1
3351,8,1
3351,71,1
3351,21,1
3351,2,1
3351,6,1
3351,9,1
3352,3,1
3352,4,1
3352,1,1
3352,6,1
3352,21,1
3352,2,1
3352,4,1
3353,9,1
3353,1,1
3353,12,1
3353,3,1
3353,71,1
3353,6,1
3353,5,1
3354,2,1
3354,4,1
3354,10,1
3354,1,1
3354,9,1
3354,19,1
3354,21,1
3355,6,1
3355,9,1
3355,1,1
3355,7,1
3355,13,1
3355,18,1
3355,19,1
3356,15,1
3356,6,1
3356,21,1
3356,22,1
3356,4,1
3356,1,1
3356,145,1
3357,102,1
3357,6,1
3357,106,1
3357,5,1
3357,91,1
3357,28,1
3357,30,1
3358,32,1
3358,38,1
3358,19,1
3358,5,1
3358,6,1
3358,21,1
3358,2,1
3359,9,1
3359,1,1
3359,19,1
3359,5,1
3359,2,1
3359,6,1
3359,1,1
3360,3,1
3360,7,1
3360,18,1
3360,6,1
3360,5,1
3360,4,1
3360,2,1
3361,1,1
3361,9,1
3361,12,1
3361,49,1
3361,21,1
3361,6,1
3361,70,1
3362,10,1
3362,9,1
3362,1,1
3362,4,1
3362,13,1
3362,32,1
3362,18,1
3363,18,1
3363,5,1
3363,2,1
3363,6,1
3363,1,1
3363,1,1
3363,5,1
3364,6,1
3364,2,1
3364,106,1
3364,9,1
3364,4,1
3364,8,1
3364,13,1
3365,1,1
3365,6,1
3365,12,1
3365,11,1
3365,8,1
3365,1,1
3365,2,1
3365,5,1
3366,6,1
3366,19,1
3366,2,1
3366,1,1
3366,4,1
3366,9,1
3366,4,1
3367,5,1
3367,6,1
3367,2,1
3367,21,1
3367,9,1
3367,19,1
3367,6,1
3368,18,1
3368,48,1
3368,47,1
3368,34,1
3368,19,1
3368,5,1
3368,2,1
3369,1,1
3369,8,1
3369,50,1
3369,5,1
3369,10,1
3369,21,1
3369,6,1
3370,9,1
3370,150,1
3370,145,1
3370,76,1
3370,98,1
3370,20,1
3370,47,1
3371,15,1
3371,2,1
3371,6,1
3371,4,1
3371,12,1
3371,1,1
3371,14,1
3372,6,1
3372,5,1
3372,9,1
3372,18,1
3372,21,1
3372,6,1
3372,5,1
3373,2,1
3373,1,1
3373,17,1
3373,1,1
3373,5,1
3373,6,1
3373,2,1
3373,4,1
3373,12,1
3373,50,1
3373,14,1
3373,71,1
3373,21,1
3373,6,1
3373,5,1
3373,2,1
3373,1,1
3373,4,1
3373,11,1
3373,6,1
3373,2,1
3374,5,1
3374,21,1
3374,1,1
3374,1,1
3374,6,1
3374,6,1
3374,10,1
3375,4,1
3375,12,1
3375,13,1
3375,19,1
3375,5,1
3375,21,1
3375,2,1
3376,1,1
3376,1,1
3376,6,1
3376,5,1
3376,10,1
3376,9,1
3376,13,1
3377,18,1
3377,76,1
3377,31,1
3377,29,1
3377,25,1
3377,58,1
3377,32,1
3378,98,1
3378,67,1
3378,101,1
3378,113,1
3378,27,1
3378,12,1
3378,21,1
3379,19,1
3379,1,1
3379,6,1
3379,5,1
3379,2,1
3379,9,1
3379,49,1
3380,13,1
3380,12,1
3380,125,1
3380,44,1
3380,102,1
3380,92,1
3380,28,1
3380,81,1
3381,30,1
3381,35,1
3381,46,1
3381,24,1
3381,32,1
3381,74,1
3381,75,1
3381,94,1
3381,114,1
3381,32,1
3381,52,1
3381,37,1
3381,32,1
3381,98,1
3381,40,1
3382,38,1
3382,77,1
3382,15,1
3382,124,1
3382,47,1
3382,30,1
3382,30,1
3383,76,1
3383,89,1
3383,84,1
3383,25,1
3383,1,1
3383,5,1
3383,10,1
3384,6,1
3384,9,1
3384,13,1
3384,1,1
3384,6,1
3384,2,1
3384,21,1
3385,106,1
3385,9,1
3385,10,1
3385,4,1
3385,87,1
3385,150,1
3385,50,1
3385,24,1
3385,109,1
3385,28,1
3385,25,1
3385,29,1
3385,32,1
3385,38,1
3385,1,1
3385,6,1
3385,15,1
3385,3,1
3385,13,1
3385,8,1
3385,16,1
3385,1,1
3385,15,1
3385,2,1
3385,6,1
3385,9,1
3385,3,1
3385,13,1
3385,106,1
3385,18,1
3385,6,1
3385,1,1
3385,21,1
3385,9,1
3385,3,1
3385,12,1
3385,27,1
3385,31,1
3385,32,1
3385,10,1
3385,6,1
3385,15,1
3385,2,1
3385,1,1
3385,4,1
3385,9,1
3385,20,1
3385,18,1
3385,5,1
3385,15,1
3385,20,1
3385,6,1
3385,70,1
3386,1,1
3386,2,1
3386,3,1
3386,18,1
3386,13,1
3386,12,1
3386,18,1
3387,1,1
3387,71,1
3387,6,1
3387,15,1
3387,10,1
3387,4,1
3387,9,1
3388,13,1
3388,94,1
3388,1,1
3388,6,1
3388,5,1
3388,15,1
3388,10,1
3389,4,1
3389,17,1
3389,5,1
3389,21,1
3389,19,1
3389,6,1
3389,15,1
3390,2,1
3390,9,1
3390,4,1
3390,1,1
3390,25,1
3390,21,1
3390,19,1
3391,6,1
3391,2,1
3391,4,1
3391,1,1
3391,49,1
3391,18,1
3391,8,1
3392,106,1
3392,35,1
3392,28,1
3392,30,1
3392,127,1
3392,25,1
3392,119,1
3393,32,1
3393,74,1
3393,76,1
3393,33,1
3393,29,1
3393,31,1
3393,30,1
3394,30,1
3394,32,1
3394,91,1
3394,51,1
3394,30,1
3394,66,1
3394,38,1
3395,79,1
3395,41,1
3395,47,1
3395,46,1
3395,129,1
3395,80,1
3395,102,1
3395,1,1
3395,1,1
3396,6,1
3396,15,1
3396,2,1
3396,9,1
3396,4,1
3396,10,1
3396,6,1
3397,28,1
3397,24,1
3397,46,1
3397,25,1
3397,24,1
3397,55,1
3397,81,1
3398,103,1
3398,32,1
3398,30,1
3398,30,1
3398,126,1
3398,58,1
3398,35,1
3399,32,1
3399,32,1
3399,133,1
3399,6,1
3399,43,1
3399,37,1
3399,47,1
3400,67,1
3400,78,1
3400,6,1
3400,123,1
3400,80,1
3400,76,1
3400,89,1
3401,41,1
3401,30,1
3401,21,1
3401,6,1
3401,2,1
3401,4,1
3401,10,1
3402,1,1
3402,49,1
3402,78,1
3402,145,1
3402,7,1
3402,28,1
3402,51,1
3403,26,1
3403,25,1
3403,6,1
3403,81,1
3403,24,1
3403,27,1
3403,24,1
3404,8,1
3404,29,1
3404,24,1
3404,75,1
3404,32,1
3404,30,1
3404,48,1
3405,74,1
3405,134,1
3405,110,1
3405,122,1
3405,57,1
3405,58,1
3405,37,1
3406,32,1
3406,6,1
3406,60,1
3406,77,1
3406,97,1
3406,43,1
3406,15,1
3407,135,1
3407,132,1
3407,124,1
3407,20,1
3407,18,1
3407,71,1
3407,69,1
3408,100,1
3408,85,1
3408,76,1
3408,89,1
3408,5,1
3408,106,1
3408,18,1
3409,19,1
3409,1,1
3409,1,1
3409,4,1
3409,6,1
3409,10,1
3409,3,1
3410,49,1
3410,11,1
3410,12,1
3410,6,1
3410,19,1
3410,2,1
3410,19,1
3411,41,1
3411,80,1
3411,31,1
3411,25,1
3411,25,1
3411,28,1
3411,6,1
3412,76,1
3412,74,1
3412,48,1
3412,29,1
3412,30,1
3412,113,1
3412,74,1
3413,48,1
3413,58,1
3413,32,1
3413,1,1
3413,141,1
3413,28,1
3413,30,1
3414,30,1
3414,28,1
3414,35,1
3414,31,1
3414,75,1
3414,32,1
3414,102,1
3415,28,1
3415,30,1
3415,29,1
3415,74,1
3415,28,1
3415,26,1
3415,74,1
3416,115,1
3416,76,1
3416,46,1
3416,25,1
3416,30,1
3416,30,1
3416,76,1
3417,32,1
3417,27,1
3417,127,1
3417,25,1
3417,32,1
3417,74,1
3417,25,1
3418,23,1
3418,30,1
3418,24,1
3418,111,1
3418,28,1
3418,113,1
3418,29,1
3419,32,1
3419,3,1
3419,26,1
3419,76,1
3419,27,1
3419,25,1
3419,141,1
3420,119,1
3420,74,1
3420,32,1
3420,33,1
3420,46,1
3420,6,1
3420,46,1
3421,81,1
3421,25,1
3421,28,1
3421,1,1
3421,25,1
3421,29,1
3421,46,1
3422,53,1
3422,25,1
3422,26,1
3422,27,1
3422,6,1
3422,26,1
3422,28,1
3423,29,1
3423,26,1
3423,81,1
3423,24,1
3423,32,1
3423,48,1
3423,30,1
3424,74,1
3424,106,1
3424,32,1
3424,103,1
3424,30,1
3424,78,1
3424,76,1
3425,27,1
3425,119,1
3425,27,1
3425,46,1
3425,48,1
3425,113,1
3425,25,1
3426,28,1
3426,29,1
3426,31,1
3426,94,1
3426,102,1
3426,53,1
3426,4,1
3427,28,1
3427,32,1
3427,29,1
3427,140,1
3427,109,1
3427,25,1
3427,26,1
3428,3,1
3428,58,1
3428,32,1
3428,51,1
3428,3,1
3428,32,1
3428,28,1
3429,81,1
3429,76,1
3429,86,1
3429,35,1
3429,28,1
3429,91,1
3429,26,1
3430,76,1
3430,30,1
3430,1,1
3430,32,1
3430,29,1
3430,28,1
3430,30,1
3431,25,1
3431,58,1
3431,1,1
3431,25,1
3431,51,1
3431,32,1
3431,24,1
3431,5,1
3431,102,1
3432,5,1
3432,26,1
3432,32,1
3432,113,1
3432,106,1
3432,28,1
3432,78,1
3433,23,1
3433,51,1
3433,24,1
3433,28,1
3433,74,1
3433,30,1
3433,58,1
3433,25,1
3433,81,1
3433,30,1
3434,26,1
3434,32,1
3434,24,1
3434,29,1
3434,103,1
3434,35,1
3434,46,1
3435,30,1
3435,24,1
3435,32,1
3435,76,1
3435,58,1
3435,81,1
3435,113,1
3436,23,1
3436,26,1
3436,150,1
3436,30,1
3436,28,1
3436,24,1
3436,32,1
3436,1,1
3436,78,1
3436,28,1
3436,29,1
3436,46,1
3436,81,1
3436,76,1
3436,4,1
3436,51,1
3436,24,1
3436,28,1
3436,23,1
3436,32,1
3436,74,1
3436,114,1
3436,87,1
3436,51,1
3436,1,1
3436,74,1
3436,33,1
3437,28,1
3437,106,1
3437,119,1
3437,25,1
3437,6,1
3437,51,1
3437,78,1
3438,25,1
3438,28,1
3438,31,1
3438,102,1
3438,106,1
3438,78,1
3438,6,1
3439,24,1
3439,51,1
3439,76,1
3439,74,1
3439,32,1
3439,76,1
3439,32,1
3440,28,1
3440,25,1
3440,30,1
3440,94,1
3440,23,1
3440,119,1
3440,76,1
3441,78,1
3441,32,1
3441,29,1
3441,6,1
3441,102,1
3441,28,1
3441,81,1
3442,29,1
3442,74,1
3442,26,1
3442,30,1
3442,48,1
3442,29,1
3442,51,1
3443,30,1
3443,76,1
3443,74,1
3443,24,1
3443,32,1
3443,81,1
3443,25,1
3444,28,1
3444,76,1
3444,8,1
3444,30,1
3444,75,1
3444,81,1
3444,29,1
3445,26,1
3445,27,1
3445,32,1
3445,74,1
3445,25,1
3445,114,1
3445,72,1
3446,106,1
3446,28,1
3446,119,1
3446,25,1
3446,29,1
3446,29,1
3446,25,1
3447,78,1
3447,90,1
3447,87,1
3447,102,1
3447,81,1
3447,28,1
3447,28,1
3448,25,1
3448,74,1
3448,24,1
3448,28,1
3448,29,1
3448,32,1
3448,35,1
3449,51,1
3449,102,1
3449,28,1
3449,119,1
3449,25,1
3449,136,1
3449,69,1
3450,26,1
3450,35,1
3450,25,1
3450,29,1
3450,24,1
3450,55,1
3450,23,1
3451,46,1
3451,28,1
3451,11,1
3451,76,1
3451,50,1
3451,6,1
3451,74,1
3452,113,1
3452,25,1
3452,48,1
3452,75,1
3452,25,1
3452,78,1
3452,74,1
3453,28,1
3453,5,1
3453,26,1
3453,76,1
3453,29,1
3453,48,1
3453,1,1
3454,76,1
3454,28,1
3454,6,1
3454,25,1
3454,81,1
3454,103,1
3454,29,1
3455,32,1
3455,75,1
3455,11,1
3455,92,1
3455,30,1
3455,28,1
3455,76,1
3456,24,1
3456,29,1
3456,1,1
3456,28,1
3456,25,1
3456,32,1
3456,113,1
3457,87,1
3457,78,1
3457,76,1
3457,74,1
3457,31,1
3457,29,1
3457,101,1
3458,81,1
3458,51,1
3458,28,1
3458,76,1
3458,32,1
3458,25,1
3458,51,1
3459,24,1
3459,109,1
3459,74,1
3459,32,1
3459,28,1
3459,52,1
3459,25,1
3460,48,1
3460,58,1
3460,32,1
3460,24,1
3460,106,1
3460,5,1
3460,3,1
3461,28,1
3461,32,1
3461,74,1
3461,28,1
3461,51,1
3461,5,1
3461,25,1
3461,28,1
3462,48,1
3462,24,1
3462,25,1
3462,113,1
3462,1,1
3462,51,1
3462,30,1
3463,8,1
3463,32,1
3463,25,1
3463,24,1
3463,1,1
3463,21,1
3463,6,1
3464,4,1
3464,15,1
3464,10,1
3464,2,1
3464,22,1
3464,9,1
3464,13,1
3465,17,1
3465,140,1
3465,78,1
3465,28,1
3465,26,1
3465,5,1
3465,46,1
3466,53,1
3466,27,1
3466,25,1
3466,74,1
3466,111,1
3466,25,1
3466,30,1
3467,24,1
3467,25,1
3467,25,1
3467,32,1
3467,75,1
3467,51,1
3467,30,1
3468,135,1
3468,32,1
3468,59,1
3468,35,1
3468,66,1
3468,61,1
3468,98,1
3469,67,1
3469,68,1
3469,47,1
3469,45,1
3469,118,1
3469,76,1
3469,89,1
3470,25,1
3470,102,1
3470,6,1
3470,28,1
3470,29,1
3470,74,1
3470,25,1
3471,25,1
3471,51,1
3471,28,1
3471,27,1
3471,32,1
3471,74,1
3471,48,1
3472,28,1
3472,54,1
3472,78,1
3472,25,1
3472,46,1
3472,30,1
3472,48,1
3473,6,1
3473,25,1
3473,30,1
3473,32,1
3473,46,1
3473,75,1
3473,24,1
3474,1,1
3474,102,1
3474,35,1
3474,72,1
3474,28,1
3474,26,1
3474,74,1
3475,86,1
3475,23,1
3475,28,1
3475,51,1
3475,88,1
3475,78,1
3475,103,1
3476,150,1
3476,113,1
3476,35,1
3476,28,1
3476,46,1
3476,27,1
3476,25,1
3477,94,1
3477,23,1
3477,145,1
3477,35,1
3477,28,1
3477,31,1
3477,24,1
3478,111,1
3478,28,1
3478,46,1
3478,103,1
3478,51,1
3478,25,1
3478,76,1
3479,28,1
3479,27,1
3479,32,1
3479,74,1
3479,113,1
3479,78,1
3479,6,1
3480,28,1
3480,76,1
3480,46,1
3480,30,1
3480,25,1
3480,1,1
3480,26,1
3481,32,1
3481,28,1
3481,6,1
3481,32,1
3481,112,1
3481,28,1
3481,51,1
3482,125,1
3482,23,1
3482,102,1
3482,24,1
3482,32,1
3482,28,1
3482,58,1
3482,27,1
3482,25,1
3483,29,1
3483,75,1
3483,76,1
3483,109,1
3483,51,1
3483,32,1
3483,63,1
3484,73,1
3484,25,1
3484,46,1
3484,24,1
3484,76,1
3484,50,1
3484,91,1
3485,28,1
3485,26,1
3485,24,1
3485,106,1
3485,24,1
3485,28,1
3485,32,1
3486,74,1
3486,81,1
3486,55,1
3486,51,1
3486,30,1
3486,28,1
3486,29,1
3487,32,1
3487,28,1
3487,76,1
3487,102,1
3487,24,1
3487,8,1
3487,25,1
3487,113,1
3487,6,1
3487,26,1
3488,114,1
3488,25,1
3488,26,1
3488,53,1
3488,32,1
3488,24,1
3488,29,1
3489,76,1
3489,76,1
3489,28,1
3489,27,1
3489,76,1
3489,25,1
3489,7,1
3490,26,1
3490,24,1
3490,32,1
3490,28,1
3490,93,1
3490,6,1
3490,46,1
3491,25,1
3491,58,1
3491,73,1
3491,90,1
3491,1,1
3491,25,1
3491,32,1
3492,30,1
3492,102,1
3492,8,1
3492,26,1
3492,74,1
3492,32,1
3492,28,1
3493,58,1
3493,76,1
3493,28,1
3493,53,1
3493,74,1
3493,5,1
3493,25,1
3494,119,1
3494,26,1
3494,115,1
3494,94,1
3494,30,1
3494,76,1
3494,140,1
3495,6,1
3495,25,1
3495,106,1
3495,28,1
3495,78,1
3495,28,1
3495,25,1
3496,102,1
3496,28,1
3496,27,1
3496,26,1
3496,8,1
3496,35,1
3496,78,1
3496,28,1
3497,26,1
3497,30,1
3497,94,1
3497,1,1
3497,28,1
3497,51,1
3497,24,1
3498,30,1
3498,58,1
3498,113,1
3498,6,1
3498,115,1
3498,76,1
3498,26,1
3499,28,1
3499,5,1
3499,29,1
3499,94,1
3499,78,1
3499,25,1
3499,24,1
3500,73,1
3500,1,1
3500,76,1
3500,29,1
3500,25,1
3500,6,1
3500,113,1
3501,28,1
3501,74,1
3501,25,1
3501,48,1
3501,72,1
3501,6,1
3501,28,1
3502,102,1
3502,51,1
3502,24,1
3502,1,1
3502,35,1
3502,25,1
3502,51,1
3503,141,1
3503,91,1
3503,25,1
3503,112,1
3503,32,1
3503,28,1
3503,5,1
3504,24,1
3504,30,1
3504,92,1
3504,58,1
3504,29,1
3504,74,1
3504,51,1
3505,76,1
3505,28,1
3505,31,1
3505,32,1
3505,92,1
3505,25,1
3505,73,1
3506,24,1
3506,32,1
3506,102,1
3506,106,1
3506,24,1
3506,27,1
3506,25,1
3506,48,1
3507,74,1
3507,87,1
3507,72,1
3507,119,1
3507,25,1
3507,51,1
3507,1,1
3508,25,1
3508,30,1
3508,29,1
3508,93,1
3508,58,1
3508,48,1
3508,118,1
3509,15,1
3509,26,1
3509,24,1
3509,28,1
3509,92,1
3509,28,1
3509,25,1
3510,76,1
3510,92,1
3510,30,1
3510,75,1
3510,23,1
3510,114,1
3510,2,1
3511,150,1
3511,28,1
3511,150,1
3511,51,1
3511,76,1
3511,1,1
3511,140,1
3512,74,1
3512,32,1
3512,51,1
3512,1,1
3512,102,1
3512,30,1
3512,28,1
3512,24,1
3513,25,1
3513,28,1
3513,102,1
3513,6,1
3513,74,1
3513,35,1
3513,111,1
3514,106,1
3514,113,1
3514,35,1
3514,29,1
3514,32,1
3514,30,1
3514,28,1
3515,25,1
3515,32,1
3515,27,1
3515,24,1
3515,28,1
3515,76,1
3515,53,1
3516,88,1
3516,111,1
3516,29,1
3516,140,1
3516,109,1
3516,25,1
3516,32,1
3517,46,1
3517,48,1
3517,51,1
3517,81,1
3517,6,1
3517,26,1
3517,81,1
3518,28,1
3518,76,1
3518,27,1
3518,63,1
3518,51,1
3518,30,1
3518,52,1
3519,24,1
3519,58,1
3519,32,1
3519,6,1
3519,28,1
3519,5,1
3519,58,1
3520,106,1
3520,58,1
3520,78,1
3520,6,1
3520,81,1
3520,30,1
3520,32,1
3521,51,1
3521,6,1
3521,26,1
3521,28,1
3521,74,1
3521,75,1
3521,81,1
3522,5,1
3522,51,1
3522,76,1
3522,74,1
3522,1,1
3522,51,1
3522,27,1
3523,81,1
3523,115,1
3523,76,1
3523,35,1
3523,102,1
3523,32,1
3523,25,1
3524,106,1
3524,94,1
3524,31,1
3524,31,1
3524,23,1
3524,30,1
3524,28,1
3525,51,1
3525,28,1
3525,30,1
3525,76,1
3525,25,1
3525,5,1
3525,55,1
3526,25,1
3526,32,1
3526,74,1
3526,81,1
3526,123,1
3526,30,1
3526,46,1
3527,24,1
3527,106,1
3527,94,1
3527,30,1
3527,25,1
3527,6,1
3527,25,1
3528,26,1
3528,76,1
3528,28,1
3528,29,1
3528,30,1
3528,87,1
3528,35,1
3529,25,1
3529,76,1
3529,46,1
3529,30,1
3529,31,1
3529,6,1
3529,26,1
3530,25,1
3530,28,1
3530,30,1
3530,51,1
3530,51,1
3530,28,1
3530,78,1
3531,140,1
3531,51,1
3531,28,1
3531,32,1
3531,118,1
3531,5,1
3531,25,1
3532,32,1
3532,28,1
3532,76,1
3532,145,1
3532,25,1
3532,115,1
3532,30,1
3533,25,1
3533,35,1
3533,51,1
3533,32,1
3533,81,1
3533,28,1
3533,88,1
3534,30,1
3534,26,1
3534,25,1
3534,30,1
3534,24,1
3534,32,1
3534,28,1
3535,103,1
3535,33,1
3535,11,1
3535,46,1
3535,141,1
3535,87,1
3535,35,1
3536,53,1
3536,24,1
3536,29,1
3536,30,1
3536,29,1
3536,113,1
3536,26,1
3537,25,1
3537,48,1
3537,102,1
3537,51,1
3537,28,1
3537,25,1
3537,51,1
3538,28,1
3538,76,1
3538,25,1
3538,30,1
3538,74,1
3538,32,1
3538,48,1
3538,113,1
3539,81,1
3539,5,1
3539,1,1
3539,102,1
3539,28,1
3539,29,1
3539,25,1
3540,51,1
3540,25,1
3540,8,1
3540,25,1
3540,26,1
3540,119,1
3540,53,1
3540,28,1
3541,25,1
3541,29,1
3541,74,1
3541,58,1
3541,30,1
3541,24,1
3541,75,1
3541,1,1
3542,26,1
3542,28,1
3542,78,1
3542,25,1
3542,74,1
3542,75,1
3542,87,1
3543,109,1
3543,27,1
3543,32,1
3543,94,1
3543,27,1
3543,28,1
3543,30,1
3544,24,1
3544,75,1
3544,94,1
3544,125,1
3544,26,1
3544,119,1
3544,28,1
3545,81,1
3545,113,1
3545,24,1
3545,6,1
3545,81,1
3545,28,1
3545,29,1
3546,28,1
3546,51,1
3546,12,1
3546,29,1
3546,63,1
3546,1,1
3546,51,1
3547,29,1
3547,58,1
3547,28,1
3547,55,1
3547,25,1
3547,1,1
3547,35,1
3548,32,1
3548,25,1
3548,58,1
3548,48,1
3548,28,1
3548,109,1
3548,28,1
3549,76,1
3549,90,1
3549,32,1
3549,25,1
3549,25,1
3549,28,1
3549,29,1
3550,4,1
3550,32,1
3550,150,1
3550,81,1
3550,28,1
3550,25,1
3550,74,1
3551,102,1
3551,87,1
3551,35,1
3551,52,1
3551,30,1
3551,28,1
3551,32,1
3552,87,1
3552,74,1
3552,29,1
3552,32,1
3552,58,1
3552,125,1
3552,86,1
3553,53,1
3553,46,1
3553,28,1
3553,115,1
3553,55,1
3553,24,1
3553,81,1
3554,30,1
3554,32,1
3554,11,1
3554,74,1
3554,58,1
3554,1,1
3554,28,1
3554,25,1
3554,24,1
3554,75,1
3554,27,1
3554,32,1
3554,30,1
3554,76,1
3554,6,1
3554,26,1
3554,32,1
3554,27,1
3554,74,1
3554,81,1
3554,48,1
3554,30,1
3554,32,1
3555,28,1
3555,52,1
3555,24,1
3555,25,1
3555,32,1
3555,74,1
3555,1,1
3556,28,1
3556,30,1
3556,28,1
3556,74,1
3556,32,1
3556,29,1
3556,92,1
3557,6,1
3557,76,1
3557,32,1
3557,31,1
3557,102,1
3557,109,1
3557,52,1
3558,26,1
3558,24,1
3558,32,1
3558,113,1
3558,119,1
3558,113,1
3558,29,1
3559,27,1
3559,51,1
3559,102,1
3559,23,1
3559,24,1
3559,32,1
3559,29,1
3560,25,1
3560,25,1
3560,32,1
3560,6,1
3560,26,1
3560,25,1
3560,8,1
3561,32,1
3561,30,1
3561,51,1
3561,113,1
3561,25,1
3561,28,1
3561,94,1
3562,78,1
3562,27,1
3562,32,1
3562,4,1
3562,24,1
3562,58,1
3562,6,1
3563,25,1
3563,32,1
3563,6,1
3563,140,1
3563,25,1
3563,24,1
3563,145,1
3564,102,1
3564,28,1
3564,48,1
3564,28,1
3564,53,1
3564,25,1
3564,30,1
3564,28,1
3565,81,1
3565,25,1
3565,75,1
3565,24,1
3565,94,1
3565,87,1
3565,6,1
3566,25,1
3566,46,1
3566,29,1
3566,55,1
3566,28,1
3566,150,1
3566,51,1
3567,8,1
3567,32,1
3567,30,1
3567,26,1
3567,24,1
3567,32,1
3567,28,1
3568,51,1
3568,87,1
3568,106,1
3568,76,1
3568,25,1
3568,29,1
3568,141,1
3569,28,1
3569,25,1
3569,24,1
3569,29,1
3569,32,1
3569,74,1
3569,113,1
3570,5,1
3570,6,1
3570,25,1
3570,32,1
3570,30,1
3570,24,1
3570,140,1
3571,24,1
3571,26,1
3571,76,1
3571,32,1
3571,35,1
3571,25,1
3571,46,1
3572,32,1
3572,30,1
3572,51,1
3572,27,1
3572,76,1
3572,25,1
3572,48,1
3573,32,1
3573,46,1
3573,24,1
3573,48,1
3573,58,1
3573,51,1
3573,30,1
3574,29,1
3574,48,1
3574,87,1
3574,6,1
3574,25,1
3574,29,1
3574,113,1
3575,75,1
3575,25,1
3575,28,1
3575,24,1
3575,30,1
3575,113,1
3575,114,1
3576,28,1
3576,119,1
3576,26,1
3576,30,1
3576,29,1
3576,5,1
3576,6,1
3577,150,1
3577,32,1
3577,74,1
3577,78,1
3577,102,1
3577,145,1
3577,25,1
3578,30,1
3578,31,1
3578,28,1
3578,23,1
3578,25,1
3578,74,1
3578,30,1
3579,29,1
3579,24,1
3579,113,1
3579,5,1
3579,28,1
3579,5,1
3579,63,1
3580,26,1
3580,28,1
3580,29,1
3580,113,1
3580,20,1
3580,76,1
3580,48,1
3581,109,1
3581,115,1
3581,102,1
3581,30,1
3581,25,1
3581,55,1
3581,81,1
3582,23,1
3582,24,1
3582,76,1
3582,30,1
3582,1,1
3582,26,1
3582,76,1
3583,29,1
3583,30,1
3583,1,1
3583,27,1
3583,74,1
3583,32,1
3583,29,1
3584,24,1
3584,24,1
3584,76,1
3584,6,1
3584,28,1
3584,26,1
3584,25,1
3585,29,1
3585,30,1
3585,102,1
3585,6,1
3585,51,1
3585,74,1
3585,24,1
3585,145,1
3585,75,1
3585,25,1
3585,24,1
3585,113,1
3585,118,1
3585,119,1
3585,76,1
3585,32,1
3585,24,1
3585,28,1
3585,76,1
3585,115,1
3585,25,1
3585,92,1
3585,5,1
3585,25,1
3585,113,1
3585,27,1
3585,78,1
3585,26,1
3585,1,1
3585,25,1
3585,48,1
3585,113,1
3585,28,1
3585,24,1
3585,81,1
3585,46,1
3585,30,1
3585,28,1
3585,76,1
3585,25,1
3585,74,1
3585,7,1
3585,28,1
3585,26,1
3585,8,1
3585,24,1
3585,25,1
3585,28,1
3585,27,1
3585,24,1
3585,25,1
3585,74,1
3585,30,1
3585,6,1
3585,28,1
3585,35,1
3585,103,1
3585,6,1
3585,106,1
3585,29,1
3585,125,1
3586,6,1
3586,150,1
3586,73,1
3586,26,1
3586,119,1
3586,24,1
3586,30,1
3587,28,1
3587,32,1
3587,25,1
3587,28,1
3587,53,1
3587,29,1
3587,75,1
3588,24,1
3588,94,1
3588,32,1
3588,113,1
3588,76,1
3588,140,1
3588,81,1
3589,74,1
3589,30,1
3589,55,1
3589,32,1
3589,1,1
3589,28,1
3589,76,1
3590,29,1
3590,25,1
3590,28,1
3590,26,1
3590,30,1
3590,29,1
3590,24,1
3591,25,1
3591,6,1
3591,25,1
3591,46,1
3591,81,1
3591,32,1
3591,74,1
3592,93,1
3592,102,1
3592,81,1
3592,92,1
3592,30,1
3592,29,1
3592,25,1
3593,93,1
3593,51,1
3593,74,1
3593,141,1
3593,73,1
3593,51,1
3593,24,1
3594,30,1
3594,81,1
3594,31,1
3594,30,1
3594,24,1
3594,119,1
3594,25,1
3595,32,1
3595,28,1
3595,29,1
3595,81,1
3595,113,1
3595,24,1
3595,78,1
3596,46,1
3596,28,1
3596,25,1
3596,92,1
3596,26,1
3596,28,1
3596,24,1
3597,103,1
3597,29,1
3597,39,1
3597,109,1
3597,29,1
3597,32,1
3597,25,1
3598,32,1
3598,113,1
3598,106,1
3598,106,1
3598,25,1
3598,76,1
3598,28,1
3598,25,1
3598,26,1
3598,141,1
3598,87,1
3598,8,1
3598,24,1
3599,31,1
3599,30,1
3599,6,1
3599,26,1
3599,29,1
3599,58,1
3599,24,1
3600,6,1
3600,150,1
3600,25,1
3600,30,1
3600,29,1
3600,32,1
3600,58,1
3601,51,1
3601,28,1
3601,29,1
3601,115,1
3601,5,1
3601,27,1
3601,28,1
3602,26,1
3602,30,1
3602,81,1
3602,32,1
3602,23,1
3602,51,1
3602,32,1
3603,75,1
3603,23,1
3603,106,1
3603,28,1
3603,30,1
3603,25,1
3603,29,1
3604,26,1
3604,25,1
3604,28,1
3604,88,1
3604,81,1
3604,29,1
3604,26,1
3604,25,1
3605,3,1
3605,88,1
3605,8,1
3605,32,1
3605,120,1
3605,6,1
3605,28,1
3606,44,1
3606,31,1
3606,103,1
3606,94,1
3606,23,1
3606,26,1
3606,24,1
3607,28,1
3607,3,1
3607,113,1
3607,73,1
3607,27,1
3607,113,1
3607,25,1
3608,32,1
3608,48,1
3608,29,1
3608,28,1
3608,46,1
3608,109,1
3608,76,1
3609,25,1
3609,27,1
3609,76,1
3609,74,1
3609,150,1
3609,102,1
3609,51,1
3610,28,1
3610,74,1
3610,25,1
3610,6,1
3610,25,1
3610,26,1
3610,32,1
3611,29,1
3611,48,1
3611,28,1
3611,25,1
3611,87,1
3611,26,1
3611,25,1
3612,150,1
3612,25,1
3612,28,1
3612,76,1
3612,78,1
3612,26,1
3612,29,1
3613,119,1
3613,53,1
3613,123,1
3613,24,1
3613,32,1
3613,74,1
3613,29,1
3614,48,1
3614,29,1
3614,51,1
3614,109,1
3614,81,1
3614,25,1
3614,5,1
3614,1,1
3614,74,1
3615,35,1
3615,32,1
3615,46,1
3615,29,1
3615,119,1
3615,32,1
3615,25,1
3616,30,1
3616,29,1
3616,113,1
3616,58,1
3616,28,1
3616,81,1
3616,106,1
3617,28,1
3617,76,1
3617,30,1
3617,5,1
3617,51,1
3617,29,1
3617,32,1
3618,113,1
3618,106,1
3618,102,1
3618,30,1
3618,46,1
3618,28,1
3618,2,1
3619,6,1
3619,106,1
3619,28,1
3619,115,1
3619,30,1
3619,6,1
3619,28,1
3620,26,1
3620,25,1
3620,8,1
3620,33,1
3620,103,1
3620,81,1
3620,28,1
3621,30,1
3621,24,1
3621,111,1
3621,113,1
3621,25,1
3621,6,1
3621,51,1
3622,28,1
3622,63,1
3622,51,1
3622,28,1
3622,27,1
3622,113,1
3622,141,1
3623,6,1
3623,24,1
3623,46,1
3623,30,1
3623,109,1
3623,23,1
3623,25,1
3624,29,1
3624,29,1
3624,35,1
3624,113,1
3624,26,1
3624,91,1
3624,32,1
3625,28,1
3625,30,1
3625,51,1
3625,28,1
3625,94,1
3625,106,1
3625,81,1
3626,30,1
3626,31,1
3626,23,1
3626,58,1
3626,25,1
3626,150,1
3626,6,1
3627,35,1
3627,51,1
3627,24,1
3627,30,1
3627,94,1
3627,76,1
3627,32,1
3628,25,1
3628,23,1
3628,32,1
3628,76,1
3628,127,1
3628,81,1
3628,29,1
3629,25,1
3629,103,1
3629,25,1
3629,6,1
3629,25,1
3629,138,1
3629,88,1
3630,76,1
3630,29,1
3630,73,1
3630,48,1
3630,106,1
3630,25,1
3630,25,1
3631,123,1
3631,91,1
3631,119,1
3631,28,1
3631,25,1
3631,46,1
3631,32,1
3632,78,1
3632,53,1
3632,25,1
3632,30,1
3632,26,1
3632,25,1
3632,28,1
3633,76,1
3633,3,1
3633,24,1
3633,1,1
3633,51,1
3633,81,1
3633,78,1
3634,32,1
3634,113,1
3634,106,1
3634,25,1
3634,113,1
3634,28,1
3634,74,1
3635,24,1
3635,29,1
3635,6,1
3635,102,1
3635,26,1
3635,32,1
3635,28,1
3636,46,1
3636,25,1
3636,28,1
3636,81,1
3636,30,1
3636,113,1
3636,6,1
3637,73,1
3637,26,1
3637,25,1
3637,29,1
3637,32,1
3637,24,1
3637,141,1
3638,26,1
3638,28,1
3638,75,1
3638,5,1
3638,32,1
3638,76,1
3638,30,1
3639,29,1
3639,5,1
3639,32,1
3639,30,1
3639,1,1
3639,51,1
3639,25,1
3640,30,1
3640,63,1
3640,74,1
3640,24,1
3640,23,1
3640,102,1
3640,24,1
3641,28,1
3641,25,1
3641,74,1
3641,29,1
3641,118,1
3641,114,1
3641,23,1
3642,26,1
3642,25,1
3642,32,1
3642,74,1
3642,28,1
3642,24,1
3642,23,1
3643,4,1
3643,25,1
3643,32,1
3643,48,1
3643,28,1
3643,28,1
3643,25,1
3644,29,1
3644,30,1
3644,141,1
3644,51,1
3644,23,1
3644,30,1
3644,74,1
3645,32,1
3645,28,1
3645,109,1
3645,25,1
3645,26,1
3645,30,1
3645,74,1
3646,76,1
3646,32,1
3646,29,1
3646,72,1
3646,6,1
3646,26,1
3646,28,1
3647,29,1
3647,41,1
3647,28,1
3647,54,1
3647,8,1
3647,119,1
3647,81,1
3648,73,1
3648,26,1
3648,109,1
3648,76,1
3648,88,1
3648,25,1
3648,26,1
3649,6,1
3649,32,1
3649,28,1
3649,25,1
3649,1,1
3649,35,1
3649,109,1
3650,28,1
3650,76,1
3650,8,1
3650,103,1
3650,46,1
3650,29,1
3650,25,1
3651,86,1
3651,30,1
3651,28,1
3651,115,1
3651,44,1
3651,81,1
3651,1,1
3652,102,1
3652,51,1
3652,28,1
3652,25,1
3652,4,1
3652,30,1
3652,29,1
3653,86,1
3653,6,1
3653,26,1
3653,28,1
3653,24,1
3653,75,1
3653,51,1
3654,48,1
3654,28,1
3654,5,1
3654,81,1
3654,32,1
3654,48,1
3654,140,1
3655,78,1
3655,87,1
3655,23,1
3655,26,1
3655,74,1
3655,81,1
3655,5,1
3656,29,1
3656,5,1
3656,76,1
3656,30,1
3656,29,1
3656,29,1
3656,106,1
3657,76,1
3657,32,1
3657,28,1
3657,76,1
3657,25,1
3657,24,1
3657,119,1
3658,32,1
3658,113,1
3658,87,1
3658,51,1
3658,109,1
3658,27,1
3658,29,1
3659,25,1
3659,106,1
3659,8,1
3659,35,1
3659,24,1
3659,51,1
3659,76,1
3660,30,1
3660,32,1
3660,6,1
3660,30,1
3660,29,1
3660,76,1
3660,119,1
3661,32,1
3661,46,1
3661,94,1
3661,25,1
3661,6,1
3661,32,1
3661,46,1
3662,5,1
3662,29,1
3662,76,1
3662,32,1
3662,78,1
3662,78,1
3662,25,1
3663,5,1
3663,25,1
3663,6,1
3663,32,1
3663,106,1
3663,78,1
3663,32,1
3664,33,1
3664,76,1
3664,29,1
3664,31,1
3664,17,1
3664,24,1
3664,28,1
3665,88,1
3665,25,1
3665,32,1
3665,30,1
3665,29,1
3665,32,1
3665,113,1
3665,113,1
3666,28,1
3666,76,1
3666,25,1
3666,51,1
3666,53,1
3666,30,1
3666,32,1
3667,76,1
3667,73,1
3667,54,1
3667,81,1
3667,30,1
3667,29,1
3667,6,1
3668,32,1
3668,30,1
3668,81,1
3668,46,1
3668,25,1
3668,58,1
3668,32,1
3669,94,1
3669,145,1
3669,32,1
3669,76,1
3669,113,1
3669,81,1
3669,32,1
3669,76,1
3669,25,1
3670,29,1
3670,32,1
3670,30,1
3670,58,1
3670,28,1
3670,30,1
3670,25,1
3671,32,1
3671,27,1
3671,25,1
3671,5,1
3671,28,1
3671,29,1
3671,113,1
3672,28,1
3672,25,1
3672,30,1
3672,48,1
3672,31,1
3672,30,1
3672,6,1
3673,119,1
3673,76,1
3673,29,1
3673,86,1
3673,81,1
3673,76,1
3673,28,1
3674,32,1
3674,24,1
3674,76,1
3674,74,1
3674,6,1
3674,28,1
3674,25,1
3675,81,1
3675,112,1
3675,29,1
3675,32,1
3675,73,1
3675,6,1
3675,74,1
3676,81,1
3676,25,1
3676,6,1
3676,28,1
3676,24,1
3676,29,1
3676,32,1
3677,26,1
3677,30,1
3677,74,1
3677,119,1
3677,54,1
3677,115,1
3677,24,1
3678,92,1
3678,106,1
3678,24,1
3678,74,1
3678,28,1
3678,6,1
3678,24,1
3679,35,1
3679,74,1
3679,112,1
3679,51,1
3679,25,1
3679,24,1
3679,141,1
3680,26,1
3680,28,1
3680,30,1
3680,31,1
3680,5,1
3680,6,1
3680,28,1
3681,54,1
3681,140,1
3681,6,1
3681,119,1
3681,29,1
3681,58,1
3681,25,1
3682,113,1
3682,72,1
3682,91,1
3682,46,1
3682,74,1
3682,25,1
3682,32,1
3683,86,1
3683,28,1
3683,5,1
3683,51,1
3683,27,1
3683,25,1
3683,29,1
3684,87,1
3684,6,1
3684,29,1
3684,74,1
3684,75,1
3684,33,1
3684,51,1
3685,123,1
3685,48,1
3685,1,1
3685,24,1
3685,28,1
3685,29,1
3685,32,1
3686,6,1
3686,24,1
3686,26,1
3686,28,1
3686,30,1
3686,25,1
3686,76,1
3687,25,1
3687,32,1
3687,28,1
3687,109,1
3687,27,1
3687,29,1
3687,25,1
3688,30,1
3688,24,1
3688,5,1
3688,25,1
3688,46,1
3688,32,1
3688,30,1
3689,24,1
3689,48,1
3689,51,1
3689,32,1
3689,33,1
3689,29,1
3689,72,1
3690,28,1
3690,25,1
3690,31,1
3690,30,1
3690,1,1
3690,102,1
3690,63,1
3691,78,1
3691,28,1
3691,26,1
3691,32,1
3691,2,1
3691,35,1
3691,25,1
3692,32,1
3692,74,1
3692,29,1
3692,114,1
3692,127,1
3692,102,1
3692,26,1
3693,109,1
3693,30,1
3693,29,1
3693,74,1
3693,6,1
3693,51,1
3693,28,1
3694,74,1
3694,76,1
3694,75,1
3694,150,1
3694,6,1
3694,28,1
3694,25,1
3695,92,1
3695,127,1
3695,74,1
3695,32,1
3695,87,1
3695,46,1
3695,24,1
3696,30,1
3696,74,1
3696,1,1
3696,24,1
3696,32,1
3696,29,1
3696,30,1
3697,72,1
3697,28,1
3697,30,1
3697,26,1
3697,25,1
3697,25,1
3697,140,1
3698,28,1
3698,81,1
3698,28,1
3698,51,1
3698,30,1
3698,113,1
3698,6,1
3699,51,1
3699,8,1
3699,30,1
3699,76,1
3699,27,1
3699,28,1
3699,25,1
3700,29,1
3700,74,1
3700,4,1
3700,28,1
3700,24,1
3700,27,1
3700,46,1
3701,30,1
3701,29,1
3701,75,1
3701,76,1
3701,113,1
3701,106,1
3701,76,1
3702,118,1
3702,51,1
3702,76,1
3702,30,1
3702,35,1
3702,28,1
3702,6,1
3703,30,1
3703,26,1
3703,24,1
3703,29,1
3703,25,1
3703,1,1
3703,51,1
3704,81,1
3704,29,1
3704,32,1
3704,81,1
3704,51,1
3704,32,1
3704,30,1
3705,29,1
3705,15,1
3705,28,1
3705,109,1
3705,112,1
3705,29,1
3705,30,1
3706,25,1
3706,76,1
3706,113,1
3706,1,1
3706,28,1
3706,25,1
3706,30,1
3707,46,1
3707,1,1
3707,145,1
3707,102,1
3707,75,1
3707,25,1
3707,32,1
3708,51,1
3708,81,1
3708,1,1
3708,2,1
3708,24,1
3708,51,1
3708,29,1
3709,51,1
3709,32,1
3709,29,1
3709,24,1
3709,74,1
3709,51,1
3709,29,1
3710,58,1
3710,6,1
3710,76,1
3710,28,1
3710,74,1
3710,32,1
3710,35,1
3710,24,1
3710,26,1
3710,8,1
3710,29,1
3710,53,1
3710,25,1
3710,113,1
3711,76,1
3711,6,1
3711,32,1
3711,28,1
3711,25,1
3711,8,1
3711,46,1
3712,24,1
3712,32,1
3712,29,1
3712,5,1
3712,119,1
3712,24,1
3712,25,1
3713,17,1
3713,86,1
3713,26,1
3713,28,1
3713,29,1
3713,32,1
3713,25,1
3714,90,1
3714,28,1
3714,30,1
3714,3,1
3714,24,1
3714,1,1
3714,28,1
3715,24,1
3715,31,1
3715,32,1
3715,6,1
3715,26,1
3715,28,1
3715,54,1
3716,29,1
3716,28,1
3716,8,1
3716,103,1
3716,81,1
3716,29,1
3716,24,1
3717,25,1
3717,29,1
3717,32,1
3717,25,1
3717,24,1
3717,28,1
3717,29,1
3718,113,1
3718,32,1
3718,75,1
3718,48,1
3718,5,1
3718,33,1
3718,27,1
3719,76,1
3719,6,1
3719,4,1
3719,28,1
3719,32,1
3719,74,1
3719,32,1
3720,28,1
3720,29,1
3720,24,1
3720,81,1
3720,51,1
3720,76,1
3720,25,1
3721,113,1
3721,1,1
3721,26,1
3721,30,1
3721,76,1
3721,25,1
3721,145,1
3721,6,1
3722,35,1
3722,26,1
3722,29,1
3722,32,1
3722,25,1
3722,102,1
3722,24,1
3723,23,1
3723,51,1
3723,28,1
3723,25,1
3723,93,1
3723,5,1
3723,6,1
3724,25,1
3724,76,1
3724,24,1
3724,32,1
3724,30,1
3724,109,1
3724,32,1
3725,141,1
3725,87,1
3725,1,1
3725,88,1
3725,28,1
3725,109,1
3725,26,1
3726,28,1
3726,32,1
3726,25,1
3726,75,1
3726,32,1
3726,76,1
3726,5,1
3727,26,1
3727,54,1
3727,24,1
3727,24,1
3727,91,1
3727,26,1
3727,88,1
3728,28,1
3728,25,1
3728,32,1
3728,25,1
3728,28,1
3728,30,1
3728,29,1
3729,32,1
3729,102,1
3729,6,1
3729,24,1
3729,46,1
3729,32,1
3729,5,1
3730,30,1
3730,28,1
3730,106,1
3730,102,1
3730,30,1
3730,32,1
3730,74,1
3731,55,1
3731,46,1
3731,25,1
3731,30,1
3731,113,1
3731,109,1
3731,74,1
3732,113,1
3732,51,1
3732,5,1
3732,28,1
3732,74,1
3732,46,1
3732,30,1
3733,81,1
3733,32,1
3733,48,1
3733,76,1
3733,53,1
3733,115,1
3733,32,1
3734,48,1
3734,25,1
3734,28,1
3734,109,1
3734,26,1
3734,54,1
3734,81,1
3735,32,1
3735,24,1
3735,66,1
3735,6,1
3735,121,1
3735,1,1
3735,41,1
3736,143,1
3736,124,1
3736,67,1
3736,47,1
3736,43,1
3736,42,1
3736,118,1
3737,80,1
3737,147,1
3737,106,1
3737,30,1
3737,9,1
3737,85,1
3737,46,1
3738,130,1
3738,69,1
3738,89,1
3738,84,1
3738,30,1
3738,51,1
3738,52,1
3739,32,1
3739,127,1
3739,48,1
3739,92,1
3739,26,1
3739,119,1
3739,76,1
3740,25,1
3740,2,1
3740,6,1
3740,106,1
3740,25,1
3740,28,1
3740,29,1
3741,32,1
3741,103,1
3741,17,1
3741,87,1
3741,76,1
3741,31,1
3741,113,1
3741,102,1
3741,5,1
3742,28,1
3742,48,1
3742,81,1
3742,30,1
3742,25,1
3742,25,1
3742,81,1
3743,26,1
3743,25,1
3743,78,1
3743,28,1
3743,32,1
3743,118,1
3743,6,1
3744,90,1
3744,6,1
3744,29,1
3744,113,1
3744,6,1
3744,86,1
3744,30,1
3745,28,1
3745,6,1
3745,26,1
3745,113,1
3745,32,1
3745,74,1
3745,28,1
3746,141,1
3746,28,1
3746,30,1
3746,29,1
3746,25,1
3746,74,1
3746,76,1
3747,32,1
3747,76,1
3747,29,1
3747,26,1
3747,25,1
3747,32,1
3747,25,1
3748,28,1
3748,5,1
3748,51,1
3748,25,1
3748,76,1
3748,111,1
3748,113,1
3749,6,1
3749,19,1
3749,15,1
3749,2,1
3749,9,1
3749,4,1
3749,1,1
3750,8,1
3750,28,1
3750,150,1
3750,6,1
3750,35,1
3750,25,1
3750,51,1
3751,26,1
3751,119,1
3751,46,1
3751,113,1
3751,32,1
3751,81,1
3751,24,1
3752,25,1
3752,103,1
3752,95,1
3752,60,1
3752,39,1
3752,98,1
3752,41,1
3753,99,1
3753,67,1
3753,71,1
3753,78,1
3753,25,1
3753,129,1
3753,69,1
3754,68,1
3754,1,1
3754,27,1
3754,76,1
3754,32,1
3754,29,1
3754,51,1
3755,25,1
3755,74,1
3755,114,1
3755,35,1
3755,81,1
3755,12,1
3755,6,1
3756,26,1
3756,109,1
3756,28,1
3756,74,1
3756,76,1
3756,25,1
3756,32,1
3757,145,1
3757,72,1
3757,6,1
3757,28,1
3757,92,1
3757,30,1
3757,29,1
3758,136,1
3758,88,1
3758,29,1
3758,58,1
3758,26,1
3758,27,1
3758,28,1
3759,48,1
3759,76,1
3759,11,1
3759,25,1
3759,44,1
3759,28,1
3759,30,1
3759,102,1
3760,72,1
3760,26,1
3760,6,1
3760,3,1
3760,32,1
3760,25,1
3760,19,1
3761,30,1
3761,58,1
3761,30,1
3761,1,1
3761,30,1
3761,30,1
3761,30,1
3762,35,1
3762,30,1
3762,66,1
3762,38,1
3762,134,1
3762,142,1
3762,41,1
3763,6,1
3763,43,1
3763,67,1
3763,47,1
3763,25,1
3763,74,1
3763,84,1
3764,125,1
3764,28,1
3764,102,1
3764,119,1
3764,6,1
3764,29,1
3764,113,1
3765,32,1
3765,1,1
3765,51,1
3765,31,1
3765,32,1
3765,81,1
3765,30,1
3766,6,1
3766,35,1
3766,25,1
3766,113,1
3766,5,1
3766,3,1
3766,24,1
3767,32,1
3767,30,1
3767,94,1
3767,6,1
3767,51,1
3767,30,1
3767,28,1
3768,31,1
3768,2,1
3768,6,1
3768,26,1
3768,28,1
3768,25,1
3768,48,1
3769,106,1
3769,32,1
3769,5,1
3769,51,1
3769,81,1
3769,32,1
3769,29,1
3770,74,1
3770,118,1
3770,30,1
3770,113,1
3770,6,1
3770,114,1
3770,28,1
3771,26,1
3771,76,1
3771,25,1
3771,103,1
3771,51,1
3771,1,1
3771,26,1
3772,28,1
3772,29,1
3772,81,1
3772,25,1
3772,58,1
3772,17,1
3772,106,1
3773,76,1
3773,28,1
3773,115,1
3773,48,1
3773,35,1
3773,81,1
3773,32,1
3774,74,1
3774,94,1
3774,113,1
3774,106,1
3774,74,1
3774,29,1
3774,25,1
3775,113,1
3775,24,1
3775,26,1
3775,29,1
3775,5,1
3775,4,1
3775,32,1
3776,30,1
3776,25,1
3776,76,1
3776,25,1
3776,25,1
3776,27,1
3776,141,1
3777,27,1
3777,46,1
3777,24,1
3777,48,1
3777,26,1
3777,25,1
3777,86,1
3778,6,1
3778,51,1
3778,2,1
3778,24,1
3778,6,1
3778,26,1
3778,28,1
3779,74,1
3779,6,1
3779,32,1
3779,28,1
3779,25,1
3779,94,1
3779,1,1
3780,76,1
3780,32,1
3780,74,1
3780,28,1
3780,27,1
3780,24,1
3780,32,1
3781,106,1
3781,109,1
3781,81,1
3781,113,1
3781,48,1
3781,76,1
3781,119,1
3782,58,1
3782,106,1
3782,73,1
3782,52,1
3782,119,1
3782,24,1
3782,30,1
3783,58,1
3783,72,1
3783,106,1
3783,30,1
3783,28,1
3783,76,1
3783,25,1
3784,74,1
3784,145,1
3784,32,1
3784,29,1
3784,28,1
3784,29,1
3784,29,1
3785,25,1
3785,74,1
3785,25,1
3785,46,1
3785,32,1
3785,113,1
3785,28,1
3786,6,1
3786,102,1
3786,119,1
3786,74,1
3786,46,1
3786,11,1
3786,30,1
3787,119,1
3787,29,1
3787,24,1
3787,81,1
3787,25,1
3787,29,1
3787,30,1
3788,53,1
3788,30,1
3788,25,1
3788,113,1
3788,41,1
3788,27,1
3788,32,1
3788,113,1
3789,31,1
3789,1,1
3789,81,1
3789,111,1
3789,28,1
3789,25,1
3789,113,1
3790,5,1
3790,119,1
3790,75,1
3790,32,1
3790,6,1
3790,54,1
3790,32,1
3790,112,1
3791,92,1
3791,50,1
3791,81,1
3791,28,1
3791,26,1
3791,25,1
3791,30,1
3792,32,1
3792,6,1
3792,28,1
3792,119,1
3792,74,1
3792,29,1
3792,92,1
3793,106,1
3793,24,1
3793,76,1
3793,25,1
3793,23,1
3793,25,1
3793,113,1
3794,32,1
3794,25,1
3794,94,1
3794,29,1
3794,48,1
3794,145,1
3794,119,1
3795,8,1
3795,30,1
3795,55,1
3795,25,1
3795,32,1
3795,109,1
3795,28,1
3796,92,1
3796,25,1
3796,29,1
3796,32,1
3796,102,1
3796,81,1
3796,28,1
3797,32,1
3797,25,1
3797,32,1
3797,58,1
3797,25,1
3797,30,1
3797,32,1
3798,5,1
3798,113,1
3798,25,1
3798,29,1
3798,74,1
3798,51,1
3798,106,1
3799,46,1
3799,106,1
3799,28,1
3799,91,1
3799,115,1
3799,94,1
3799,46,1
3800,23,1
3800,24,1
3800,1,1
3800,26,1
3800,74,1
3800,28,1
3800,58,1
3801,32,1
3801,1,1
3801,24,1
3801,74,1
3801,29,1
3801,140,1
3801,6,1
3802,28,1
3802,74,1
3802,81,1
3802,26,1
3802,24,1
3802,25,1
3802,32,1
3803,30,1
3803,94,1
3803,25,1
3803,102,1
3803,26,1
3803,6,1
3803,25,1
3804,35,1
3804,81,1
3804,72,1
3804,23,1
3804,28,1
3804,26,1
3804,102,1
3805,24,1
3805,30,1
3805,78,1
3805,5,1
3805,30,1
3805,76,1
3805,28,1
3806,35,1
3806,25,1
3806,150,1
3806,28,1
3806,91,1
3806,26,1
3806,74,1
3807,25,1
3807,51,1
3807,25,1
3807,74,1
3807,76,1
3807,115,1
3807,32,1
3808,1,1
3808,140,1
3808,102,1
3808,25,1
3808,51,1
3808,28,1
3808,1,1
3809,28,1
3809,51,1
3809,91,1
3809,74,1
3809,113,1
3809,25,1
3809,102,1
3810,6,1
3810,28,1
3810,24,1
3810,29,1
3810,32,1
3810,28,1
3810,25,1
3811,74,1
3811,150,1
3811,51,1
3811,6,1
3811,76,1
3811,3,1
3811,6,1
3812,24,1
3812,28,1
3812,29,1
3812,6,1
3812,102,1
3812,25,1
3812,28,1
3813,112,1
3813,29,1
3813,81,1
3813,6,1
3813,26,1
3813,54,1
3813,29,1
3814,103,1
3814,102,1
3814,51,1
3814,28,1
3814,30,1
3814,25,1
3814,28,1
3815,26,1
3815,53,1
3815,25,1
3815,27,1
3815,29,1
3815,113,1
3815,113,1
3816,23,1
3816,25,1
3816,28,1
3816,24,1
3816,74,1
3816,32,1
3816,46,1
3817,76,1
3817,81,1
3817,140,1
3817,76,1
3817,28,1
3817,113,1
3817,75,1
3818,90,1
3818,28,1
3818,91,1
3818,26,1
3818,109,1
3818,54,1
3818,74,1
3819,54,1
3819,28,1
3819,6,1
3819,26,1
3819,76,1
3819,29,1
3819,23,1
3819,26,1
3820,102,1
3820,28,1
3820,32,1
3820,75,1
3820,76,1
3820,25,1
3820,58,1
3820,29,1
3820,113,1
3820,25,1
3820,6,1
3820,114,1
3820,106,1
3820,74,1
3820,29,1
3820,17,1
3820,150,1
3820,28,1
3820,25,1
3820,81,1
3820,51,1
3820,109,1
3820,28,1
3820,76,1
3820,30,1
3820,24,1
3820,6,1
3820,78,1
3820,32,1
3820,28,1
3820,81,1
3820,25,1
3820,29,1
3820,24,1
3820,74,1
3820,93,1
3820,46,1
3820,109,1
3820,30,1
3820,28,1
3820,58,1
3820,76,1
3820,30,1
3820,52,1
3820,123,1
3820,29,1
3820,32,1
3820,48,1
3820,103,1
3820,76,1
3820,102,1
3820,73,1
3820,115,1
3820,74,1
3821,145,1
3821,6,1
3821,119,1
3821,81,1
3821,58,1
3821,25,1
3821,74,1
3822,6,1
3822,106,1
3822,30,1
3822,24,1
3822,55,1
3822,33,1
3822,32,1
3823,87,1
3823,5,1
3823,30,1
3823,92,1
3823,29,1
3823,28,1
3823,74,1
3824,30,1
3824,26,1
3824,109,1
3824,8,1
3824,32,1
3824,74,1
3824,94,1
3825,106,1
3825,24,1
3825,6,1
3825,51,1
3825,81,1
3825,28,1
3825,32,1
3826,113,1
3826,138,1
3826,26,1
3826,114,1
3826,1,1
3826,74,1
3826,32,1
3827,28,1
3827,25,1
3827,94,1
3827,81,1
3827,28,1
3827,29,1
3827,87,1
3828,26,1
3828,74,1
3828,28,1
3828,106,1
3828,31,1
3828,32,1
3828,102,1
3829,52,1
3829,74,1
3829,30,1
3829,32,1
3829,1,1
3829,26,1
3829,24,1
3830,123,1
3830,32,1
3830,32,1
3830,24,1
3830,91,1
3830,30,1
3830,29,1
3831,25,1
3831,28,1
3831,24,1
3831,4,1
3831,28,1
3831,8,1
3831,30,1
3832,25,1
3832,81,1
3832,32,1
3832,74,1
3832,48,1
3832,33,1
3832,113,1
3833,6,1
3833,28,1
3833,51,1
3833,109,1
3833,74,1
3833,24,1
3833,48,1
3834,25,1
3834,26,1
3834,24,1
3834,30,1
3834,88,1
3834,76,1
3834,44,1
3835,48,1
3835,113,1
3835,30,1
3835,25,1
3835,28,1
3835,25,1
3835,28,1
3836,29,1
3836,113,1
3836,6,1
3836,91,1
3836,26,1
3836,28,1
3836,24,1
3837,25,1
3837,32,1
3837,29,1
3837,81,1
3837,28,1
3837,26,1
3837,119,1
3838,24,1
3838,30,1
3838,113,1
3838,76,1
3838,23,1
3838,138,1
3838,30,1
3839,54,1
3839,26,1
3839,25,1
3839,32,1
3839,29,1
3839,24,1
3839,74,1
3840,75,1
3840,1,1
3840,28,1
3840,92,1
3840,30,1
3840,81,1
3840,51,1
3841,119,1
3841,32,1
3841,25,1
3841,25,1
3841,26,1
3841,32,1
3841,29,1
3842,113,1
3842,28,1
3842,106,1
3842,6,1
3842,113,1
3842,32,1
3842,102,1
3843,51,1
3843,28,1
3843,78,1
3843,24,1
3843,74,1
3843,28,1
3843,78,1
3844,127,1
3844,30,1
3844,74,1
3844,76,1
3844,24,1
3844,150,1
3844,30,1
3845,25,1
3845,74,1
3845,51,1
3845,81,1
3845,119,1
3845,25,1
3845,74,1
3846,87,1
3846,1,1
3846,35,1
3846,25,1
3846,51,1
3846,24,1
3846,74,1
3847,25,1
3847,8,1
3847,35,1
3847,29,1
3847,32,1
3847,106,1
3847,29,1
3848,6,1
3848,28,1
3848,25,1
3848,24,1
3848,46,1
3848,30,1
3848,81,1
3849,118,1
3849,23,1
3849,25,1
3849,74,1
3849,46,1
3849,113,1
3849,29,1
3850,24,1
3850,6,1
3850,102,1
3850,28,1
3850,3,1
3850,46,1
3850,30,1
3851,25,1
3851,6,1
3851,35,1
3851,51,1
3851,4,1
3851,86,1
3851,81,1
3852,112,1
3852,25,1
3852,30,1
3852,74,1
3852,50,1
3852,6,1
3852,51,1
3853,25,1
3853,23,1
3853,29,1
3853,48,1
3853,78,1
3853,114,1
3853,28,1
3854,55,1
3854,113,1
3854,30,1
3854,25,1
3854,17,1
3854,72,1
3854,26,1
3855,28,1
3855,74,1
3855,113,1
3855,118,1
3855,5,1
3855,30,1
3855,88,1
3855,29,1
3856,92,1
3856,86,1
3856,28,1
3856,30,1
3856,29,1
3856,114,1
3856,6,1
3857,86,1
3857,28,1
3857,51,1
3857,24,1
3857,5,1
3857,76,1
3857,102,1
3858,28,1
3858,24,1
3858,51,1
3858,30,1
3858,25,1
3858,32,1
3858,23,1
3859,28,1
3859,88,1
3859,25,1
3859,46,1
3859,113,1
3859,24,1
3859,25,1
3860,94,1
3860,91,1
3860,30,1
3860,74,1
3860,5,1
3860,24,1
3860,109,1
3861,28,1
3861,25,1
3861,46,1
3861,81,1
3861,30,1
3861,5,1
3861,25,1
3862,109,1
3862,74,1
3862,30,1
3862,25,1
3862,28,1
3862,81,1
3862,25,1
3863,88,1
3863,74,1
3863,24,1
3863,28,1
3863,8,1
3863,12,1
3863,109,1
3864,28,1
3864,26,1
3864,81,1
3864,24,1
3864,74,1
3864,32,1
3864,6,1
3865,46,1
3865,102,1
3865,32,1
3865,150,1
3865,102,1
3865,28,1
3865,1,1
3866,24,1
3866,46,1
3866,25,1
3866,30,1
3866,25,1
3866,74,1
3866,28,1
3867,32,1
3867,29,1
3867,51,1
3867,72,1
3867,109,1
3867,28,1
3867,103,1
3868,32,1
3868,74,1
3868,5,1
3868,51,1
3868,109,1
3868,4,1
3868,29,1
3869,74,1
3869,113,1
3869,6,1
3869,25,1
3869,51,1
3869,88,1
3869,111,1
3870,32,1
3870,29,1
3870,73,1
3870,29,1
3870,114,1
3870,26,1
3870,88,1
3871,28,1
3871,29,1
3871,15,1
3871,51,1
3871,28,1
3871,76,1
3871,24,1
3872,29,1
3872,32,1
3872,6,1
3872,24,1
3872,26,1
3872,28,1
3872,29,1
3873,81,1
3873,32,1
3873,106,1
3873,81,1
3873,74,1
3873,48,1
3873,113,1
3874,24,1
3874,138,1
3874,81,1
3874,30,1
3874,75,1
3874,25,1
3874,29,1
3874,93,1
3874,51,1
3874,51,1
3874,119,1
3875,29,1
3875,30,1
3875,25,1
3875,32,1
3875,30,1
3875,81,1
3875,24,1
3876,26,1
3876,30,1
3876,32,1
3876,51,1
3876,29,1
3876,93,1
3876,55,1
3877,31,1
3877,44,1
3877,29,1
3877,51,1
3877,109,1
3877,81,1
3877,28,1
3878,29,1
3878,74,1
3878,25,1
3878,25,1
3878,28,1
3878,30,1
3878,25,1
3879,26,1
3879,35,1
3879,28,1
3879,53,1
3879,119,1
3879,74,1
3879,81,1
3880,145,1
3880,109,1
3880,28,1
3880,32,1
3880,30,1
3880,51,1
3880,52,1
3881,30,1
3881,28,1
3881,74,1
3881,24,1
3881,114,1
3881,141,1
3881,73,1
3882,109,1
3882,25,1
3882,30,1
3882,29,1
3882,48,1
3882,74,1
3882,6,1
3883,24,1
3883,51,1
3883,28,1
3883,29,1
3883,30,1
3883,81,1
3883,25,1
3884,30,1
3884,94,1
3884,141,1
3884,23,1
3884,28,1
3884,29,1
3884,74,1
3885,81,1
3885,24,1
3885,141,1
3885,51,1
3885,53,1
3885,30,1
3885,48,1
3886,32,1
3886,28,1
3886,145,1
3886,28,1
3886,6,1
3886,25,1
3886,92,1
3887,1,1
3887,28,1
3887,25,1
3887,48,1
3887,28,1
3887,30,1
3887,27,1
3888,46,1
3888,48,1
3888,29,1
3888,150,1
3888,28,1
3888,109,1
3888,51,1
3889,30,1
3889,32,1
3889,30,1
3889,78,1
3889,46,1
3889,25,1
3889,55,1
3890,32,1
3890,103,1
3890,113,1
3890,11,1
3890,28,1
3890,106,1
3890,81,1
3891,25,1
3891,15,1
3891,24,1
3891,32,1
3891,113,1
3891,25,1
3891,32,1
3892,29,1
3892,76,1
3892,32,1
3892,28,1
3892,30,1
3892,25,1
3892,48,1
3893,74,1
3893,23,1
3893,30,1
3893,32,1
3893,46,1
3893,28,1
3893,25,1
3894,25,1
3894,47,1
3894,30,1
3894,25,1
3894,25,1
3894,48,1
3894,35,1
3894,28,1
3895,8,1
3895,27,1
3895,25,1
3895,74,1
3895,58,1
3895,6,1
3895,1,1
3895,24,1
3896,25,1
3896,30,1
3896,29,1
3896,32,1
3896,28,1
3896,78,1
3896,29,1
3897,58,1
3897,76,1
3897,24,1
3897,115,1
3897,29,1
3897,25,1
3897,113,1
3898,1,1
3898,24,1
3898,28,1
3898,32,1
3898,25,1
3898,103,1
3898,91,1
3899,26,1
3899,24,1
3899,32,1
3899,94,1
3899,106,1
3899,25,1
3899,150,1
3900,25,1
3900,30,1
3900,86,1
3900,1,1
3900,25,1
3900,32,1
3900,30,1
3901,4,1
3901,93,1
3901,94,1
3901,63,1
3901,24,1
3901,29,1
3901,25,1
3902,30,1
3902,76,1
3902,26,1
3902,81,1
3902,32,1
3902,5,1
3902,150,1
3903,53,1
3903,119,1
3903,46,1
3903,29,1
3903,25,1
3903,32,1
3903,24,1
3904,23,1
3904,28,1
3904,29,1
3904,32,1
3904,27,1
3904,28,1
3904,109,1
3905,30,1
3905,76,1
3905,5,1
3905,30,1
3905,25,1
3905,29,1
3905,32,1
3906,6,1
3906,25,1
3906,26,1
3906,32,1
3906,24,1
3906,33,1
3906,81,1
3906,30,1
3907,32,1
3907,74,1
3907,29,1
3907,76,1
3907,6,1
3907,74,1
3907,32,1
3908,29,1
3908,29,1
3908,32,1
3908,81,1
3908,78,1
3908,28,1
3908,76,1
3909,48,1
3909,1,1
3909,26,1
3909,76,1
3909,12,1
3909,32,1
3909,28,1
3910,24,1
3910,28,1
3910,81,1
3910,30,1
3910,32,1
3910,92,1
3910,29,1
3911,74,1
3911,48,1
3911,5,1
3911,4,1
3911,76,1
3911,24,1
3911,23,1
3912,51,1
3912,115,1
3912,81,1
3912,109,1
3912,24,1
3912,32,1
3912,145,1
3913,74,1
3913,103,1
3913,30,1
3913,1,1
3913,26,1
3913,28,1
3913,29,1
3914,32,1
3914,23,1
3914,24,1
3914,35,1
3914,26,1
3914,28,1
3914,29,1
3914,76,1
3914,145,1
3914,114,1
3914,6,1
3914,25,1
3915,76,1
3915,32,1
3915,75,1
3915,74,1
3915,6,1
3915,23,1
3915,51,1
3916,25,1
3916,138,1
3916,29,1
3916,111,1
3916,32,1
3916,24,1
3916,30,1
3917,93,1
3917,30,1
3917,24,1
3917,81,1
3917,110,1
3917,1,1
3917,35,1
3918,83,1
3918,98,1
3918,38,1
3918,6,1
3918,43,1
3918,37,1
3918,6,1
3919,47,1
3919,6,1
3919,128,1
3919,117,1
3919,17,1
3919,51,1
3919,102,1
3920,32,1
3920,32,1
3920,28,1
3920,29,1
3920,5,1
3920,24,1
3920,46,1
3921,32,1
3921,30,1
3921,113,1
3921,81,1
3921,23,1
3921,28,1
3921,24,1
3922,25,1
3922,30,1
3922,48,1
3922,32,1
3922,29,1
3922,74,1
3922,58,1
3923,93,1
3923,27,1
3923,113,1
3923,76,1
3923,25,1
3923,51,1
3923,109,1
3924,81,1
3924,55,1
3924,6,1
3924,26,1
3924,119,1
3924,28,1
3924,30,1
3924,74,1
3925,94,1
3925,29,1
3925,30,1
3925,73,1
3925,25,1
3925,26,1
3925,30,1
3926,113,1
3926,24,1
3926,91,1
3926,25,1
3926,25,1
3926,27,1
3926,48,1
3927,23,1
3927,76,1
3927,32,1
3927,28,1
3927,91,1
3927,109,1
3927,46,1
3928,32,1
3928,6,1
3928,32,1
3928,30,1
3928,29,1
3928,4,1
3928,150,1
3929,25,1
3929,30,1
3929,145,1
3929,26,1
3929,32,1
3929,24,1
3929,102,1
3930,8,1
3930,24,1
3930,28,1
3930,32,1
3930,81,1
3930,24,1
3930,32,1
3931,30,1
3931,74,1
3931,76,1
3931,32,1
3931,31,1
3931,1,1
3931,150,1
3932,109,1
3932,29,1
3932,81,1
3932,74,1
3932,27,1
3932,29,1
3932,48,1
3933,29,1
3933,106,1
3933,113,1
3933,28,1
3933,119,1
3933,87,1
3933,6,1
3934,51,1
3934,24,1
3934,25,1
3934,92,1
3934,48,1
3934,30,1
3934,28,1
3935,55,1
3935,1,1
3935,38,1
3935,40,1
3935,32,1
3935,79,1
3935,37,1
3936,105,1
3936,67,1
3936,148,1
3936,46,1
3936,6,1
3936,89,1
3936,80,1
3937,25,1
3937,76,1
3937,3,1
3937,81,1
3937,32,1
3937,30,1
3937,75,1
3937,28,1
3938,6,1
3938,74,1
3938,24,1
3938,94,1
3938,25,1
3938,25,1
3938,53,1
3939,78,1
3939,25,1
3939,28,1
3939,25,1
3939,29,1
3939,113,1
3939,25,1
3940,69,1
3940,51,1
3940,27,1
3940,119,1
3940,25,1
3940,30,1
3940,32,1
3941,24,1
3941,93,1
3941,58,1
3941,75,1
3941,24,1
3941,109,1
3941,28,1
3942,92,1
3942,74,1
3942,30,1
3942,93,1
3942,102,1
3942,51,1
3942,35,1
3943,5,1
3943,28,1
3943,30,1
3943,29,1
3943,119,1
3943,32,1
3943,6,1
3944,87,1
3944,26,1
3944,24,1
3944,28,1
3944,25,1
3944,93,1
3944,32,1
3945,30,1
3945,6,1
3945,46,1
3945,28,1
3945,24,1
3945,113,1
3945,30,1
3946,24,1
3946,30,1
3946,32,1
3946,119,1
3946,28,1
3946,113,1
3946,29,1
3947,25,1
3947,24,1
3947,30,1
3947,113,1
3947,24,1
3947,51,1
3947,27,1
3947,28,1
3948,29,1
3948,32,1
3948,30,1
3948,46,1
3948,23,1
3948,27,1
3948,94,1
3949,51,1
3949,8,1
3949,48,1
3949,32,1
3949,113,1
3949,74,1
3949,102,1
3950,23,1
3950,28,1
3950,74,1
3950,113,1
3950,102,1
3950,136,1
3950,78,1
3951,30,1
3951,3,1
3951,28,1
3951,32,1
3951,25,1
3951,1,1
3951,87,1
3952,26,1
3952,109,1
3952,24,1
3952,94,1
3952,81,1
3952,30,1
3952,26,1
3953,32,1
3953,106,1
3953,25,1
3953,8,1
3953,113,1
3953,32,1
3953,74,1
3954,24,1
3954,29,1
3954,113,1
3954,30,1
3954,24,1
3954,32,1
3954,29,1
3955,94,1
3955,25,1
3955,32,1
3955,30,1
3955,1,1
3955,88,1
3955,74,1
3956,58,1
3956,93,1
3956,6,1
3956,29,1
3956,81,1
3956,113,1
3956,74,1
3957,92,1
3957,5,1
3957,28,1
3957,48,1
3957,145,1
3957,24,1
3957,78,1
3958,32,1
3958,8,1
3958,112,1
3958,25,1
3958,48,1
3958,86,1
3958,30,1
3959,25,1
3959,32,1
3959,28,1
3959,29,1
3959,74,1
3959,150,1
3959,53,1
3960,25,1
3960,76,1
3960,32,1
3960,109,1
3960,115,1
3960,81,1
3960,113,1
3961,113,1
3961,51,1
3961,28,1
3961,76,1
3961,29,1
3961,32,1
3961,30,1
3962,74,1
3962,48,1
3962,5,1
3962,6,1
3962,76,1
3962,6,1
3962,30,1
3963,32,1
3963,25,1
3963,29,1
3963,58,1
3963,103,1
3963,109,1
3963,51,1
3963,28,1
3964,81,1
3964,76,1
3964,29,1
3964,24,1
3964,87,1
3964,140,1
3964,81,1
3964,25,1
3965,26,1
3965,54,1
3965,28,1
3965,26,1
3965,30,1
3965,74,1
3965,28,1
3966,58,1
3966,29,1
3966,30,1
3966,46,1
3966,32,1
3966,28,1
3966,46,1
3967,25,1
3967,32,1
3967,30,1
3967,113,1
3967,4,1
3967,26,1
3967,29,1
3968,32,1
3968,1,1
3968,87,1
3968,35,1
3968,81,1
3968,30,1
3968,25,1
3969,76,1
3969,91,1
3969,46,1
3969,28,1
3969,5,1
3969,58,1
3969,28,1
3970,26,1
3970,30,1
3970,25,1
3970,76,1
3970,29,1
3970,5,1
3970,28,1
3971,29,1
3971,11,1
3971,25,1
3971,94,1
3971,51,1
3971,81,1
3971,119,1
3972,25,1
3972,32,1
3972,74,1
3972,29,1
3972,114,1
3972,25,1
3972,51,1
3973,30,1
3973,29,1
3973,30,1
3973,26,1
3973,28,1
3973,74,1
3973,32,1
3974,6,1
3974,81,1
3974,26,1
3974,25,1
3974,24,1
3974,30,1
3974,51,1
3975,29,1
3975,119,1
3975,28,1
3975,25,1
3975,26,1
3975,24,1
3975,51,1
3976,106,1
3976,28,1
3976,58,1
3976,32,1
3976,30,1
3976,25,1
3976,32,1
3977,26,1
3977,35,1
3977,81,1
3977,74,1
3977,25,1
3977,74,1
3977,28,1
3978,119,1
3978,48,1
3978,25,1
3978,51,1
3978,25,1
3978,24,1
3978,11,1
3979,94,1
3979,25,1
3979,32,1
3979,32,1
3979,106,1
3979,32,1
3979,6,1
3980,25,1
3980,35,1
3980,28,1
3980,52,1
3980,112,1
3980,30,1
3980,29,1
3981,58,1
3981,27,1
3981,31,1
3981,32,1
3981,113,1
3981,24,1
3981,52,1
3982,46,1
3982,25,1
3982,81,1
3982,32,1
3982,30,1
3982,29,1
3982,51,1
3983,106,1
3983,119,1
3983,74,1
3983,51,1
3983,27,1
3983,74,1
3983,32,1
3984,29,1
3984,29,1
3984,27,1
3984,74,1
3984,76,1
3984,103,1
3984,48,1
3985,81,1
3985,28,1
3985,106,1
3985,29,1
3985,6,1
3985,28,1
3985,26,1
3986,29,1
3986,91,1
3986,114,1
3986,109,1
3986,28,1
3986,94,1
3986,1,1
3986,102,1
3987,28,1
3987,81,1
3987,26,1
3987,24,1
3987,30,1
3987,48,1
3987,6,1
3988,28,1
3988,24,1
3988,115,1
3988,30,1
3988,32,1
3988,29,1
3988,27,1
3989,26,1
3989,5,1
3989,30,1
3989,145,1
3989,32,1
3989,5,1
3989,25,1
3990,81,1
3990,31,1
3990,32,1
3990,29,1
3990,145,1
3990,141,1
3990,31,1
3991,29,1
3991,113,1
3991,1,1
3991,102,1
3991,28,1
3991,88,1
3991,26,1
3992,3,1
3992,2,1
3992,26,1
3992,8,1
3992,30,1
3992,29,1
3992,32,1
3993,28,1
3993,31,1
3993,73,1
3993,54,1
3993,29,1
3993,25,1
3993,30,1
3994,25,1
3994,46,1
3994,28,1
3994,136,1
3994,81,1
3994,32,1
3994,6,1
3994,25,1
3994,28,1
3995,25,1
3995,52,1
3995,28,1
3995,30,1
3995,74,1
3995,25,1
3995,25,1
3996,1,1
3996,24,1
3996,28,1
3996,92,1
3996,111,1
3996,30,1
3996,81,1
3996,25,1
3996,90,1
3996,25,1
3996,32,1
3996,92,1
3996,28,1
3996,74,1
3997,48,1
3997,29,1
3997,51,1
3997,113,1
3997,81,1
3997,5,1
3997,30,1
3998,27,1
3998,81,1
3998,74,1
3998,1,1
3998,63,1
3998,25,1
3998,32,1
3999,75,1
3999,5,1
3999,25,1
3999,26,1
3999,29,1
3999,32,1
3999,28,1
4000,6,1
4000,28,1
4000,74,1
4000,25,1
4000,30,1
4000,1,1
4000,46,1
4001,76,1
4001,81,1
4001,30,1
4001,30,1
4001,81,1
4001,76,1
4001,6,1
4002,51,1
4002,109,1
4002,32,1
4002,94,1
4002,76,1
4002,76,1
4002,30,1
4003,8,1
4003,27,1
4003,78,1
4003,113,1
4003,81,1
4003,30,1
4003,5,1
4004,46,1
4004,30,1
4004,29,1
4004,24,1
4004,55,1
4004,32,1
4004,76,1
4005,81,1
4005,86,1
4005,102,1
4005,51,1
4005,25,1
4005,28,1
4005,32,1
4006,24,1
4006,106,1
4006,6,1
4006,28,1
4006,29,1
4006,4,1
4006,76,1
4007,6,1
4007,73,1
4007,106,1
4007,30,1
4007,24,1
4007,25,1
4007,75,1
4008,28,1
4008,6,1
4008,25,1
4008,48,1
4008,74,1
4008,25,1
4008,24,1
4009,114,1
4009,76,1
4009,25,1
4009,108,1
4009,81,1
4009,47,1
4009,73,1
4009,113,1
4009,25,1
4009,32,1
4009,30,1
4010,25,1
4010,30,1
4010,119,1
4010,26,1
4010,32,1
4010,114,1
4010,6,1
4011,28,1
4011,51,1
4011,30,1
4011,113,1
4011,24,1
4011,32,1
4011,28,1
4012,27,1
4012,25,1
4012,32,1
4012,24,1
4012,74,1
4012,32,1
4012,30,1
4013,25,1
4013,1,1
4013,50,1
4013,26,1
4013,28,1
4013,25,1
4013,76,1
4014,92,1
4014,28,1
4014,29,1
4014,29,1
4014,31,1
4014,81,1
4014,26,1
4015,32,1
4015,30,1
4015,74,1
4015,6,1
4015,24,1
4015,26,1
4015,78,1
4016,115,1
4016,32,1
4016,30,1
4016,24,1
4016,25,1
4016,32,1
4016,102,1
4017,109,1
4017,26,1
4017,30,1
4017,74,1
4017,25,1
4017,24,1
4017,58,1
4018,141,1
4018,23,1
4018,25,1
4018,28,1
4018,24,1
4018,141,1
4018,23,1
4019,24,1
4019,30,1
4019,81,1
4019,58,1
4019,32,1
4019,23,1
4019,51,1
4020,30,1
4020,28,1
4020,24,1
4020,25,1
4020,94,1
4020,26,1
4020,27,1
4021,30,1
4021,25,1
4021,23,1
4021,26,1
4021,25,1
4021,78,1
4021,106,1
4022,23,1
4022,32,1
4022,25,1
4022,30,1
4022,23,1
4022,6,1
4022,51,1
4022,27,1
4022,32,1
4022,113,1
4022,73,1
4023,27,1
4023,1,1
4023,76,1
4023,74,1
4023,94,1
4023,54,1
4023,24,1
4024,113,1
4024,28,1
4024,92,1
4024,76,1
4024,113,1
4024,87,1
4024,6,1
4025,24,1
4025,4,1
4025,32,1
4025,6,1
4025,73,1
4025,119,1
4025,29,1
4026,5,1
4026,26,1
4026,55,1
4026,29,1
4026,32,1
4026,140,1
4026,23,1
4027,26,1
4027,28,1
4027,25,1
4027,30,1
4027,26,1
4027,30,1
4027,28,1
4028,74,1
4028,75,1
4028,114,1
4028,118,1
4028,102,1
4028,140,1
4028,145,1
4029,81,1
4029,31,1
4029,6,1
4029,51,1
4029,76,1
4029,25,1
4029,46,1
4029,32,1
4030,28,1
4030,30,1
4030,81,1
4030,115,1
4030,32,1
4030,25,1
4030,29,1
4031,6,1
4031,25,1
4031,113,1
4031,30,1
4031,29,1
4031,6,1
4031,28,1
4032,51,1
4032,35,1
4032,94,1
4032,6,1
4032,27,1
4032,48,1
4032,113,1
4033,29,1
4033,5,1
4033,32,1
4033,25,1
4033,48,1
4033,1,1
4033,145,1
4034,8,1
4034,32,1
4034,6,1
4034,140,1
4034,102,1
4034,28,1
4034,74,1
4035,25,1
4035,32,1
4035,28,1
4035,27,1
4035,26,1
4035,25,1
4035,81,1
4036,29,1
4036,24,1
4036,23,1
4036,28,1
4036,24,1
4036,52,1
4036,28,1
4037,74,1
4037,31,1
4037,29,1
4037,93,1
4037,5,1
4037,76,1
4037,32,1
4038,81,1
4038,115,1
4038,5,1
4038,76,1
4038,73,1
4038,24,1
4038,46,1
4039,28,1
4039,48,1
4039,113,1
4039,32,1
4039,1,1
4039,28,1
4039,51,1
4040,76,1
4040,81,1
4040,30,1
4040,28,1
4040,81,1
4040,29,1
4040,150,1
4041,30,1
4041,113,1
4041,113,1
4041,51,1
4041,76,1
4041,32,1
4041,24,1
4042,30,1
4042,25,1
4042,6,1
4042,92,1
4042,32,1
4042,30,1
4042,113,1
4042,2,1
4043,51,1
4043,28,1
4043,5,1
4043,30,1
4043,29,1
4043,32,1
4043,1,1
4044,51,1
4044,28,1
4044,81,1
4044,74,1
4044,113,1
4044,74,1
4044,6,1
4045,87,1
4045,106,1
4045,74,1
4045,94,1
4045,24,1
4045,46,1
4045,30,1
4045,32,1
4046,25,1
4046,32,1
4046,26,1
4046,28,1
4046,103,1
4046,30,1
4046,140,1
4047,73,1
4047,53,1
4047,32,1
4047,28,1
4047,6,1
4047,24,1
4047,27,1
4047,32,1
4048,76,1
4048,25,1
4048,28,1
4048,29,1
4048,91,1
4048,26,1
4048,27,1
4049,32,1
4049,25,1
4049,76,1
4049,102,1
4049,6,1
4049,136,1
4049,28,1
4050,25,1
4050,24,1
4050,11,1
4050,30,1
4050,74,1
4050,51,1
4050,74,1
4051,94,1
4051,87,1
4051,8,1
4051,30,1
4051,28,1
4051,29,1
4051,6,1
4051,30,1
4052,32,1
4052,25,1
4052,28,1
4052,25,1
4052,30,1
4052,24,1
4052,28,1
4053,30,1
4053,81,1
4053,29,1
4053,32,1
4053,25,1
4053,24,1
4053,58,1
4054,46,1
4054,25,1
4054,6,1
4054,113,1
4054,24,1
4054,32,1
4054,63,1
4055,27,1
4055,26,1
4055,28,1
4055,29,1
4055,81,1
4055,118,1
4055,81,1
4056,88,1
4056,29,1
4056,28,1
4056,32,1
4056,106,1
4056,74,1
4056,30,1
4057,25,1
4057,28,1
4057,23,1
4057,25,1
4057,51,1
4057,76,1
4057,24,1
4058,32,1
4058,26,1
4058,25,1
4058,6,1
4058,32,1
4058,30,1
4058,106,1
4059,76,1
4059,81,1
4059,30,1
4059,27,1
4059,29,1
4059,25,1
4059,24,1
4060,52,1
4060,26,1
4060,29,1
4060,32,1
4060,25,1
4060,32,1
4060,29,1
4061,113,1
4061,114,1
4061,78,1
4061,76,1
4061,26,1
4061,28,1
4061,78,1
4062,81,1
4062,76,1
4062,28,1
4062,48,1
4062,32,1
4062,23,1
4062,25,1
4063,46,1
4063,28,1
4063,29,1
4063,118,1
4063,35,1
4063,6,1
4063,25,1
4063,106,1
4064,76,1
4064,1,1
4064,25,1
4064,28,1
4064,81,1
4064,46,1
4064,51,1
4064,29,1
4064,63,1
4064,51,1
4064,25,1
4064,24,1
4064,30,1
4064,1,1
4064,26,1
4064,76,1
4064,30,1
4064,25,1
4064,86,1
4064,28,1
4064,26,1
4064,25,1
4064,24,1
4064,81,1
4064,74,1
4064,29,1
4064,1,1
4064,29,1
4064,25,1
4064,74,1
4064,32,1
4064,25,1
4064,46,1
4064,28,1
4064,119,1
4064,24,1
4064,81,1
4064,113,1
4064,118,1
4064,6,1
4064,109,1
4064,30,1
4064,103,1
4064,74,1
4064,28,1
4064,6,1
4064,35,1
4064,28,1
4064,3,1
4064,32,1
4064,63,1
4064,109,1
4064,25,1
4064,102,1
4064,46,1
4064,32,1
4064,30,1
4065,17,1
4065,90,1
4065,78,1
4065,50,1
4065,26,1
4065,28,1
4065,81,1
4065,35,1
4065,76,1
4065,5,1
4065,113,1
4066,24,1
4066,51,1
4066,76,1
4066,1,1
4066,26,1
4066,28,1
4066,29,1
4067,30,1
4067,6,1
4067,28,1
4067,25,1
4067,28,1
4067,76,1
4067,74,1
4068,88,1
4068,30,1
4068,145,1
4068,1,1
4068,91,1
4068,51,1
4068,25,1
4068,113,1
4069,30,1
4069,1,1
4069,25,1
4069,28,1
4069,26,1
4069,29,1
4069,75,1
4070,1,1
4070,28,1
4070,35,1
4070,5,1
4070,30,1
4070,51,1
4070,32,1
4071,63,1
4071,1,1
4071,51,1
4071,109,1
4071,27,1
4071,28,1
4071,1,1
4071,106,1
4072,25,1
4072,115,1
4072,58,1
4072,81,1
4072,33,1
4072,78,1
4072,28,1
4072,115,1
4072,32,1
4073,74,1
4073,72,1
4073,28,1
4073,6,1
4073,51,1
4073,88,1
4073,88,1
4074,123,1
4074,24,1
4074,25,1
4074,26,1
4074,102,1
4074,5,1
4074,51,1
4075,30,1
4075,74,1
4075,32,1
4075,28,1
4075,74,1
4075,113,1
4075,6,1
4075,26,1
4075,25,1
4075,29,1
4075,28,1
4075,94,1
4075,29,1
4076,30,1
4076,29,1
4076,113,1
4076,6,1
4076,24,1
4076,74,1
4076,88,1
4077,48,1
4077,1,1
4077,26,1
4077,28,1
4077,30,1
4077,81,1
4077,75,1
4078,31,1
4078,91,1
4078,27,1
4078,29,1
4078,30,1
4078,5,1
4078,76,1
4079,1,1
4079,28,1
4079,76,1
4079,29,1
4079,30,1
4079,74,1
4079,87,1
4080,51,1
4080,53,1
4080,27,1
4080,29,1
4080,30,1
4080,24,1
4080,94,1
4081,6,1
4081,54,1
4081,28,1
4081,115,1
4081,11,1
4081,76,1
4081,46,1
4082,29,1
4082,81,1
4082,46,1
4082,32,1
4082,51,1
4082,29,1
4082,30,1
4083,7,1
4083,24,1
4083,25,1
4083,32,1
4083,2,1
4083,73,1
4083,106,1
4084,25,1
4084,3,1
4084,6,1
4084,150,1
4084,26,1
4084,30,1
4084,150,1
4085,23,1
4085,29,1
4085,24,1
4085,81,1
4085,26,1
4085,76,1
4085,3,1
4086,30,1
4086,87,1
4086,24,1
4086,27,1
4086,29,1
4086,32,1
4086,25,1
4086,48,1
4086,30,1
4086,74,1
4087,87,1
4087,103,1
4087,119,1
4087,27,1
4087,6,1
4087,25,1
4087,113,1
4088,30,1
4088,30,1
4088,53,1
4088,76,1
4088,113,1
4088,28,1
4088,32,1
4089,113,1
4089,150,1
4089,113,1
4089,113,1
4089,1,1
4089,102,1
4089,87,1
4090,51,1
4090,74,1
4090,25,1
4090,24,1
4090,106,1
4090,25,1
4090,31,1
4091,51,1
4091,91,1
4091,30,1
4091,32,1
4091,25,1
4091,29,1
4091,51,1
4091,81,1
4091,32,1
4091,55,1
4092,1,1
4092,25,1
4092,26,1
4092,28,1
4092,30,1
4092,48,1
4092,5,1
4093,32,1
4093,76,1
4093,31,1
4093,29,1
4093,24,1
4093,28,1
4093,31,1
4094,30,1
4094,58,1
4094,6,1
4094,145,1
4094,25,1
4094,30,1
4094,51,1
4095,74,1
4095,29,1
4095,58,1
4095,90,1
4095,27,1
4095,32,1
4095,48,1
4096,113,1
4096,32,1
4096,140,1
4096,87,1
4096,91,1
4096,46,1
4096,113,1
4097,28,1
4097,78,1
4097,91,1
4097,26,1
4097,76,1
4097,32,1
4097,74,1
4098,30,1
4098,26,1
4098,25,1
4098,24,1
4098,6,1
4098,78,1
4098,51,1
4099,28,1
4099,24,1
4099,29,1
4099,25,1
4099,75,1
4099,102,1
4099,6,1
4100,28,1
4100,119,1
4100,25,1
4100,46,1
4100,29,1
4100,25,1
4100,106,1
4101,28,1
4101,52,1
4101,30,1
4101,24,1
4101,74,1
4101,1,1
4101,25,1
4102,28,1
4102,24,1
4102,140,1
4102,6,1
4102,102,1
4102,46,1
4102,74,1
4103,29,1
4103,74,1
4103,76,1
4103,119,1
4103,25,1
4103,29,1
4103,6,1
4104,28,1
4104,74,1
4104,46,1
4104,55,1
4104,6,1
4104,1,1
4104,25,1
4105,29,1
4105,32,1
4105,30,1
4105,78,1
4105,25,1
4105,32,1
4105,140,1
4106,74,1
4106,32,1
4106,113,1
4106,6,1
4106,27,1
4106,76,1
4106,1,1
4107,87,1
4107,51,1
4107,30,1
4107,24,1
4107,29,1
4107,51,1
4107,6,1
4108,25,1
4108,30,1
4108,32,1
4108,1,1
4108,28,1
4108,24,1
4108,25,1
4109,29,1
4109,51,1
4109,24,1
4109,28,1
4109,114,1
4109,1,1
4109,3,1
4110,75,1
4110,32,1
4110,28,1
4110,5,1
4110,30,1
4110,48,1
4110,81,1
4111,113,1
4111,76,1
4111,25,1
4111,29,1
4111,6,1
4111,115,1
4111,24,1
4112,1,1
4112,5,1
4112,46,1
4112,24,1
4112,74,1
4112,32,1
4112,113,1
4113,113,1
4113,102,1
4113,26,1
4113,74,1
4113,35,1
4113,114,1
4113,113,1
4114,26,1
4114,1,1
4114,74,1
4114,28,1
4114,30,1
4114,75,1
4114,113,1
4115,91,1
4115,28,1
4115,81,1
4115,17,1
4115,46,1
4115,32,1
4115,145,1
4116,30,1
4116,29,1
4116,102,1
4116,6,1
4116,35,1
4116,51,1
4116,25,1
4117,25,1
4117,32,1
4117,28,1
4117,30,1
4117,51,1
4117,113,1
4117,28,1
4118,30,1
4118,88,1
4118,28,1
4118,32,1
4118,28,1
4118,51,1
4118,54,1
4119,78,1
4119,31,1
4119,118,1
4119,24,1
4119,6,1
4119,74,1
4119,25,1
4120,28,1
4120,32,1
4120,51,1
4120,81,1
4120,81,1
4120,25,1
4120,46,1
4121,74,1
4121,109,1
4121,74,1
4121,24,1
4121,32,1
4121,81,1
4121,113,1
4122,78,1
4122,28,1
4122,113,1
4122,25,1
4122,106,1
4122,30,1
4122,25,1
4123,74,1
4123,24,1
4123,114,1
4123,23,1
4123,30,1
4123,24,1
4123,5,1
4124,32,1
4124,75,1
4124,119,1
4124,27,1
4124,32,1
4124,74,1
4124,1,1
4125,141,1
4125,28,1
4125,81,1
4125,6,1
4125,28,1
4125,30,1
4125,54,1
4126,81,1
4126,24,1
4126,111,1
4126,28,1
4126,27,1
4126,26,1
4126,48,1
4127,30,1
4127,27,1
4127,25,1
4127,78,1
4127,30,1
4127,101,1
4127,87,1
4128,24,1
4128,23,1
4128,74,1
4128,28,1
4128,32,1
4128,93,1
4128,30,1
4129,27,1
4129,140,1
4129,26,1
4129,102,1
4129,24,1
4129,28,1
4129,30,1
4130,29,1
4130,26,1
4130,30,1
4130,29,1
4130,24,1
4130,150,1
4130,28,1
4131,113,1
4131,102,1
4131,6,1
4131,26,1
4131,8,1
4131,25,1
4131,58,1
4132,32,1
4132,29,1
4132,28,1
4132,23,1
4132,25,1
4132,24,1
4132,31,1
4133,32,1
4133,103,1
4133,23,1
4133,28,1
4133,78,1
4133,112,1
4133,74,1
4134,29,1
4134,92,1
4134,6,1
4134,76,1
4134,28,1
4134,8,1
4134,32,1
4135,25,1
4135,48,1
4135,29,1
4135,6,1
4135,35,1
4135,28,1
4135,46,1
4136,24,1
4136,30,1
4136,113,1
4136,28,1
4136,25,1
4136,76,1
4136,74,1
4137,30,1
4137,32,1
4137,26,1
4137,25,1
4137,29,1
4137,6,1
4137,5,1
4137,30,1
4137,32,1
4137,94,1
4138,106,1
4138,24,1
4138,28,1
4138,53,1
4138,32,1
4138,81,1
4138,6,1
4138,76,1
4139,26,1
4139,25,1
4139,32,1
4139,6,1
4139,24,1
4139,28,1
4139,26,1
4140,3,1
4140,76,1
4140,25,1
4140,125,1
4140,28,1
4140,35,1
4140,6,1
4141,127,1
4141,25,1
4141,30,1
4141,24,1
4141,109,1
4141,29,1
4141,6,1
4142,106,1
4142,81,1
4142,32,1
4142,87,1
4142,51,1
4142,53,1
4142,25,1
4143,30,1
4143,28,1
4143,24,1
4143,93,1
4143,2,1
4143,6,1
4143,92,1
4144,75,1
4144,86,1
4144,23,1
4144,106,1
4144,78,1
4144,28,1
4144,29,1
4145,32,1
4145,141,1
4145,25,1
4145,5,1
4145,52,1
4145,30,1
4145,58,1
4146,51,1
4146,32,1
4146,32,1
4146,28,1
4146,30,1
4146,145,1
4146,29,1
4146,74,1
4147,75,1
4147,29,1
4147,113,1
4147,51,1
4147,81,1
4147,25,1
4147,28,1
4147,76,1
4148,30,1
4148,48,1
4148,29,1
4148,24,1
4148,125,1
4148,6,1
4148,102,1
4149,51,1
4149,1,1
4149,106,1
4149,76,1
4149,30,1
4149,8,1
4149,26,1
4150,28,1
4150,74,1
4150,35,1
4150,113,1
4150,32,1
4150,29,1
4150,29,1
4151,48,1
4151,30,1
4151,58,1
4151,37,1
4151,66,1
4151,115,1
4151,32,1
4151,137,1
4152,146,1
4152,47,1
4152,79,1
4152,71,1
4152,80,1
4152,101,1
4152,30,1
4153,25,1
4153,25,1
4153,106,1
4153,53,1
4153,32,1
4153,145,1
4153,86,1
4154,6,1
4154,102,1
4154,28,1
4154,46,1
4154,25,1
4154,23,1
4154,28,1
4155,26,1
4155,3,1
4155,76,1
4155,31,1
4155,51,1
4155,32,1
4155,91,1
4155,28,1
4156,11,1
4156,48,1
4156,29,1
4156,32,1
4156,113,1
4156,26,1
4156,29,1
4156,30,1
4157,26,1
4157,28,1
4157,25,1
4157,32,1
4157,6,1
4157,26,1
4157,27,1
4157,32,1
4157,51,1
4157,102,1
4157,138,1
4158,30,1
4158,48,1
4158,32,1
4158,76,1
4158,29,1
4158,58,1
4158,113,1
4159,25,1
4159,109,1
4159,26,1
4159,113,1
4159,30,1
4159,32,1
4159,113,1
4160,6,1
4160,26,1
4160,76,1
4160,3,1
4160,32,1
4160,150,1
4160,52,1
4161,58,1
4161,29,1
4161,32,1
4161,32,1
4161,87,1
4161,114,1
4161,102,1
4162,24,1
4162,51,1
4162,8,1
4162,29,1
4162,30,1
4162,28,1
4162,74,1
4163,32,1
4163,48,1
4163,113,1
4163,81,1
4163,5,1
4163,30,1
4163,23,1
4164,25,1
4164,26,1
4164,88,1
4164,28,1
4164,74,1
4164,30,1
4164,141,1
4165,24,1
4165,28,1
4165,74,1
4165,113,1
4165,76,1
4165,48,1
4165,114,1
4165,5,1
4166,25,1
4166,46,1
4166,24,1
4166,29,1
4166,48,1
4166,55,1
4166,25,1
4167,114,1
4167,76,1
4167,32,1
4167,58,1
4167,6,1
4167,51,1
4167,76,1
4168,30,1
4168,28,1
4168,25,1
4168,63,1
4168,109,1
4168,25,1
4168,6,1
4169,106,1
4169,24,1
4169,32,1
4169,74,1
4169,29,1
4169,31,1
4169,51,1
4170,63,1
4170,102,1
4170,23,1
4170,28,1
4170,6,1
4170,30,1
4170,32,1
4171,29,1
4171,74,1
4171,25,1
4171,75,1
4171,58,1
4171,28,1
4171,72,1
4172,1,1
4172,28,1
4172,74,1
4172,25,1
4172,29,1
4172,24,1
4172,6,1
4173,32,1
4173,29,1
4173,74,1
4173,58,1
4173,103,1
4173,1,1
4173,102,1
4173,51,1
4174,119,1
4174,28,1
4174,8,1
4174,29,1
4174,26,1
4174,3,1
4174,25,1
4175,28,1
4175,109,1
4175,25,1
4175,24,1
4175,32,1
4175,30,1
4175,81,1
4176,3,1
4176,32,1
4176,46,1
4176,29,1
4176,25,1
4176,28,1
4176,6,1
4177,29,1
4177,74,1
4177,30,1
4177,11,1
4177,32,1
4177,26,1
4177,25,1
4177,32,1
4177,30,1
4178,113,1
4178,46,1
4178,29,1
4178,94,1
4178,87,1
4178,109,1
4178,92,1
4179,25,1
4179,78,1
4179,63,1
4179,6,1
4179,51,1
4179,76,1
4179,25,1
4180,23,1
4180,119,1
4180,30,1
4180,1,1
4180,25,1
4180,74,1
4180,32,1
4181,75,1
4181,28,1
4181,32,1
4181,91,1
4181,145,1
4181,25,1
4181,91,1
4182,25,1
4182,32,1
4182,28,1
4182,113,1
4182,46,1
4182,30,1
4182,28,1
4183,88,1
4183,25,1
4183,8,1
4183,24,1
4183,28,1
4183,81,1
4183,119,1
4184,30,1
4184,25,1
4184,5,1
4184,24,1
4184,46,1
4184,31,1
4184,88,1
4184,74,1
4184,119,1
4184,32,1
4184,29,1
4185,24,1
4185,25,1
4185,5,1
4185,28,1
4185,30,1
4185,32,1
4185,25,1
4186,81,1
4186,28,1
4186,29,1
4186,93,1
4186,12,1
4186,23,1
4186,25,1
4187,24,1
4187,55,1
4187,48,1
4187,5,1
4187,30,1
4187,32,1
4187,35,1
4187,50,1
4188,30,1
4188,24,1
4188,32,1
4188,29,1
4188,92,1
4188,30,1
4188,81,1
4189,28,1
4189,25,1
4189,29,1
4189,32,1
4189,74,1
4189,113,1
4189,118,1
4189,23,1
4189,74,1
4190,46,1
4190,5,1
4190,55,1
4190,28,1
4190,33,1
4190,91,1
4190,6,1
4191,30,1
4191,29,1
4191,75,1
4191,25,1
4191,74,1
4191,25,1
4191,78,1
4192,29,1
4192,113,1
4192,86,1
4192,53,1
4192,28,1
4192,113,1
4192,30,1
4193,52,1
4193,28,1
4193,27,1
4193,74,1
4193,92,1
4193,24,1
4193,93,1
4194,76,1
4194,32,1
4194,1,1
4194,25,1
4194,30,1
4194,32,1
4194,106,1
4195,23,1
4195,51,1
4195,28,1
4195,32,1
4195,35,1
4195,81,1
4195,6,1
4196,51,1
4196,28,1
4196,44,1
4196,31,1
4196,32,1
4196,76,1
4196,6,1
4197,28,1
4197,27,1
4197,26,1
4197,25,1
4197,32,1
4197,29,1
4197,81,1
4198,28,1
4198,8,1
4198,29,1
4198,28,1
4198,81,1
4198,24,1
4198,30,1
4199,32,1
4199,74,1
4199,87,1
4199,74,1
4199,90,1
4199,102,1
4199,32,1
4200,81,1
4200,28,1
4200,30,1
4200,6,1
4200,46,1
4200,75,1
4200,32,1
4201,94,1
4201,33,1
4201,27,1
4201,25,1
4201,113,1
4201,27,1
4201,81,1
4202,24,1
4202,29,1
4202,113,1
4202,48,1
4202,26,1
4202,78,1
4202,74,1
4203,51,1
4203,29,1
4203,76,1
4203,141,1
4203,46,1
4203,29,1
4203,74,1
4204,1,1
4204,28,1
4204,76,1
4204,46,1
4204,113,1
4204,53,1
4204,25,1
4205,28,1
4205,24,1
4205,113,1
4205,5,1
4205,6,1
4205,5,1
4205,48,1
4206,55,1
4206,25,1
4206,91,1
4206,94,1
4206,51,1
4206,73,1
4206,5,1
4207,28,1
4207,29,1
4207,94,1
4207,1,1
4207,32,1
4207,28,1
4207,74,1
4208,94,1
4208,32,1
4208,145,1
4208,74,1
4208,25,1
4208,25,1
4208,118,1
4209,1,1
4209,46,1
4209,29,1
4209,32,1
4209,48,1
4209,30,1
4209,29,1
4210,81,1
4210,32,1
4210,51,1
4210,24,1
4210,30,1
4210,113,1
4210,48,1
4211,102,1
4211,30,1
4211,27,1
4211,32,1
4211,25,1
4211,6,1
4211,28,1
4212,27,1
4212,51,1
4212,28,1
4212,29,1
4212,74,1
4212,27,1
4212,76,1
4213,25,1
4213,31,1
4213,46,1
4213,25,1
4213,30,1
4213,28,1
4213,46,1
4214,5,1
4214,24,1
4214,81,1
4214,23,1
4214,51,1
4214,76,1
4214,28,1
4214,113,1
4215,30,1
4215,28,1
4215,25,1
4215,32,1
4215,113,1
4215,28,1
4215,102,1
4216,106,1
4216,30,1
4216,29,1
4216,25,1
4216,8,1
4216,74,1
4216,24,1
4217,29,1
4217,106,1
4217,28,1
4217,29,1
4217,24,1
4217,6,1
4217,26,1
4218,27,1
4218,25,1
4218,32,1
4218,24,1
4218,29,1
4218,28,1
4218,27,1
4219,27,1
4219,25,1
4219,76,1
4219,6,1
4219,28,1
4219,24,1
4219,26,1
4220,29,1
4220,81,1
4220,26,1
4220,81,1
4220,28,1
4220,74,1
4220,29,1
4221,32,1
4221,27,1
4221,28,1
4221,76,1
4221,24,1
4221,29,1
4221,119,1
4222,24,1
4222,46,1
4222,32,1
4222,25,1
4222,75,1
4222,106,1
4222,106,1
4223,119,1
4223,30,1
4223,74,1
4223,28,1
4223,88,1
4223,30,1
4223,32,1
4224,5,1
4224,29,1
4224,30,1
4224,28,1
4224,119,1
4224,25,1
4224,113,1
4225,90,1
4225,6,1
4225,24,1
4225,1,1
4225,28,1
4225,30,1
4225,52,1
4226,78,1
4226,25,1
4226,76,1
4226,35,1
4226,8,1
4226,24,1
4226,29,1
4226,48,1
4226,32,1
4226,24,1
4226,94,1
4226,57,1
4226,37,1
4227,41,1
4227,96,1
4227,122,1
4227,59,1
4227,30,1
4227,30,1
4227,30,1
4227,104,1
4228,14,1
4228,133,1
4228,60,1
4228,38,1
4228,40,1
4228,79,1
4228,115,1
4229,98,1
4229,39,1
4229,68,1
4229,80,1
4229,81,1
4229,25,1
4229,25,1
4229,130,1
4229,27,1
4230,76,1
4230,113,1
4230,25,1
4230,74,1
4230,32,1
4230,50,1
4230,88,1
4231,32,1
4231,6,1
4231,26,1
4231,29,1
4231,92,1
4231,23,1
4231,106,1
4231,87,1
4231,29,1
4232,30,1
4232,5,1
4232,25,1
4232,113,1
4232,106,1
4232,78,1
4232,113,1
4233,94,1
4233,27,1
4233,25,1
4233,87,1
4233,81,1
4233,26,1
4233,27,1
4234,115,1
4234,25,1
4234,102,1
4234,23,1
4234,26,1
4234,28,1
4234,30,1
4235,24,1
4235,75,1
4235,29,1
4235,30,1
4235,127,1
4235,88,1
4235,74,1
4235,32,1
4235,94,1
4236,141,1
4236,106,1
4236,81,1
4236,27,1
4236,32,1
4236,25,1
4236,48,1
4237,25,1
4237,24,1
4237,23,1
4237,28,1
4237,29,1
4237,74,1
4237,32,1
4238,30,1
4238,29,1
4238,91,1
4238,114,1
4238,63,1
4238,28,1
4238,26,1
4239,30,1
4239,74,1
4239,5,1
4239,102,1
4239,87,1
4239,24,1
4239,30,1
4240,28,1
4240,29,1
4240,32,1
4240,32,1
4240,113,1
4240,76,1
4240,113,1
4241,51,1
4241,106,1
4241,25,1
4241,78,1
4241,81,1
4241,32,1
4241,26,1
4242,1,1
4242,103,1
4242,29,1
4242,30,1
4242,24,1
4242,24,1
4242,53,1
4243,26,1
4243,35,1
4243,26,1
4243,109,1
4243,88,1
4243,32,1
4243,81,1
4244,76,1
4244,4,1
4244,102,1
4244,106,1
4244,109,1
4244,81,1
4244,32,1
4245,75,1
4245,6,1
4245,136,1
4245,88,1
4245,46,1
4245,76,1
4245,25,1
4245,5,1
4246,32,1
4246,28,1
4246,26,1
4246,27,1
4246,32,1
4246,28,1
4246,25,1
4247,30,1
4247,74,1
4247,24,1
4247,102,1
4247,29,1
4247,74,1
4247,76,1
4248,5,1
4248,26,1
4248,28,1
4248,24,1
4248,32,1
4248,51,1
4248,28,1
4249,24,1
4249,5,1
4249,88,1
4249,25,1
4249,46,1
4249,29,1
4249,27,1
4250,32,1
4250,76,1
4250,1,1
4250,27,1
4250,32,1
4250,30,1
4250,93,1
4250,24,1
4251,25,1
4251,81,1
4251,6,1
4251,46,1
4251,28,1
4251,75,1
4251,46,1
4252,30,1
4252,8,1
4252,28,1
4252,74,1
4252,4,1
4252,102,1
4252,28,1
4253,92,1
4253,30,1
4253,31,1
4253,29,1
4253,30,1
4253,119,1
4253,74,1
4254,25,1
4254,94,1
4254,6,1
4254,46,1
4254,28,1
4254,27,1
4254,25,1
4255,29,1
4255,88,1
4255,30,1
4255,25,1
4255,5,1
4255,32,1
4255,51,1
4256,74,1
4256,30,1
4256,28,1
4256,24,1
4256,74,1
4256,32,1
4256,1,1
4257,25,1
4257,35,1
4257,4,1
4257,28,1
4257,24,1
4257,29,1
4257,30,1
4258,75,1
4258,6,1
4258,24,1
4258,92,1
4258,32,1
4258,29,1
4258,51,1
4259,94,1
4259,76,1
4259,28,1
4259,24,1
4259,81,1
4259,32,1
4259,30,1
4260,81,1
4260,28,1
4260,74,1
4260,25,1
4260,28,1
4260,25,1
4260,74,1
4261,14,1
4261,21,1
4261,5,1
4261,6,1
4261,1,1
4261,25,1
4261,28,1
4262,30,1
4262,29,1
4262,32,1
4262,38,1
4262,30,1
4262,102,1
4262,26,1
4263,24,1
4263,32,1
4263,51,1
4263,74,1
4263,6,1
4263,28,1
4263,25,1
4264,46,1
4264,74,1
4264,24,1
4264,30,1
4264,111,1
4264,74,1
4264,25,1
4264,32,1
4264,29,1
4264,106,1
4264,109,1
4264,24,1
4264,76,1
4264,32,1
4265,29,1
4265,25,1
4265,30,1
4265,6,1
4265,26,1
4265,30,1
4265,29,1
4266,5,1
4266,24,1
4266,32,1
4266,92,1
4266,78,1
4266,6,1
4266,76,1
4267,76,1
4267,74,1
4267,81,1
4267,28,1
4267,29,1
4267,106,1
4267,5,1
4268,30,1
4268,29,1
4268,103,1
4268,51,1
4268,23,1
4268,76,1
4268,118,1
4269,51,1
4269,123,1
4269,24,1
4269,30,1
4269,32,1
4269,35,1
4269,81,1
4270,32,1
4270,113,1
4270,5,1
4270,51,1
4270,52,1
4270,25,1
4270,24,1
4271,32,1
4271,30,1
4271,94,1
4271,46,1
4271,113,1
4271,29,1
4271,102,1
4272,24,1
4272,91,1
4272,26,1
4272,28,1
4272,81,1
4272,30,1
4272,74,1
4273,145,1
4273,26,1
4273,81,1
4273,24,1
4273,81,1
4273,74,1
4273,25,1
4274,73,1
4274,46,1
4274,25,1
4274,32,1
4274,32,1
4274,76,1
4274,25,1
4275,24,1
4275,63,1
4275,28,1
4275,46,1
4275,74,1
4275,30,1
4275,27,1
4276,39,1
4276,29,1
4276,24,1
4276,30,1
4276,88,1
4276,29,1
4276,74,1
4276,25,1
4276,113,1
4277,75,1
4277,24,1
4277,30,1
4277,29,1
4277,113,1
4277,25,1
4277,74,1
4278,32,1
4278,74,1
4278,25,1
4278,18,1
4278,25,1
4278,6,1
4278,25,1
4279,24,1
4279,112,1
4279,32,1
4279,6,1
4279,102,1
4279,51,1
4279,28,1
4280,119,1
4280,25,1
4280,32,1
4280,103,1
4280,32,1
4280,74,1
4280,48,1
4280,119,1
4280,30,1
4280,28,1
4280,76,1
4280,35,1
4280,5,1
4281,119,1
4281,30,1
4281,32,1
4281,29,1
4281,87,1
4281,25,1
4281,76,1
4282,29,1
4282,25,1
4282,58,1
4282,28,1
4282,30,1
4282,32,1
4282,29,1
4283,81,1
4283,28,1
4283,27,1
4283,29,1
4283,74,1
4283,25,1
4283,113,1
4284,29,1
4284,28,1
4284,8,1
4284,27,1
4284,46,1
4284,88,1
4284,76,1
4285,24,1
4285,25,1
4285,28,1
4285,5,1
4285,119,1
4285,29,1
4285,31,1
4286,24,1
4286,24,1
4286,58,1
4286,103,1
4286,4,1
4286,94,1
4286,81,1
4286,24,1
4287,25,1
4287,29,1
4287,32,1
4287,6,1
4287,102,1
4287,26,1
4287,32,1
4288,24,1
4288,30,1
4288,136,1
4288,26,1
4288,81,1
4288,74,1
4288,55,1
4289,28,1
4289,113,1
4289,78,1
4289,6,1
4289,87,1
4289,51,1
4289,29,1
4290,28,1
4290,24,1
4290,94,1
4290,73,1
4290,25,1
4290,30,1
4290,48,1
4291,33,1
4291,76,1
4291,91,1
4291,5,1
4291,28,1
4291,115,1
4291,30,1
4292,25,1
4292,55,1
4292,6,1
4292,24,1
4292,26,1
4292,28,1
4292,30,1
4293,29,1
4293,46,1
4293,119,1
4293,28,1
4293,24,1
4293,25,1
4293,48,1
4294,24,1
4294,53,1
4294,74,1
4294,32,1
4294,25,1
4294,28,1
4294,30,1
4295,29,1
4295,74,1
4295,30,1
4295,8,1
4295,24,1
4295,29,1
4295,58,1
4296,28,1
4296,48,1
4296,28,1
4296,32,1
4296,141,1
4296,29,1
4296,109,1
4297,81,1
4297,74,1
4297,32,1
4297,28,1
4297,29,1
4297,78,1
4297,5,1
4298,92,1
4298,30,1
4298,74,1
4298,1,1
4298,119,1
4298,30,1
4298,58,1
4299,25,1
4299,46,1
4299,48,1
4299,25,1
4299,33,1
4299,76,1
4299,28,1
4300,30,1
4300,81,1
4300,24,1
4300,29,1
4300,6,1
4300,26,1
4300,32,1
4301,74,1
4301,30,1
4301,52,1
4301,28,1
4301,26,1
4301,29,1
4301,30,1
4302,32,1
4302,32,1
4302,113,1
4302,150,1
4302,145,1
4302,51,1
4302,6,1
4303,30,1
4303,25,1
4303,28,1
4303,11,1
4303,30,1
4303,41,1
4303,30,1
4304,32,1
4304,35,1
4304,78,1
4304,6,1
4304,100,1
4304,30,1
4304,85,1
4305,47,1
4305,113,1
4305,32,1
4305,59,1
4305,30,1
4305,38,1
4305,60,1
4306,25,1
4306,58,1
4306,32,1
4306,35,1
4306,43,1
4306,6,1
4306,38,1
4307,46,1
4307,59,1
4307,32,1
4307,37,1
4307,4,1
4307,137,1
4307,30,1
4308,40,1
4308,50,1
4308,67,1
4308,137,1
4308,46,1
4308,9,1
4308,47,1
4309,47,1
4309,30,1
4309,59,1
4309,66,1
4309,102,1
4309,47,1
4309,37,1
4310,41,1
4310,59,1
4310,1,1
4310,37,1
4310,6,1
4310,47,1
4310,79,1
4311,3,1
4311,41,1
4311,30,1
4311,35,1
4311,110,1
4311,79,1
4311,74,1
4312,32,1
4312,65,1
4312,131,1
4312,84,1
4312,30,1
4312,101,1
4312,74,1
4312,108,1
4313,4,1
4313,43,1
4313,130,1
4313,30,1
4313,69,1
4313,37,1
4313,80,1
4314,41,1
4314,101,1
4314,76,1
4314,41,1
4314,30,1
4314,35,1
4314,137,1
4315,85,1
4315,84,1
4315,1,1
4315,51,1
4315,30,1
4315,101,1
4315,9,1
4316,25,1
4316,30,1
4316,1,1
4316,65,1
4316,6,1
4316,42,1
4316,85,1
4317,59,1
4317,38,1
4317,60,1
4317,6,1
4317,47,1
4317,37,1
4317,32,1
4318,25,1
4318,84,1
4318,32,1
4318,41,1
4318,6,1
4318,74,1
4318,59,1
4319,32,1
4319,6,1
4319,9,1
4319,89,1
4319,74,1
4319,41,1
4319,37,1
4319,30,1
4320,32,1
4320,79,1
4320,130,1
4320,95,1
4320,34,1
4320,51,1
4320,35,1
4321,98,1
4321,74,1
4321,84,1
4321,69,1
4321,38,1
4321,101,1
4321,82,1
4322,101,1
4322,47,1
4322,30,1
4322,58,1
4322,37,1
4322,58,1
4322,40,1
4323,35,1
4323,32,1
4323,30,1
4323,148,1
4323,76,1
4323,58,1
4323,35,1
4324,37,1
4324,38,1
4324,27,1
4324,37,1
4324,1,1
4324,82,1
4324,6,1
4325,1,1
4325,37,1
4325,32,1
4325,98,1
4325,104,1
4325,40,1
4325,137,1
4325,89,1
4326,37,1
4326,30,1
4326,83,1
4326,60,1
4326,41,1
4326,134,1
4326,110,1
4327,32,1
4327,38,1
4327,66,1
4327,130,1
4327,30,1
4327,58,1
4327,35,1
4328,43,1
4328,42,1
4328,89,1
4328,27,1
4328,40,1
4328,59,1
4328,32,1
4329,35,1
4329,6,1
4329,80,1
4329,103,1
4329,91,1
4329,32,1
4329,35,1
4329,102,1
4329,115,1
4330,32,1
4330,59,1
4330,6,1
4330,79,1
4330,43,1
4330,38,1
4330,58,1
4331,58,1
4331,32,1
4331,37,1
4331,47,1
4331,25,1
4331,47,1
4331,32,1
4332,30,1
4332,98,1
4332,102,1
4332,69,1
4332,58,1
4332,35,1
4332,38,1
4333,6,1
4333,79,1
4333,74,1
4333,98,1
4333,32,1
4333,135,1
4333,41,1
4334,37,1
4334,47,1
4334,30,1
4334,58,1
4334,107,1
4334,118,1
4334,1,1
4335,96,1
4335,32,1
4335,40,1
4335,59,1
4335,102,1
4335,126,1
4335,19,1
4335,59,1
4336,32,1
4336,102,1
4336,43,1
4336,74,1
4336,25,1
4336,110,1
4336,32,1
4337,30,1
4337,45,1
4337,71,1
4337,74,1
4337,85,1
4337,58,1
4337,101,1
4338,25,1
4338,37,1
4338,30,1
4338,1,1
4338,32,1
4338,68,1
4338,9,1
4339,58,1
4339,30,1
4339,59,1
4339,12,1
4339,89,1
4339,139,1
4339,30,1
4339,32,1
4340,38,1
4340,6,1
4340,37,1
4340,79,1
4340,68,1
4340,27,1
4340,126,1
4341,58,1
4341,59,1
4341,4,1
4341,43,1
4341,69,1
4341,19,1
4341,96,1
4342,58,1
4342,32,1
4342,37,1
4342,80,1
4342,3,1
4342,1,1
4342,32,1
4343,35,1
4343,98,1
4343,38,1
4343,43,1
4343,30,1
4343,30,1
4343,32,1
4344,60,1
4344,41,1
4344,35,1
4344,32,1
4344,30,1
4344,6,1
4344,28,1
4345,147,1
4345,24,1
4345,50,1
4345,16,1
4345,37,1
4345,149,1
4345,6,1
4346,60,1
4346,68,1
4346,45,1
4346,59,1
4346,32,1
4346,66,1
4346,69,1
4347,27,1
4347,37,1
4347,32,1
4347,30,1
4347,3,1
4347,32,1
4347,110,1
4348,58,1
4348,80,1
4348,76,1
4348,69,1
4348,60,1
4348,43,1
4348,37,1
4349,51,1
4349,35,1
4349,32,1
4349,37,1
4349,50,1
4349,89,1
4349,27,1
4350,30,1
4350,32,1
4350,58,1
4350,1,1
4350,115,1
4350,102,1
4350,9,1
4351,35,1
4351,27,1
4351,126,1
4351,95,1
4351,35,1
4351,80,1
4351,30,1
4352,59,1
4352,51,1
4352,81,1
4352,25,1
4352,1,1
4352,35,1
4352,30,1
4353,32,1
4353,148,1
4353,37,1
4353,80,1
4353,41,1
4353,30,1
4353,58,1
4353,59,1
4354,60,1
4354,47,1
4354,41,1
4354,130,1
4354,143,1
4354,1,1
4354,32,1
4355,59,1
4355,35,1
4355,40,1
4355,6,1
4355,79,1
4355,1,1
4355,47,1
4355,27,1
4356,32,1
4356,60,1
4356,47,1
4356,25,1
4356,95,1
4356,32,1
4356,37,1
4357,133,1
4357,89,1
4357,30,1
4357,98,1
4357,32,1
4357,100,1
4357,69,1
4358,89,1
4358,35,1
4358,30,1
4358,37,1
4358,47,1
4358,85,1
4358,68,1
4359,47,1
4359,38,1
4359,30,1
4359,59,1
4359,66,1
4359,60,1
4359,46,1
4360,69,1
4360,98,1
4360,47,1
4360,30,1
4360,47,1
4360,19,1
4360,30,1
4361,32,1
4361,59,1
4361,6,1
4361,85,1
4361,74,1
4361,103,1
4361,34,1
4362,58,1
4362,37,1
4362,43,1
4362,99,1
4362,69,1
4362,1,1
4362,59,1
4363,6,1
4363,41,1
4363,43,1
4363,3,1
4363,30,1
4363,1,1
4363,32,1
4364,37,1
4364,6,1
4364,124,1
4364,89,1
4364,67,1
4364,69,1
4364,47,1
4365,80,1
4365,81,1
4365,30,1
4365,25,1
4365,130,1
4365,76,1
4365,32,1
4366,1,1
4366,35,1
4366,80,1
4366,30,1
4366,41,1
4366,91,1
4366,37,1
4367,65,1
4367,47,1
4367,79,1
4367,30,1
4367,35,1
4367,65,1
4367,110,1
4368,59,1
4368,32,1
4368,83,1
4368,38,1
4368,79,1
4368,25,1
4368,32,1
4368,30,1
4369,6,1
4369,37,1
4369,46,1
4369,41,1
4369,58,1
4369,30,1
4369,60,1
4370,115,1
4370,9,1
4370,74,1
4370,32,1
4370,110,1
4370,37,1
4370,102,1
4371,30,1
4371,32,1
4371,35,1
4371,60,1
4371,25,1
4371,32,1
4371,30,1
4372,35,1
4372,101,1
4372,47,1
4372,35,1
4372,32,1
4372,104,1
4372,74,1
4373,130,1
4373,68,1
4373,76,1
4373,46,1
4373,59,1
4373,32,1
4373,38,1
4373,6,1
4374,130,1
4374,30,1
4374,37,1
4374,32,1
4374,66,1
4374,30,1
4374,25,1
4375,74,1
4375,58,1
4375,57,1
4375,38,1
4375,6,1
4375,85,1
4375,47,1
4376,74,1
4376,30,1
4376,19,1
4376,59,1
4376,139,1
4376,66,1
4376,32,1
4377,68,1
4377,76,1
4377,126,1
4377,32,1
4377,37,1
4377,1,1
4377,30,1
4378,38,1
4378,60,1
4378,76,1
4378,47,1
4378,32,1
4378,38,1
4378,35,1
4379,6,1
4379,129,1
4379,69,1
4379,30,1
4379,47,1
4379,30,1
4379,6,1
4380,47,1
4380,58,1
4380,45,1
4380,47,1
4380,32,1
4380,35,1
4380,59,1
4381,79,1
4381,67,1
4381,124,1
4381,91,1
4381,37,1
4381,40,1
4381,66,1
4382,43,1
4382,30,1
4382,127,1
4382,35,1
4382,59,1
4382,58,1
4382,104,1
4383,25,1
4383,35,1
4383,32,1
4383,58,1
4383,38,1
4383,77,1
4383,102,1
4384,47,1
4384,32,1
4384,47,1
4384,101,1
4384,74,1
4384,41,1
4384,32,1
4385,65,1
4385,115,1
4385,108,1
4385,30,1
4385,110,1
4385,139,1
4385,32,1
4386,6,1
4386,68,1
4386,11,1
4386,59,1
4386,32,1
4386,38,1
4386,43,1
4387,32,1
4387,30,1
4387,59,1
4387,32,1
4387,83,1
4387,58,1
4387,118,1
4388,38,1
4388,30,1
4388,76,1
4388,32,1
4388,30,1
4388,46,1
4388,76,1
4389,89,1
4389,69,1
4389,32,1
4389,104,1
4389,68,1
4389,74,1
4389,30,1
4390,102,1
4390,47,1
4390,41,1
4390,32,1
4390,37,1
4390,133,1
4390,67,1
4391,74,1
4391,3,1
4391,32,1
4391,84,1
4391,1,1
4391,91,1
4391,58,1
4392,37,1
4392,67,1
4392,100,1
4392,30,1
4392,1,1
4392,152,1
4392,81,1
4393,80,1
4393,69,1
4393,41,1
4393,35,1
4393,59,1
4393,99,1
4393,69,1
4394,40,1
4394,35,1
4394,37,1
4394,32,1
4394,76,1
4394,101,1
4394,30,1
4394,32,1
4395,40,1
4395,6,1
4395,68,1
4395,46,1
4395,3,1
4395,102,1
4395,3,1
4396,3,1
4396,58,1
4396,32,1
4396,30,1
4396,59,1
4396,79,1
4396,47,1
4397,1,1
4397,58,1
4397,30,1
4397,139,1
4397,78,1
4397,76,1
4397,81,1
4398,76,1
4398,27,1
4398,6,1
4398,80,1
4398,98,1
4398,59,1
4398,30,1
4399,32,1
4399,139,1
4399,50,1
4399,6,1
4399,117,1
4399,30,1
4399,59,1
4400,35,1
4400,60,1
4400,132,1
4400,130,1
4400,11,1
4400,6,1
4400,118,1
4400,32,1
4401,20,1
4401,81,1
4401,74,1
4401,1,1
4401,121,1
4401,102,1
4401,1,1
4402,47,1
4402,124,1
4402,25,1
4402,32,1
4402,67,1
4402,95,1
4402,1,1
4402,96,1
4402,38,1
4402,25,1
4402,30,1
4402,1,1
4402,59,1
4403,102,1
4403,30,1
4403,58,1
4403,40,1
4403,32,1
4403,37,1
4403,60,1
4404,100,1
4404,59,1
4404,32,1
4404,52,1
4404,30,1
4404,115,1
4404,84,1
4405,3,1
4405,3,1
4405,30,1
4405,59,1
4405,35,1
4405,58,1
4405,67,1
4405,79,1
4405,100,1
4405,30,1
4405,41,1
4405,4,1
4405,6,1
4406,47,1
4406,41,1
4406,110,1
4406,56,1
4406,95,1
4406,40,1
4406,30,1
4407,37,1
4407,45,1
4407,74,1
4407,37,1
4407,32,1
4407,35,1
4407,37,1
4408,101,1
4408,85,1
4408,30,1
4408,35,1
4408,98,1
4408,38,1
4408,40,1
4409,80,1
4409,41,1
4409,30,1
4409,32,1
4409,59,1
4409,65,1
4409,47,1
4409,58,1
4410,30,1
4410,32,1
4410,6,1
4410,148,1
4410,80,1
4410,30,1
4410,59,1
4411,60,1
4411,117,1
4411,74,1
4411,89,1
4411,58,1
4411,30,1
4411,32,1
4412,146,1
4412,46,1
4412,68,1
4412,74,1
4412,41,1
4412,32,1
4412,102,1
4413,100,1
4413,32,1
4413,47,1
4413,101,1
4413,48,1
4413,96,1
4413,58,1
4414,38,1
4414,1,1
4414,80,1
4414,30,1
4414,32,1
4414,58,1
4414,6,1
4415,67,1
4415,100,1
4415,102,1
4415,41,1
4415,58,1
4415,30,1
4415,144,1
4416,77,1
4416,60,1
4416,47,1
4416,68,1
4416,58,1
4416,122,1
4416,30,1
4417,108,1
4417,74,1
4417,89,1
4417,58,1
4417,30,1
4417,59,1
4417,40,1
4418,47,1
4418,18,1
4418,84,1
4418,110,1
4418,126,1
4418,37,1
4418,40,1
4419,32,1
4419,6,1
4419,89,1
4419,4,1
4419,59,1
4419,32,1
4419,102,1
4420,1,1
4420,59,1
4420,32,1
4420,40,1
4420,35,1
4420,16,1
4420,37,1
4421,65,1
4421,32,1
4421,125,1
4421,79,1
4421,68,1
4421,106,1
4421,57,1
4422,1,1
4422,59,1
4422,133,1
4422,89,1
4422,38,1
4422,35,1
4422,30,1
4422,32,1
4423,42,1
4423,58,1
4423,96,1
4423,96,1
4423,126,1
4423,22,1
4423,104,1
4423,61,1
4423,130,1
4424,57,1
4424,32,1
4424,59,1
4424,38,1
4424,89,1
4424,32,1
4424,59,1
4425,30,1
4425,66,1
4425,41,1
4425,100,1
4425,95,1
4425,32,1
4425,98,1
4426,101,1
4426,47,1
4426,107,1
4426,40,1
4426,1,1
4426,58,1
4426,6,1
4426,101,1
4427,84,1
4427,58,1
4427,37,1
4427,1,1
4427,35,1
4427,68,1
4427,40,1
4428,6,1
4428,105,1
4428,42,1
4428,37,1
4428,40,1
4428,59,1
4428,32,1
4429,136,1
4429,25,1
4429,56,1
4429,38,1
4429,76,1
4429,58,1
4429,51,1
4430,65,1
4430,37,1
4430,20,1
4430,84,1
4430,32,1
4430,59,1
4430,35,1
4431,148,1
4431,47,1
4431,59,1
4431,32,1
4431,35,1
4431,120,1
4431,60,1
4432,43,1
4432,135,1
4432,41,1
4432,30,1
4432,35,1
4432,32,1
4432,74,1
4433,84,1
4433,29,1
4433,27,1
4433,32,1
4433,43,1
4433,71,1
4433,100,1
4434,52,1
4434,71,1
4434,80,1
4434,41,1
4434,30,1
4434,44,1
4434,59,1
4435,1,1
4435,30,1
4435,66,1
4435,118,1
4435,68,1
4435,37,1
4435,32,1
4436,38,1
4436,60,1
4436,30,1
4436,25,1
4436,41,1
4436,3,1
4436,1,1
4436,30,1
4437,59,1
4437,41,1
4437,125,1
4437,78,1
4437,74,1
4437,38,1
4437,32,1
4438,38,1
4438,67,1
4438,46,1
4438,25,1
4438,41,1
4438,113,1
4438,30,1
4439,32,1
4439,14,1
4439,35,1
4439,89,1
4439,41,1
4439,32,1
4439,47,1
4440,32,1
4440,25,1
4440,32,1
4440,78,1
4440,101,1
4440,37,1
4440,135,1
4441,59,1
4441,30,1
4441,38,1
4441,6,1
4441,102,1
4441,130,1
4441,58,1
4442,66,1
4442,47,1
4442,134,1
4442,32,1
4442,1,1
4442,42,1
4442,68,1
4443,34,1
4443,37,1
4443,104,1
4443,148,1
4443,68,1
4443,47,1
4443,1,1
4444,32,1
4444,59,1
4444,60,1
4444,6,1
4444,3,1
4444,89,1
4444,84,1
4445,9,1
4445,30,1
4445,107,1
4445,41,1
4445,89,1
4445,74,1
4445,68,1
4446,76,1
4446,46,1
4446,103,1
4446,32,1
4446,6,1
4446,74,1
4446,69,1
4447,30,1
4447,41,1
4447,65,1
4447,32,1
4447,60,1
4447,101,1
4447,89,1
4448,27,1
4448,37,1
4448,104,1
4448,6,1
4448,47,1
4448,76,1
4448,98,1
4449,35,1
4449,59,1
4449,82,1
4449,6,1
4449,25,1
4449,101,1
4449,11,1
4450,82,1
4450,37,1
4450,6,1
4450,59,1
4450,30,1
4450,58,1
4450,32,1
4451,60,1
4451,47,1
4451,80,1
4451,30,1
4451,32,1
4451,58,1
4451,6,1
4452,100,1
4452,25,1
4452,85,1
4452,35,1
4452,18,1
4452,47,1
4452,56,1
4453,127,1
4453,32,1
4453,40,1
4453,59,1
4453,41,1
4453,100,1
4453,11,1
4454,32,1
4454,30,1
4454,22,1
4454,35,1
4454,59,1
4454,41,1
4454,130,1
4455,113,1
4455,47,1
4455,35,1
4455,58,1
4455,52,1
4455,37,1
4455,38,1
4456,146,1
4456,47,1
4456,81,1
4456,56,1
4456,107,1
4456,37,1
4456,30,1
4457,35,1
4457,25,1
4457,46,1
4457,96,1
4457,32,1
4457,104,1
4457,71,1
4458,47,1
4458,74,1
4458,30,1
4458,32,1
4458,58,1
4458,14,1
4458,79,1
4459,41,1
4459,56,1
4459,52,1
4459,30,1
4459,45,1
4459,3,1
4459,84,1
4459,30,1
4459,1,1
4459,40,1
4459,37,1
4459,32,1
4460,6,1
4460,47,1
4460,35,1
4460,35,1
4460,106,1
4460,32,1
4460,6,1
4461,40,1
4461,85,1
4461,11,1
4461,37,1
4461,40,1
4461,16,1
4461,35,1
4462,32,1
4462,47,1
4462,32,1
4462,47,1
4462,25,1
4462,25,1
4462,129,1
4463,96,1
4463,11,1
4463,30,1
4463,110,1
4463,59,1
4463,85,1
4463,30,1
4464,122,1
4464,32,1
4464,40,1
4464,37,1
4464,69,1
4464,30,1
4464,58,1
4465,47,1
4465,25,1
4465,30,1
4465,58,1
4465,59,1
4465,66,1
4465,6,1
4466,69,1
4466,3,1
4466,11,1
4466,1,1
4466,35,1
4466,107,1
4466,6,1
4467,101,1
4467,89,1
4467,108,1
4467,149,1
4467,76,1
4467,69,1
4467,74,1
4468,11,1
4468,37,1
4468,35,1
4468,96,1
4468,32,1
4468,59,1
4468,44,1
4469,25,1
4469,95,1
4469,38,1
4469,32,1
4469,101,1
4469,85,1
4469,32,1
4470,65,1
4470,115,1
4470,130,1
4470,30,1
4470,32,1
4470,37,1
4470,35,1
4471,6,1
4471,98,1
4471,74,1
4471,41,1
4471,3,1
4471,3,1
4471,32,1
4472,35,1
4472,6,1
4472,1,1
4472,35,1
4472,37,1
4472,38,1
4472,50,1
4473,3,1
4473,102,1
4473,41,1
4473,30,1
4473,144,1
4473,37,1
4473,98,1
4474,32,1
4474,37,1
4474,102,1
4474,1,1
4474,32,1
4474,37,1
4474,111,1
4474,35,1
4475,30,1
4475,37,1
4475,67,1
4475,149,1
4475,85,1
4475,30,1
4475,6,1
4476,43,1
4476,102,1
4476,9,1
4476,4,1
4476,59,1
4476,1,1
4476,66,1
4476,9,1
4477,37,1
4477,41,1
4477,1,1
4477,40,1
4477,35,1
4477,32,1
4477,89,1
4478,59,1
4478,32,1
4478,6,1
4478,30,1
4478,84,1
4478,32,1
4478,57,1
4479,35,1
4479,80,1
4479,118,1
4479,32,1
4479,57,1
4479,30,1
4479,37,1
4480,66,1
4480,60,1
4480,46,1
4480,104,1
4480,6,1
4480,79,1
4480,100,1
4481,32,1
4481,30,1
4481,35,1
4481,47,1
4481,68,1
4481,84,1
4481,96,1
4482,37,1
4482,67,1
4482,74,1
4482,95,1
4482,59,1
4482,32,1
4482,58,1
4483,66,1
4483,118,1
4483,30,1
4483,91,1
4483,118,1
4483,37,1
4483,34,1
4484,51,1
4484,30,1
4484,139,1
4484,133,1
4484,6,1
4484,1,1
4484,37,1
4484,32,1
4484,82,1
4484,38,1
4484,47,1
4484,107,1
4484,47,1
4484,32,1
4484,25,1
4484,98,1
4485,1,1
4485,25,1
4485,28,1
4485,30,1
4485,29,1
4485,32,1
4485,110,1
4486,59,1
4486,79,1
4486,80,1
4486,98,1
4486,30,1
4486,37,1
4486,40,1
4486,41,1
4487,43,1
4487,95,1
4487,52,1
4487,105,1
4487,27,1
4487,126,1
4487,30,1
4488,35,1
4488,43,1
4488,46,1
4488,41,1
4488,30,1
4488,30,1
4488,58,1
4489,66,1
4489,60,1
4489,25,1
4489,89,1
4489,46,1
4489,74,1
4489,101,1
4490,35,1
4490,110,1
4490,139,1
4490,37,1
4490,133,1
4490,98,1
4490,30,1
4491,1,1
4491,105,1
4491,35,1
4491,30,1
4491,46,1
4491,110,1
4491,67,1
4491,41,1
4492,47,1
4492,32,1
4492,30,1
4492,59,1
4492,68,1
4492,59,1
4492,60,1
4493,6,1
4493,41,1
4493,30,1
4493,82,1
4493,66,1
4493,80,1
4493,51,1
4494,40,1
4494,60,1
4494,143,1
4494,32,1
4494,113,1
4494,51,1
4494,59,1
4495,60,1
4495,100,1
4495,101,1
4495,32,1
4495,59,1
4495,68,1
4495,84,1
4496,56,1
4496,37,1
4496,32,1
4496,58,1
4496,133,1
4496,118,1
4496,130,1
4497,47,1
4497,58,1
4497,1,1
4497,139,1
4497,32,1
4497,59,1
4497,79,1
4498,30,1
4498,35,1
4498,59,1
4498,67,1
4498,41,1
4498,102,1
4498,135,1
4499,30,1
4499,37,1
4499,32,1
4499,38,1
4499,46,1
4499,80,1
4499,30,1
4500,74,1
4500,38,1
4500,69,1
4500,32,1
4500,25,1
4500,30,1
4500,149,1
4501,59,1
4501,89,1
4501,68,1
4501,11,1
4501,32,1
4501,38,1
4501,76,1
4502,46,1
4502,58,1
4502,37,1
4502,38,1
4502,32,1
4502,39,1
4502,123,1
4503,3,1
4503,6,1
4503,77,1
4503,41,1
4503,27,1
4503,110,1
4503,30,1
4504,6,1
4504,76,1
4504,1,1
4504,32,1
4504,35,1
4504,37,1
4504,101,1
4505,3,1
4505,41,1
4505,57,1
4505,38,1
4505,25,1
4505,68,1
4505,30,1
4506,32,1
4506,39,1
4506,81,1
4506,9,1
4506,30,1
4506,35,1
4506,82,1
4507,47,1
4507,30,1
4507,37,1
4507,35,1
4507,6,1
4507,60,1
4507,110,1
4508,32,1
4508,37,1
4508,6,1
4508,67,1
4508,85,1
4508,46,1
4508,11,1
4509,40,1
4509,122,1
4509,67,1
4509,9,1
4509,58,1
4509,1,1
4509,32,1
4510,105,1
4510,147,1
4510,25,1
4510,30,1
4510,30,1
4510,37,1
4510,97,1
4511,41,1
4511,32,1
4511,37,1
4511,102,1
4511,35,1
4511,41,1
4511,89,1
4512,56,1
4512,59,1
4512,1,1
4512,35,1
4512,118,1
4512,76,1
4512,56,1
4513,1,1
4513,6,1
4513,68,1
4513,76,1
4513,103,1
4513,35,1
4513,32,1
4514,6,1
4514,65,1
4514,32,1
4514,59,1
4514,102,1
4514,20,1
4514,56,1
4515,1,1
4515,71,1
4515,81,1
4515,1,1
4515,58,1
4515,37,1
4515,35,1
4516,32,1
4516,9,1
4516,30,1
4516,47,1
4516,47,1
4516,40,1
4516,19,1
4517,122,1
4517,30,1
4517,58,1
4517,59,1
4517,74,1
4517,111,1
4517,91,1
4518,30,1
4518,35,1
4518,37,1
4518,102,1
4518,24,1
4518,27,1
4518,80,1
4518,35,1
4518,101,1
4518,100,1
4518,30,1
4519,40,1
4519,58,1
4519,37,1
4519,79,1
4519,1,1
4519,32,1
4519,37,1
4520,35,1
4520,124,1
4520,30,1
4520,30,1
4520,107,1
4520,59,1
4520,101,1
4521,1,1
4521,51,1
4521,32,1
4521,99,1
4521,80,1
4521,47,1
4521,59,1
4522,57,1
4522,83,1
4522,104,1
4522,89,1
4522,47,1
4522,32,1
4522,38,1
4522,6,1
4522,40,1
4522,79,1
4522,74,1
4522,24,1
4522,30,1
4523,32,1
4523,37,1
4523,30,1
4523,41,1
4523,66,1
4523,59,1
4523,47,1
4524,27,1
4524,30,1
4524,1,1
4524,139,1
4524,37,1
4524,78,1
4524,89,1
4525,40,1
4525,27,1
4525,30,1
4525,37,1
4525,32,1
4525,47,1
4525,84,1
4525,19,1
4526,40,1
4526,35,1
4526,47,1
4526,41,1
4526,40,1
4526,98,1
4526,38,1
4527,6,1
4527,102,1
4527,152,1
4527,37,1
4527,98,1
4527,32,1
4527,47,1
4528,30,1
4528,35,1
4528,43,1
4528,81,1
4528,100,1
4528,56,1
4528,32,1
4529,40,1
4529,6,1
4529,41,1
4529,69,1
4529,30,1
4529,52,1
4529,35,1
4530,32,1
4530,37,1
4530,3,1
4530,30,1
4530,58,1
4530,37,1
4530,116,1
4531,66,1
4531,102,1
4531,60,1
4531,27,1
4531,37,1
4531,144,1
4531,38,1
4532,30,1
4532,46,1
4532,25,1
4532,35,1
4532,30,1
4532,59,1
4532,32,1
4533,35,1
4533,25,1
4533,27,1
4533,91,1
4533,32,1
4533,60,1
4533,105,1
4533,138,1
4534,41,1
4534,35,1
4534,32,1
4534,1,1
4534,59,1
4534,4,1
4534,66,1
4535,9,1
4535,19,1
4535,126,1
4535,51,1
4535,83,1
4535,6,1
4535,60,1
4536,25,1
4536,103,1
4536,35,1
4536,79,1
4536,41,1
4536,35,1
4536,30,1
4537,32,1
4537,89,1
4537,35,1
4537,82,1
4537,30,1
4537,30,1
4537,96,1
4538,32,1
4538,148,1
4538,6,1
4538,118,1
4538,30,1
4538,32,1
4538,76,1
4539,32,1
4539,95,1
4539,4,1
4539,45,1
4539,139,1
4539,35,1
4539,57,1
4540,32,1
4540,35,1
4540,4,1
4540,35,1
4540,74,1
4540,59,1
4540,95,1
4541,111,1
4541,1,1
4541,83,1
4541,9,1
4541,3,1
4541,35,1
4541,22,1
4542,32,1
4542,30,1
4542,40,1
4542,32,1
4542,58,1
4542,35,1
4542,101,1
4543,51,1
4543,59,1
4543,40,1
4543,35,1
4543,60,1
4543,44,1
4543,16,1
4544,122,1
4544,4,1
4544,6,1
4544,123,1
4544,101,1
4544,74,1
4544,37,1
4545,6,1
4545,47,1
4545,89,1
4545,37,1
4545,52,1
4545,58,1
4545,35,1
4545,60,1
4546,47,1
4546,30,1
4546,66,1
4546,30,1
4546,60,1
4546,25,1
4546,41,1
4547,57,1
4547,35,1
4547,27,1
4547,35,1
4547,58,1
4547,76,1
4547,1,1
4548,59,1
4548,30,1
4548,32,1
4548,37,1
4548,35,1
4548,25,1
4548,67,1
4549,126,1
4549,59,1
4549,115,1
4549,79,1
4549,59,1
4549,1,1
4549,58,1
4550,32,1
4550,47,1
4550,74,1
4550,27,1
4550,59,1
4550,35,1
4550,30,1
4550,47,1
4550,9,1
4550,30,1
4550,1,1
4550,50,1
4550,38,1
4550,20,1
4551,68,1
4551,59,1
4551,59,1
4551,101,1
4551,59,1
4551,40,1
4551,32,1
4552,35,1
4552,60,1
4552,76,1
4552,103,1
4552,51,1
4552,37,1
4552,66,1
4553,30,1
4553,30,1
4553,32,1
4553,74,1
4553,27,1
4553,126,1
4553,95,1
4554,32,1
4554,108,1
4554,146,1
4554,69,1
4554,69,1
4554,59,1
4554,139,1
4555,47,1
4555,1,1
4555,59,1
4555,51,1
4555,32,1
4555,105,1
4555,125,1
4556,25,1
4556,30,1
4556,96,1
4556,32,1
4556,58,1
4556,80,1
4556,130,1
4557,98,1
4557,30,1
4557,96,1
4557,58,1
4557,105,1
4557,146,1
4557,35,1
4558,56,1
4558,35,1
4558,65,1
4558,59,1
4558,4,1
4558,129,1
4558,69,1
4559,58,1
4559,4,1
4559,139,1
4559,30,1
4559,35,1
4559,102,1
4559,32,1
4559,1,1
4559,37,1
4559,6,1
4559,124,1
4559,41,1
4560,32,1
4560,37,1
4560,30,1
4560,6,1
4560,99,1
4560,47,1
4560,89,1
4561,1,1
4561,30,1
4561,37,1
4561,6,1
4561,43,1
4561,9,1
4561,47,1
4562,101,1
4562,30,1
4562,38,1
4562,25,1
4562,35,1
4562,101,1
4562,32,1
4562,1,1
4562,37,1
4562,40,1
4562,60,1
4562,35,1
4563,32,1
4563,59,1
4563,6,1
4563,89,1
4563,59,1
4563,41,1
4563,40,1
4564,104,1
4564,38,1
4564,60,1
4564,101,1
4564,1,1
4564,105,1
4564,81,1
4565,30,1
4565,30,1
4565,35,1
4565,67,1
4565,69,1
4565,56,1
4565,30,1
4566,85,1
4566,56,1
4566,37,1
4566,57,1
4566,32,1
4566,67,1
4566,30,1
4567,3,1
4567,1,1
4567,37,1
4567,60,1
4567,30,1
4567,32,1
4567,6,1
4568,32,1
4568,37,1
4568,122,1
4568,41,1
4568,32,1
4568,37,1
4568,38,1
4569,69,1
4569,35,1
4569,30,1
4569,32,1
4569,40,1
4569,37,1
4569,3,1
4569,37,1
4570,32,1
4570,58,1
4570,144,1
4570,60,1
4570,1,1
4570,37,1
4570,4,1
4571,118,1
4571,27,1
4571,1,1
4571,59,1
4571,139,1
4571,133,1
4571,43,1
4571,102,1
4572,25,1
4572,27,1
4572,32,1
4572,35,1
4572,41,1
4572,74,1
4572,56,1
4572,32,1
4573,40,1
4573,66,1
4573,6,1
4573,19,1
4573,52,1
4573,59,1
4573,35,1
4574,67,1
4574,79,1
4574,80,1
4574,122,1
4574,4,1
4574,40,1
4574,37,1
4575,43,1
4575,60,1
4575,126,1
4575,35,1
4575,4,1
4575,65,1
4575,37,1
4576,98,1
4576,32,1
4576,1,1
4576,139,1
4576,59,1
4576,66,1
4576,60,1
4577,19,1
4577,95,1
4577,30,1
4577,35,1
4577,108,1
4577,74,1
4577,3,1
4578,3,1
4578,11,1
4578,37,1
4578,66,1
4578,41,1
4578,98,1
4578,30,1
4579,1,1
4579,58,1
4579,6,1
4579,59,1
4579,60,1
4579,41,1
4579,14,1
4580,1,1
4580,56,1
4580,35,1
4580,1,1
4580,98,1
4580,77,1
4580,60,1
4581,41,1
4581,58,1
4581,30,1
4581,102,1
4581,6,1
4581,46,1
4581,32,1
4582,35,1
4582,30,1
4582,32,1
4582,37,1
4582,149,1
4582,30,1
4582,1,1
4583,32,1
4583,98,1
4583,99,1
4583,38,1
4583,27,1
4583,37,1
4583,32,1
4584,130,1
4584,32,1
4584,98,1
4584,43,1
4584,118,1
4584,30,1
4584,51,1
4585,59,1
4585,58,1
4585,6,1
4585,60,1
4585,58,1
4585,32,1
4585,47,1
4586,1,1
4586,32,1
4586,121,1
4586,78,1
4586,81,1
4586,30,1
4586,102,1
4586,32,1
4586,37,1
4587,83,1
4587,110,1
4587,35,1
4587,148,1
4587,25,1
4587,27,1
4587,32,1
4588,59,1
4588,61,1
4588,128,1
4588,3,1
4588,51,1
4588,152,1
4588,97,1
4589,76,1
4589,35,1
4589,40,1
4589,6,1
4589,108,1
4589,30,1
4589,27,1
4590,19,1
4590,32,1
4590,65,1
4590,40,1
4590,68,1
4590,100,1
4590,47,1
4591,83,1
4591,37,1
4591,30,1
4591,32,1
4591,105,1
4591,116,1
4591,103,1
4592,35,1
4592,47,1
4592,74,1
4592,30,1
4592,124,1
4592,32,1
4592,35,1
4593,37,1
4593,6,1
4593,41,1
4593,32,1
4593,35,1
4593,6,1
4593,101,1
4594,85,1
4594,25,1
4594,107,1
4594,66,1
4594,6,1
4594,120,1
4594,32,1
4595,46,1
4595,41,1
4595,95,1
4595,32,1
4595,35,1
4595,60,1
4595,129,1
4596,101,1
4596,32,1
4596,1,1
4596,66,1
4596,60,1
4596,67,1
4596,25,1
4597,110,1
4597,32,1
4597,115,1
4597,6,1
4597,102,1
4597,68,1
4597,30,1
4598,58,1
4598,6,1
4598,38,1
4598,80,1
4598,76,1
4598,41,1
4598,32,1
4599,38,1
4599,76,1
4599,32,1
4599,83,1
4599,14,1
4599,118,1
4599,59,1
4600,148,1
4600,47,1
4600,41,1
4600,30,1
4600,66,1
4600,67,1
4600,81,1
4601,25,1
4601,32,1
4601,30,1
4601,80,1
4601,47,1
4601,76,1
4601,30,1
4602,32,1
4602,47,1
4602,32,1
4602,108,1
4602,80,1
4602,43,1
4602,41,1
4603,37,1
4603,32,1
4603,58,1
4603,66,1
4603,149,1
4603,60,1
4603,76,1
4603,74,1
4604,30,1
4604,38,1
4604,35,1
4604,47,1
4604,81,1
4604,1,1
4604,32,1
4605,30,1
4605,56,1
4605,59,1
4605,30,1
4605,139,1
4605,66,1
4605,30,1
4606,35,1
4606,59,1
4606,40,1
4606,6,1
4606,79,1
4606,32,1
4606,32,1
4607,37,1
4607,40,1
4607,50,1
4607,6,1
4607,104,1
4607,59,1
4607,30,1
4608,130,1
4608,30,1
4608,144,1
4608,37,1
4608,104,1
4608,44,1
4608,146,1
4609,134,1
4609,32,1
4609,40,1
4609,95,1
4609,37,1
4609,35,1
4609,91,1
4610,40,1
4610,142,1
4610,1,1
4610,35,1
4610,32,1
4610,102,1
4610,38,1
4611,76,1
4611,68,1
4611,27,1
4611,139,1
4611,32,1
4611,89,1
4611,37,1
4612,40,1
4612,102,1
4612,135,1
4612,32,1
4612,35,1
4612,6,1
4612,59,1
4613,78,1
4613,25,1
4613,27,1
4613,96,1
4613,98,1
4613,105,1
4613,43,1
4614,60,1
4614,32,1
4614,6,1
4614,25,1
4614,69,1
4614,78,1
4614,30,1
4615,32,1
4615,59,1
4615,45,1
4615,68,1
4615,30,1
4615,103,1
4615,59,1
4616,122,1
4616,127,1
4616,30,1
4616,32,1
4616,76,1
4616,1,1
4616,30,1
4617,66,1
4617,59,1
4617,25,1
4617,11,1
4617,30,1
4617,32,1
4617,38,1
4618,6,1
4618,118,1
4618,98,1
4618,59,1
4618,30,1
4618,52,1
4618,35,1
4618,32,1
4618,32,1
4619,35,1
4619,142,1
4619,43,1
4619,74,1
4619,32,1
4619,30,1
4619,32,1
4620,133,1
4620,43,1
4620,74,1
4620,81,1
4620,110,1
4620,30,1
4620,58,1
4621,59,1
4621,47,1
4621,76,1
4621,122,1
4621,41,1
4621,51,1
4621,59,1
4622,25,1
4622,84,1
4622,100,1
4622,27,1
4622,89,1
4622,74,1
4622,47,1
4623,51,1
4623,58,1
4623,35,1
4623,106,1
4623,59,1
4623,39,1
4623,122,1
4623,30,1
4623,80,1
4623,74,1
4623,84,1
4623,35,1
4624,6,1
4624,101,1
4624,30,1
4624,30,1
4624,51,1
4624,59,1
4624,78,1
4625,32,1
4625,6,1
4625,43,1
4625,106,1
4625,30,1
4625,65,1
4625,30,1
4625,1,1
4626,9,1
4626,81,1
4626,30,1
4626,32,1
4626,60,1
4626,37,1
4626,6,1
4627,18,1
4627,41,1
4627,32,1
4627,37,1
4627,35,1
4627,137,1
4627,59,1
4628,76,1
4628,1,1
4628,32,1
4628,101,1
4628,1,1
4628,32,1
4628,6,1
4629,101,1
4629,74,1
4629,25,1
4629,135,1
4629,57,1
4629,41,1
4629,32,1
4630,37,1
4630,144,1
4630,66,1
4630,41,1
4630,91,1
4630,43,1
4630,60,1
4631,100,1
4631,32,1
4631,59,1
4631,38,1
4631,115,1
4631,79,1
4631,84,1
4632,11,1
4632,32,1
4632,37,1
4632,66,1
4632,74,1
4632,67,1
4632,76,1
4633,11,1
4633,35,1
4633,32,1
4633,102,1
4633,74,1
4633,88,1
4633,135,1
4633,41,1
4633,98,1
4633,32,1
4633,134,1
4633,30,1
4634,98,1
4634,66,1
4634,85,1
4634,100,1
4634,32,1
4634,110,1
4634,37,1
4635,107,1
4635,40,1
4635,89,1
4635,58,1
4635,32,1
4635,69,1
4635,47,1
4635,30,1
4635,59,1
4635,35,1
4636,44,1
4636,99,1
4636,74,1
4636,30,1
4636,32,1
4636,37,1
4636,58,1
4637,133,1
4637,60,1
4637,129,1
4637,32,1
4637,32,1
4637,30,1
4637,104,1
4638,35,1
4638,59,1
4638,41,1
4638,47,1
4638,40,1
4638,58,1
4638,35,1
4638,37,1
4638,111,1
4638,35,1
4639,70,1
4639,149,1
4639,76,1
4639,24,1
4639,59,1
4639,30,1
4639,76,1
4640,19,1
4640,32,1
4640,38,1
4640,40,1
4640,1,1
4640,116,1
4640,68,1
4641,32,1
4641,115,1
4641,48,1
4641,30,1
4641,58,1
4641,98,1
4641,24,1
4642,1,1
4642,32,1
4642,37,1
4642,30,1
4642,9,1
4642,30,1
4642,32,1
4643,6,1
4643,42,1
4643,137,1
4643,79,1
4643,80,1
4643,1,1
4643,35,1
4644,30,1
4644,60,1
4644,80,1
4644,37,1
4644,6,1
4644,99,1
4644,125,1
4644,89,1
4644,47,1
4644,6,1
4645,74,1
4645,4,1
4645,37,1
4645,82,1
4645,43,1
4645,41,1
4645,122,1
4645,32,1
4646,59,1
4646,40,1
4646,1,1
4646,32,1
4646,102,1
4646,6,1
4646,30,1
4647,19,1
4647,30,1
4647,66,1
4647,25,1
4647,19,1
4647,37,1
4647,52,1
4648,35,1
4648,116,1
4648,30,1
4648,95,1
4648,58,1
4648,59,1
4648,133,1
4649,81,1
4649,74,1
4649,1,1
4649,37,1
4649,32,1
4649,66,1
4649,120,1
4650,60,1
4650,34,1
4650,32,1
4650,1,1
4650,59,1
4650,80,1
4650,85,1
4651,58,1
4651,120,1
4651,97,1
4651,125,1
4651,1,1
4651,35,1
4651,101,1
4652,100,1
4652,19,1
4652,40,1
4652,32,1
4652,104,1
4652,79,1
4652,108,1
4653,100,1
4653,32,1
4653,59,1
4653,58,1
4653,38,1
4653,6,1
4653,102,1
4653,68,1
4653,41,1
4653,6,1
4653,40,1
4653,124,1
4653,67,1
4653,129,1
4653,9,1
4653,27,1
4653,47,1
4653,76,1
4653,30,1
4653,40,1
4654,32,1
4654,127,1
4654,133,1
4654,43,1
4654,110,1
4654,30,1
4654,32,1
4655,66,1
4655,68,1
4655,84,1
4655,3,1
4655,30,1
4655,32,1
4655,59,1
4656,47,1
4656,41,1
4656,58,1
4656,32,1
4656,60,1
4656,6,1
4656,100,1
4657,76,1
4657,27,1
4657,32,1
4657,105,1
4657,41,1
4657,58,1
4657,59,1
4657,30,1
4657,32,1
4658,46,1
4658,85,1
4658,38,1
4658,136,1
4658,146,1
4658,6,1
4658,101,1
4659,40,1
4659,32,1
4659,59,1
4659,6,1
4659,85,1
4659,110,1
4659,32,1
4660,50,1
4660,35,1
4660,6,1
4660,113,1
4660,19,1
4660,30,1
4660,83,1
4661,59,1
4661,6,1
4661,3,1
4661,98,1
4661,34,1
4661,35,1
4661,60,1
4662,6,1
4662,11,1
4662,30,1
4662,106,1
4662,101,1
4662,59,1
4662,95,1
4662,30,1
4663,32,1
4663,133,1
4663,89,1
4663,85,1
4663,27,1
4663,40,1
4663,4,1
4664,35,1
4664,59,1
4664,60,1
4664,67,1
4664,1,1
4664,30,1
4664,58,1
4665,46,1
4665,47,1
4665,25,1
4665,50,1
4665,3,1
4665,102,1
4665,32,1
4666,67,1
4666,6,1
4666,89,1
4666,80,1
4666,30,1
4666,3,1
4666,30,1
4667,32,1
4667,85,1
4667,96,1
4667,37,1
4667,32,1
4667,44,1
4667,99,1
4668,32,1
4668,104,1
4668,6,1
4668,130,1
4668,41,1
4668,30,1
4668,32,1
4669,38,1
4669,6,1
4669,102,1
4669,81,1
4669,25,1
4669,35,1
4669,58,1
4670,46,1
4670,25,1
4670,58,1
4670,37,1
4670,35,1
4670,38,1
4670,61,1
4671,76,1
4671,89,1
4671,58,1
4671,40,1
4671,6,1
4671,60,1
4671,130,1
4672,98,1
4672,58,1
4672,59,1
4672,30,1
4672,129,1
4672,74,1
4672,107,1
4673,30,1
4673,60,1
4673,80,1
4673,41,1
4673,40,1
4673,6,1
4673,79,1
4674,47,1
4674,58,1
4674,135,1
4674,47,1
4674,89,1
4674,30,1
4674,57,1
4675,37,1
4675,32,1
4675,66,1
4675,102,1
4675,32,1
4675,7,1
4675,129,1
4676,69,1
4676,41,1
4676,108,1
4676,32,1
4676,30,1
4676,56,1
4676,122,1
4677,30,1
4677,58,1
4677,40,1
4677,59,1
4677,3,1
4677,30,1
4677,30,1
4678,32,1
4678,6,1
4678,74,1
4678,130,1
4678,30,1
4678,65,1
4678,37,1
4679,35,1
4679,1,1
4679,14,1
4679,68,1
4679,110,1
4679,59,1
4679,99,1
4680,78,1
4680,89,1
4680,24,1
4680,108,1
4680,3,1
4680,3,1
4680,3,1
4681,40,1
4681,110,1
4681,83,1
4681,30,1
4681,37,1
4681,47,1
4681,124,1
4682,30,1
4682,32,1
4682,35,1
4682,41,1
4682,69,1
4682,58,1
4682,59,1
4683,32,1
4683,35,1
4683,144,1
4683,132,1
4683,85,1
4683,58,1
4683,30,1
4684,37,1
4684,80,1
4684,81,1
4684,30,1
4684,59,1
4684,58,1
4684,38,1
4685,25,1
4685,69,1
4685,76,1
4685,30,1
4685,1,1
4685,6,1
4685,60,1
4686,117,1
4686,101,1
4686,41,1
4686,32,1
4686,35,1
4686,41,1
4686,89,1
4687,25,1
4687,46,1
4687,67,1
4687,105,1
4687,60,1
4687,135,1
4687,35,1
4688,30,1
4688,107,1
4688,6,1
4688,74,1
4688,69,1
4688,30,1
4688,37,1
4689,35,1
4689,60,1
4689,74,1
4689,111,1
4689,32,1
4689,83,1
4689,60,1
4690,129,1
4690,59,1
4690,11,1
4690,96,1
4690,32,1
4690,60,1
4690,43,1
4691,80,1
4691,35,1
4691,36,1
4691,48,1
4691,27,1
4691,101,1
4691,58,1
4692,1,1
4692,37,1
4692,66,1
4692,105,1
4692,58,1
4692,46,1
4692,25,1
4693,34,1
4693,1,1
4693,30,1
4693,37,1
4693,6,1
4693,9,1
4693,76,1
4694,6,1
4694,59,1
4694,43,1
4694,130,1
4694,58,1
4694,1,1
4694,32,1
4695,59,1
4695,80,1
4695,38,1
4695,85,1
4695,30,1
4695,76,1
4695,30,1
4696,95,1
4696,58,1
4696,139,1
4696,89,1
4696,100,1
4696,4,1
4696,30,1
4697,83,1
4697,25,1
4697,80,1
4697,84,1
4697,32,1
4697,120,1
4697,129,1
4698,85,1
4698,32,1
4698,6,1
4698,124,1
4698,37,1
4698,1,1
4698,4,1
4699,60,1
4699,68,1
4699,30,1
4699,32,1
4699,100,1
4699,37,1
4699,32,1
4699,30,1
4699,35,1
4699,118,1
4699,41,1
4700,32,1
4700,30,1
4700,35,1
4700,101,1
4700,100,1
4700,1,1
4700,35,1
4701,30,1
4701,37,1
4701,44,1
4701,25,1
4701,3,1
4701,1,1
4701,30,1
4702,58,1
4702,59,1
4702,105,1
4702,1,1
4702,32,1
4702,144,1
4702,82,1
4703,6,1
4703,125,1
4703,129,1
4703,41,1
4703,58,1
4703,65,1
4703,35,1
4704,76,1
4704,30,1
4704,135,1
4704,58,1
4704,30,1
4704,32,1
4704,6,1
4705,118,1
4705,96,1
4705,37,1
4705,44,1
4705,6,1
4705,108,1
4705,19,1
4706,85,1
4706,58,1
4706,59,1
4706,139,1
4706,38,1
4706,35,1
4706,44,1
4707,9,1
4707,67,1
4707,32,1
4707,30,1
4707,35,1
4707,14,1
4707,38,1
4708,60,1
4708,1,1
4708,4,1
4708,6,1
4708,81,1
4708,3,1
4708,32,1
4709,30,1
4709,6,1
4709,111,1
4709,30,1
4709,40,1
4709,6,1
4709,89,1
4710,81,1
4710,24,1
4710,67,1
4710,152,1
4710,37,1
4710,89,1
4710,52,1
4710,32,1
4710,37,1
4710,6,1
4710,105,1
4710,47,1
4710,126,1
4710,110,1
4710,107,1
4710,59,1
4710,7,1
4710,78,1
4710,30,1
4710,120,1
4710,37,1
4710,137,1
4710,30,1
4710,47,1
4710,40,1
4710,43,1
4710,105,1
4710,41,1
4710,38,1
4710,1,1
4710,118,1
4710,102,1
4710,74,1
4710,6,1
4710,47,1
4710,25,1
4710,30,1
4710,32,1
4710,38,1
4710,133,1
4710,60,1
4710,30,1
4710,91,1
4710,58,1
4710,35,1
4710,89,1
4710,41,1
4710,32,1
4710,98,1
4710,102,1
4710,4,1
4710,30,1
4710,32,1
4710,85,1
4710,58,1
4711,32,1
4711,37,1
4711,35,1
4711,60,1
4711,16,1
4711,35,1
4711,30,1
4712,85,1
4712,25,1
4712,51,1
4712,91,1
4712,30,1
4712,6,1
4712,102,1
4713,41,1
4713,80,1
4713,30,1
4713,59,1
4713,35,1
4713,58,1
4713,46,1
4714,30,1
4714,32,1
4714,58,1
4714,6,1
4714,25,1
4714,46,1
4714,76,1
4715,30,1
4715,65,1
4715,100,1
4715,9,1
4715,47,1
4715,110,1
4715,32,1
4716,37,1
4716,30,1
4716,133,1
4716,60,1
4716,130,1
4716,30,1
4716,34,1
4717,143,1
4717,25,1
4717,9,1
4717,30,1
4717,96,1
4717,95,1
4717,4,1
4718,139,1
4718,82,1
4718,59,1
4718,58,1
4718,37,1
4718,32,1
4718,6,1
4719,61,1
4719,102,1
4719,105,1
4719,58,1
4719,25,1
4719,80,1
4719,35,1
4720,149,1
4720,105,1
4720,123,1
4720,27,1
4720,59,1
4720,35,1
4720,67,1
4721,110,1
4721,96,1
4721,58,1
4721,60,1
4721,46,1
4721,6,1
4721,41,1
4722,30,1
4722,58,1
4722,40,1
4722,60,1
4722,129,1
4722,68,1
4722,34,1
4723,58,1
4723,47,1
4723,56,1
4723,30,1
4723,6,1
4723,120,1
4723,41,1
4724,47,1
4724,89,1
4724,69,1
4724,32,1
4724,35,1
4724,152,1
4724,124,1
4725,27,1
4725,30,1
4725,47,1
4725,1,1
4725,38,1
4725,6,1
4725,74,1
4726,47,1
4726,118,1
4726,135,1
4726,57,1
4726,35,1
4726,59,1
4726,60,1
4727,38,1
4727,1,1
4727,59,1
4727,58,1
4727,60,1
4727,59,1
4727,32,1
4728,30,1
4728,47,1
4728,97,1
4728,41,1
4728,59,1
4728,30,1
4728,32,1
4728,6,1
4728,74,1
4728,50,1
4729,3,1
4729,1,1
4729,30,1
4729,59,1
4729,43,1
4729,101,1
4729,47,1
4730,41,1
4730,32,1
4730,59,1
4730,133,1
4730,30,1
4730,45,1
4730,32,1
4731,30,1
4731,38,1
4731,25,1
4731,58,1
4731,6,1
4731,116,1
4731,25,1
4732,58,1
4732,35,1
4732,38,1
4732,32,1
4732,37,1
4732,30,1
4732,111,1
4733,30,1
4733,32,1
4733,50,1
4733,84,1
4733,41,1
4733,110,1
4733,37,1
4734,6,1
4734,50,1
4734,37,1
4734,32,1
4734,152,1
4734,89,1
4734,32,1
4735,30,1
4735,65,1
4735,68,1
4735,46,1
4735,76,1
4735,110,1
4735,59,1
4736,47,1
4736,9,1
4736,48,1
4736,58,1
4736,59,1
4736,32,1
4736,6,1
4737,30,1
4737,30,1
4737,59,1
4737,139,1
4737,6,1
4737,60,1
4737,78,1
4738,41,1
4738,32,1
4738,30,1
4738,12,1
4738,78,1
4738,30,1
4738,1,1
4739,58,1
4739,137,1
4739,3,1
4739,84,1
4739,30,1
4739,32,1
4739,35,1
4740,6,1
4740,100,1
4740,68,1
4740,59,1
4740,30,1
4740,32,1
4740,66,1
4741,6,1
4741,102,1
4741,74,1
4741,35,1
4741,41,1
4741,68,1
4741,32,1
4742,6,1
4742,79,1
4742,47,1
4742,81,1
4742,9,1
4742,143,1
4742,89,1
4743,40,1
4743,35,1
4743,37,1
4743,67,1
4743,40,1
4743,41,1
4743,32,1
4744,30,1
4744,37,1
4744,100,1
4744,46,1
4744,58,1
4744,27,1
4744,32,1
4745,6,1
4745,124,1
4745,47,1
4745,80,1
4745,74,1
4745,30,1
4745,66,1
4746,43,1
4746,78,1
4746,47,1
4746,25,1
4746,25,1
4746,32,1
4746,35,1
4747,67,1
4747,43,1
4747,69,1
4747,11,1
4747,37,1
4747,1,1
4747,142,1
4748,74,1
4748,113,1
4748,30,1
4748,32,1
4748,137,1
4748,68,1
4748,25,1
4748,48,1
4749,47,1
4749,113,1
4749,34,1
4749,32,1
4749,47,1
4749,80,1
4749,76,1
4750,40,1
4750,37,1
4750,30,1
4750,47,1
4750,5,1
4750,94,1
4750,32,1
4750,78,1
4750,25,1
4750,19,1
4750,32,1
4750,59,1
4751,66,1
4751,47,1
4751,32,1
4751,37,1
4751,43,1
4751,80,1
4751,68,1
4752,84,1
4752,27,1
4752,32,1
4752,139,1
4752,14,1
4752,89,1
4752,107,1
4753,120,1
4753,151,1
4753,37,1
4753,59,1
4753,41,1
4753,32,1
4753,107,1
4754,45,1
4754,84,1
4754,30,1
4754,35,1
4754,37,1
4754,148,1
4754,121,1
4755,25,1
4755,40,1
4755,59,1
4755,32,1
4755,1,1
4755,83,1
4755,38,1
4756,102,1
4756,41,1
4756,80,1
4756,25,1
4756,34,1
4756,30,1
4756,1,1
4757,32,1
4757,32,1
4757,58,1
4757,30,1
4757,35,1
4757,84,1
4757,46,1
4758,3,1
4758,59,1
4758,32,1
4758,52,1
4758,30,1
4758,113,1
4758,126,1
4759,1,1
4759,30,1
4759,1,1
4759,40,1
4759,32,1
4759,60,1
4759,125,1
4760,111,1
4760,95,1
4760,59,1
4760,96,1
4760,41,1
4760,105,1
4760,76,1
4761,1,1
4761,35,1
4761,37,1
4761,30,1
4761,60,1
4761,130,1
4761,41,1
4762,47,1
4762,95,1
4762,47,1
4762,84,1
4762,6,1
4762,76,1
4762,110,1
4763,35,1
4763,58,1
4763,14,1
4763,99,1
4763,46,1
4763,30,1
4763,96,1
4764,32,1
4764,100,1
4764,47,1
4764,103,1
4764,32,1
4764,98,1
4764,60,1
4765,41,1
4765,76,1
4765,37,1
4765,41,1
4765,99,1
4765,47,1
4765,74,1
4766,47,1
4766,51,1
4766,59,1
4766,38,1
4766,47,1
4766,9,1
4766,35,1
4767,67,1
4767,137,1
4767,32,1
4767,47,1
4767,113,1
4767,59,1
4767,4,1
4768,30,1
4768,89,1
4768,25,1
4768,76,1
4768,59,1
4768,40,1
4768,74,1
4769,89,1
4769,46,1
4769,76,1
4769,27,1
4769,96,1
4769,37,1
4769,91,1
4769,43,1
4770,68,1
4770,85,1
4770,56,1
4770,30,1
4770,95,1
4770,32,1
4770,122,1
4771,1,1
4771,37,1
4771,41,1
4771,116,1
4771,6,1
4771,79,1
4771,147,1
4772,68,1
4772,74,1
4772,30,1
4772,130,1
4772,98,1
4772,89,1
4772,76,1
4772,9,1
4772,24,1
4772,47,1
4773,32,1
4773,30,1
4773,69,1
4773,32,1
4773,37,1
4773,4,1
4773,60,1
4774,67,1
4774,74,1
4774,32,1
4774,59,1
4774,139,1
4774,40,1
4774,4,1
4775,142,1
4775,30,1
4775,104,1
4775,6,1
4775,89,1
4775,4,1
4775,32,1
4776,6,1
4776,47,1
4776,110,1
4776,50,1
4776,6,1
4776,1,1
4776,37,1
4777,152,1
4777,32,1
4777,38,1
4777,89,1
4777,58,1
4777,83,1
4777,30,1
4778,32,1
4778,104,1
4778,14,1
4778,89,1
4778,25,1
4778,122,1
4778,110,1
4779,67,1
4779,76,1
4779,9,1
4779,30,1
4779,1,1
4779,30,1
4779,60,1
4780,32,1
4780,47,1
4780,118,1
4780,47,1
4780,101,1
4780,59,1
4780,41,1
4781,47,1
4781,30,1
4781,81,1
4781,47,1
4781,110,1
4781,35,1
4781,6,1
4782,76,1
4782,30,1
4782,3,1
4782,68,1
4782,32,1
4782,59,1
4782,66,1
4782,67,1
4783,30,1
4783,74,1
4783,30,1
4783,1,1
4783,59,1
4783,68,1
4783,74,1
4784,30,1
4784,35,1
4784,58,1
4784,30,1
4784,104,1
4784,41,1
4784,74,1
4785,27,1
4785,59,1
4785,58,1
4785,66,1
4785,47,1
4785,41,1
4785,135,1
4786,32,1
4786,30,1
4786,37,1
4786,66,1
4786,6,1
4786,100,1
4786,32,1
4787,67,1
4787,130,1
4787,25,1
4787,76,1
4787,32,1
4787,1,1
4787,37,1
4788,40,1
4788,38,1
4788,6,1
4788,30,1
4788,27,1
4788,95,1
4788,35,1
4789,30,1
4789,37,1
4789,25,1
4789,11,1
4789,51,1
4789,37,1
4789,32,1
4790,151,1
4790,79,1
4790,47,1
4790,19,1
4790,59,1
4790,32,1
4790,40,1
4791,6,1
4791,43,1
4791,1,1
4791,82,1
4791,40,1
4791,59,1
4791,30,1
4792,32,1
4792,59,1
4792,6,1
4792,56,1
4792,37,1
4792,30,1
4792,32,1
4793,66,1
4793,79,1
4793,37,1
4793,58,1
4793,32,1
4793,76,1
4793,41,1
4794,47,1
4794,30,1
4794,32,1
4794,46,1
4794,100,1
4794,81,1
4794,74,1
4795,59,1
4795,6,1
4795,30,1
4795,35,1
4795,76,1
4795,67,1
4795,100,1
4796,25,1
4796,40,1
4796,58,1
4796,104,1
4796,59,1
4796,66,1
4796,97,1
4797,79,1
4797,1,1
4797,6,1
4797,47,1
4797,18,1
4797,41,1
4797,76,1
4798,37,1
4798,41,1
4798,89,1
4798,46,1
4798,32,1
4798,30,1
4798,143,1
4799,134,1
4799,32,1
4799,142,1
4799,99,1
4799,1,1
4799,66,1
4799,40,1
4800,59,1
4800,6,1
4800,56,1
4800,58,1
4800,30,1
4800,37,1
4800,129,1
4801,124,1
4801,98,1
4801,30,1
4801,32,1
4801,89,1
4801,84,1
4801,30,1
4802,32,1
4802,59,1
4802,107,1
4802,38,1
4802,80,1
4802,47,1
4802,59,1
4803,124,1
4803,27,1
4803,32,1
4803,40,1
4803,37,1
4803,6,1
4803,71,1
4804,19,1
4804,59,1
4804,30,1
4804,104,1
4804,99,1
4804,59,1
4804,25,1
4804,47,1
4804,30,1
4805,4,1
4805,30,1
4805,1,1
4805,6,1
4805,120,1
4805,100,1
4805,1,1
4806,30,1
4806,35,1
4806,137,1
4806,101,1
4806,84,1
4806,9,1
4806,30,1
4806,47,1
4807,30,1
4807,14,1
4807,84,1
4807,58,1
4807,34,1
4807,1,1
4807,98,1
4808,47,1
4808,46,1
4808,25,1
4808,19,1
4808,51,1
4808,133,1
4808,40,1
4808,25,1
4808,46,1
4808,74,1
4809,25,1
4809,81,1
4809,25,1
4809,130,1
4809,59,1
4809,66,1
4809,60,1
4809,59,1
4810,32,1
4810,83,1
4810,40,1
4810,36,1
4810,58,1
4810,57,1
4810,14,1
4811,7,1
4811,118,1
4811,85,1
4811,30,1
4811,32,1
4811,38,1
4811,18,1
4812,80,1
4812,98,1
4812,30,1
4812,58,1
4812,6,1
4812,46,1
4812,85,1
4812,32,1
4812,52,1
4813,37,1
4813,30,1
4813,40,1
4813,9,1
4813,130,1
4813,19,1
4813,37,1
4814,6,1
4814,60,1
4814,117,1
4814,25,1
4814,95,1
4814,30,1
4814,58,1
4815,115,1
4815,79,1
4815,6,1
4815,80,1
4815,30,1
4815,37,1
4815,32,1
4816,35,1
4816,65,1
4816,43,1
4816,41,1
4816,47,1
4816,100,1
4816,101,1
4817,89,1
4817,76,1
4817,46,1
4817,30,1
4817,135,1
4817,41,1
4817,32,1
4818,98,1
4818,79,1
4818,58,1
4818,40,1
4818,96,1
4818,38,1
4818,37,1
4819,78,1
4819,79,1
4819,35,1
4819,104,1
4819,59,1
4819,43,1
4819,38,1
4820,76,1
4820,32,1
4820,6,1
4820,120,1
4820,30,1
4820,107,1
4820,41,1
4820,32,1
4820,40,1
4821,43,1
4821,47,1
4821,80,1
4821,32,1
4821,3,1
4821,30,1
4821,152,1
4822,66,1
4822,98,1
4822,89,1
4822,46,1
4822,34,1
4822,40,1
4822,58,1
4822,32,1
4823,30,1
4823,74,1
4823,76,1
4823,11,1
4823,30,1
4823,32,1
4823,98,1
4824,50,1
4824,115,1
4824,24,1
4824,30,1
4824,32,1
4824,58,1
4824,47,1
4825,30,1
4825,32,1
4825,35,1
4825,58,1
4825,78,1
4825,68,1
4825,56,1
4826,32,1
4826,143,1
4826,20,1
4826,41,1
4826,58,1
4826,30,1
4826,37,1
4827,67,1
4827,76,1
4827,130,1
4827,47,1
4827,47,1
4827,32,1
4827,25,1
4828,41,1
4828,30,1
4828,79,1
4828,19,1
4828,126,1
4828,37,1
4828,91,1
4828,35,1
4829,89,1
4829,41,1
4829,59,1
4829,4,1
4829,6,1
4829,25,1
4829,124,1
4830,59,1
4830,41,1
4830,6,1
4830,85,1
4830,4,1
4830,35,1
4830,59,1
4831,58,1
4831,30,1
4831,142,1
4831,100,1
4831,47,1
4831,30,1
4831,58,1
4832,40,1
4832,38,1
4832,68,1
4832,80,1
4832,69,1
4832,51,1
4832,32,1
4833,38,1
4833,60,1
4833,47,1
4833,9,1
4833,71,1
4833,6,1
4833,70,1
4834,5,1
4834,4,1
4834,10,1
4834,15,1
4834,1,1
4834,3,1
4834,9,1
4835,18,1
4835,8,1
4835,17,1
4835,87,1
4835,24,1
4835,102,1
4835,35,1
4836,51,1
4836,52,1
4836,109,1
4836,119,1
4836,53,1
4836,28,1
4836,78,1
4837,29,1
4837,74,1
4837,112,1
4837,46,1
4837,32,1
4837,28,1
4837,58,1
4837,48,1
4838,113,1
4838,81,1
4838,40,1
4838,30,1
4838,34,1
4838,91,1
4838,30,1
4839,37,1
4839,30,1
4839,38,1
4839,6,1
4839,121,1
4839,97,1
4839,67,1
4840,6,1
4840,43,1
4840,79,1
4840,42,1
4840,47,1
4840,6,1
4840,76,1
4841,89,1
4841,84,1
4841,35,1
4841,152,1
4841,38,1
4841,47,1
4841,68,1
4842,40,1
4842,27,1
4842,30,1
4842,37,1
4842,58,1
4842,67,1
4842,85,1
4843,32,1
4843,35,1
4843,32,1
4843,59,1
4843,149,1
4843,68,1
4843,47,1
4844,84,1
4844,76,1
4844,11,1
4844,126,1
4844,37,1
4844,146,1
4844,89,1
4845,74,1
4845,130,1
4845,76,1
4845,84,1
4845,19,1
4845,96,1
4845,30,1
4846,59,1
4846,152,1
4846,99,1
4846,89,1
4846,32,1
4846,107,1
4846,35,1
4847,32,1
4847,66,1
4847,37,1
4847,80,1
4847,100,1
4847,30,1
4847,58,1
4848,65,1
4848,37,1
4848,99,1
4848,96,1
4848,41,1
4848,58,1
4848,32,1
4849,98,1
4849,85,1
4849,89,1
4849,59,1
4849,58,1
4849,30,1
4849,35,1
4850,50,1
4850,129,1
4850,1,1
4850,30,1
4850,83,1
4850,32,1
4850,59,1
4851,79,1
4851,130,1
4851,58,1
4851,32,1
4851,66,1
4851,129,1
4851,76,1
4851,95,1
4852,51,1
4852,142,1
4852,42,1
4852,89,1
4852,11,1
4852,35,1
4852,77,1
4853,61,1
4853,84,1
4853,32,1
4853,96,1
4853,59,1
4853,1,1
4853,36,1
4854,40,1
4854,123,1
4854,32,1
4854,25,1
4854,41,1
4854,1,1
4854,59,1
4855,38,1
4855,105,1
4855,69,1
4855,19,1
4855,35,1
4855,59,1
4855,25,1
4855,52,1
4855,32,1
4855,38,1
4855,66,1
4855,146,1
4856,6,1
4856,80,1
4856,81,1
4856,32,1
4856,30,1
4856,35,1
4856,6,1
4857,129,1
4857,25,1
4857,89,1
4857,32,1
4857,84,1
4857,30,1
4857,32,1
4857,79,1
4858,143,1
4858,100,1
4858,58,1
4858,30,1
4858,40,1
4858,6,1
4858,81,1
4859,59,1
4859,32,1
4859,105,1
4859,134,1
4859,1,1
4859,32,1
4859,98,1
4860,35,1
4860,30,1
4860,40,1
4860,47,1
4860,68,1
4860,130,1
4860,110,1
4861,37,1
4861,30,1
4861,110,1
4861,91,1
4861,59,1
4861,35,1
4861,47,1
4862,130,1
4862,25,1
4862,30,1
4862,101,1
4862,105,1
4862,110,1
4862,32,1
4863,30,1
4863,37,1
4863,6,1
4863,80,1
4863,25,1
4863,18,1
4863,56,1
4863,37,1
4863,126,1
4864,30,1
4864,6,1
4864,25,1
4864,98,1
4864,47,1
4864,47,1
4864,78,1
4865,32,1
4865,37,1
4865,32,1
4865,37,1
4865,82,1
4865,43,1
4865,30,1
4866,58,1
4866,40,1
4866,32,1
4866,35,1
4866,37,1
4866,85,1
4866,58,1
4867,37,1
4867,30,1
4867,59,1
4867,40,1
4867,74,1
4867,27,1
4867,32,1
4868,46,1
4868,80,1
4868,30,1
4868,62,1
4868,60,1
4868,101,1
4868,80,1
4869,40,1
4869,32,1
4869,35,1
4869,58,1
4869,38,1
4869,59,1
4869,30,1
4870,1,1
4870,65,1
4870,101,1
4870,47,1
4870,58,1
4870,37,1
4870,133,1
4871,67,1
4871,46,1
4871,30,1
4871,32,1
4871,25,1
4871,102,1
4871,37,1
4872,30,1
4872,89,1
4872,58,1
4872,32,1
4872,35,1
4872,118,1
4872,58,1
4873,1,1
4873,139,1
4873,82,1
4873,37,1
4873,6,1
4873,47,1
4873,1,1
4874,126,1
4874,30,1
4874,59,1
4874,102,1
4874,69,1
4874,95,1
4874,34,1
4875,32,1
4875,37,1
4875,79,1
4875,81,1
4875,56,1
4875,37,1
4875,96,1
4876,32,1
4876,30,1
4876,74,1
4876,56,1
4876,51,1
4876,148,1
4876,80,1
4877,74,1
4877,56,1
4877,59,1
4877,30,1
4877,40,1
4877,66,1
4877,121,1
4878,27,1
4878,59,1
4878,30,1
4878,144,1
4878,32,1
4878,113,1
4878,95,1
4879,41,1
4879,35,1
4879,105,1
4879,76,1
4879,47,1
4879,68,1
4879,37,1
4880,4,1
4880,40,1
4880,83,1
4880,30,1
4880,58,1
4880,146,1
4880,59,1
4881,35,1
4881,124,1
4881,30,1
4881,45,1
4881,58,1
4881,35,1
4881,6,1
4882,89,1
4882,59,1
4882,127,1
4882,6,1
4882,68,1
4882,32,1
4882,59,1
4883,79,1
4883,47,1
4883,68,1
4883,11,1
4883,102,1
4883,25,1
4883,19,1
4884,1,1
4884,30,1
4884,60,1
4884,32,1
4884,126,1
4884,52,1
4884,37,1
4885,20,1
4885,60,1
4885,46,1
4885,27,1
4885,91,1
4885,37,1
4885,32,1
4886,60,1
4886,99,1
4886,41,1
4886,4,1
4886,59,1
4886,122,1
4886,32,1
4886,38,1
4887,146,1
4887,74,1
4887,76,1
4887,84,1
4887,124,1
4887,34,1
4887,113,1
4888,37,1
4888,37,1
4888,58,1
4888,32,1
4888,152,1
4888,149,1
4888,118,1
4889,105,1
4889,89,1
4889,35,1
4889,59,1
4889,60,1
4889,32,1
4889,58,1
4890,137,1
4890,45,1
4890,123,1
4890,68,1
4890,47,1
4890,52,1
4890,65,1
4891,65,1
4891,30,1
4891,59,1
4891,81,1
4891,30,1
4891,59,1
4891,32,1
4892,101,1
4892,134,1
4892,65,1
4892,19,1
4892,59,1
4892,58,1
4892,65,1
4893,79,1
4893,147,1
4893,74,1
4893,1,1
4893,30,1
4893,98,1
4893,32,1
4894,41,1
4894,74,1
4894,102,1
4894,47,1
4894,65,1
4894,32,1
4894,35,1
4895,100,1
4895,84,1
4895,37,1
4895,68,1
4895,1,1
4895,32,1
4895,30,1
4896,35,1
4896,129,1
4896,85,1
4896,47,1
4896,32,1
4896,139,1
4896,58,1
4897,84,1
4897,58,1
4897,146,1
4897,76,1
4897,47,1
4897,96,1
4897,30,1
4898,127,1
4898,58,1
4898,40,1
4898,32,1
4898,27,1
4898,32,1
4898,40,1
4899,59,1
4899,142,1
4899,78,1
4899,126,1
4899,41,1
4899,32,1
4899,65,1
4900,98,1
4900,82,1
4900,1,1
4900,30,1
4900,38,1
4900,41,1
4900,146,1
4901,18,1
4901,47,1
4901,32,1
4901,32,1
4901,122,1
4901,30,1
4901,100,1
4901,32,1
4901,30,1
4901,32,1
4901,6,1
4901,18,1
4902,46,1
4902,85,1
4902,32,1
4902,30,1
4902,11,1
4902,37,1
4902,83,1
4903,32,1
4903,60,1
4903,130,1
4903,59,1
4903,32,1
4903,35,1
4903,9,1
4904,59,1
4904,58,1
4904,35,1
4904,102,1
4904,41,1
4904,59,1
4904,11,1
4905,30,1
4905,58,1
4905,144,1
4905,35,1
4905,37,1
4905,79,1
4905,134,1
4906,11,1
4906,45,1
4906,37,1
4906,66,1
4906,47,1
4906,107,1
4906,59,1
4907,152,1
4907,61,1
4907,74,1
4907,32,1
4907,105,1
4907,25,1
4907,38,1
4908,37,1
4908,76,1
4908,3,1
4908,47,1
4908,40,1
4908,96,1
4908,58,1
4909,41,1
4909,59,1
4909,38,1
4909,30,1
4909,32,1
4909,25,1
4909,27,1
4910,59,1
4910,40,1
4910,6,1
4910,47,1
4910,35,1
4910,96,1
4910,139,1
4911,136,1
4911,85,1
4911,59,1
4911,30,1
4911,66,1
4911,4,1
4911,126,1
4912,122,1
4912,58,1
4912,30,1
4912,98,1
4912,19,1
4912,40,1
4912,59,1
4913,35,1
4913,61,1
4913,6,1
4913,27,1
4913,40,1
4913,65,1
4913,77,1
4914,60,1
4914,30,1
4914,59,1
4914,40,1
4914,52,1
4914,30,1
4914,74,1
4915,85,1
4915,58,1
4915,37,1
4915,32,1
4915,6,1
4915,79,1
4915,124,1
4916,41,1
4916,27,1
4916,34,1
4916,37,1
4916,58,1
4916,60,1
4916,32,1
4917,58,1
4917,59,1
4917,107,1
4917,35,1
4917,30,1
4917,116,1
4917,40,1
4918,32,1
4918,35,1
4918,37,1
4918,25,1
4918,82,1
4918,98,1
4918,32,1
4919,117,1
4919,25,1
4919,4,1
4919,37,1
4919,34,1
4919,139,1
4919,35,1
4920,82,1
4920,30,1
4920,96,1
4920,58,1
4920,32,1
4920,101,1
4920,74,1
4920,58,1
4920,30,1
4921,110,1
4921,50,1
4921,66,1
4921,105,1
4921,6,1
4921,82,1
4921,95,1
4921,32,1
4922,98,1
4922,101,1
4922,4,1
4922,58,1
4922,59,1
4922,60,1
4922,47,1
4923,96,1
4923,58,1
4923,51,1
4923,144,1
4923,30,1
4923,18,1
4923,3,1
4924,27,1
4924,37,1
4924,40,1
4924,6,1
4924,137,1
4924,89,1
4924,134,1
4924,4,1
4924,142,1
4924,58,1
4924,32,1
4925,35,1
4925,37,1
4925,47,1
4925,84,1
4925,68,1
4925,110,1
4925,37,1
4925,38,1
4925,102,1
4926,78,1
4926,58,1
4926,30,1
4926,148,1
4926,59,1
4926,38,1
4926,18,1
4927,130,1
4927,27,1
4927,40,1
4927,35,1
4927,37,1
4927,67,1
4927,38,1
4928,30,1
4928,32,1
4928,6,1
4928,105,1
4928,46,1
4928,129,1
4928,47,1
4929,59,1
4929,139,1
4929,32,1
4929,6,1
4929,45,1
4929,69,1
4929,110,1
4930,32,1
4930,37,1
4930,118,1
4930,124,1
4930,30,1
4930,1,1
4930,35,1
4931,37,1
4931,118,1
4931,79,1
4931,32,1
4931,32,1
4931,83,1
4931,30,1
4932,60,1
4932,47,1
4932,6,1
4932,35,1
4932,58,1
4932,1,1
4932,37,1
4933,149,1
4933,27,1
4933,30,1
4933,32,1
4933,66,1
4933,60,1
4933,101,1
4934,59,1
4934,91,1
4934,32,1
4934,38,1
4934,32,1
4934,43,1
4934,105,1
4935,69,1
4935,59,1
4935,6,1
4935,77,1
4935,61,1
4935,102,1
4935,30,1
4936,32,1
4936,139,1
4936,65,1
4936,6,1
4936,123,1
4936,134,1
4936,139,1
4937,32,1
4937,38,1
4937,40,1
4937,41,1
4937,76,1
4937,30,1
4937,46,1
4938,59,1
4938,35,1
4938,59,1
4938,30,1
4938,83,1
4938,38,1
4938,100,1
4939,95,1
4939,37,1
4939,1,1
4939,58,1
4939,35,1
4939,89,1
4939,69,1
4940,32,1
4940,37,1
4940,41,1
4940,32,1
4940,38,1
4940,133,1
4940,58,1
4941,111,1
4941,6,1
4941,37,1
4941,41,1
4941,30,1
4941,85,1
4941,11,1
4942,4,1
4942,35,1
4942,59,1
4942,61,1
4942,60,1
4942,80,1
4942,30,1
4943,32,1
4943,25,1
4943,41,1
4943,38,1
4943,25,1
4943,59,1
4943,35,1
4944,58,1
4944,102,1
4944,3,1
4944,4,1
4944,37,1
4944,35,1
4944,32,1
4945,58,1
4945,105,1
4945,30,1
4945,37,1
4945,32,1
4945,6,1
4945,43,1
4946,79,1
4946,30,1
4946,37,1
4946,6,1
4946,67,1
4946,25,1
4946,81,1
4947,30,1
4947,6,1
4947,125,1
4947,101,1
4947,25,1
4947,81,1
4947,27,1
4948,22,1
4948,32,1
4948,35,1
4948,6,1
4948,100,1
4948,76,1
4948,47,1
4949,35,1
4949,37,1
4949,41,1
4949,68,1
4949,110,1
4949,30,1
4949,58,1
4950,6,1
4950,81,1
4950,1,1
4950,30,1
4950,20,1
4950,6,1
4950,46,1
4951,32,1
4951,30,1
4951,6,1
4951,85,1
4951,47,1
4951,34,1
4951,80,1
4952,32,1
4952,82,1
4952,98,1
4952,6,1
4952,136,1
4952,130,1
4952,30,1
4953,59,1
4953,99,1
4953,43,1
4953,30,1
4953,51,1
4953,59,1
4953,58,1
4954,38,1
4954,89,1
4954,41,1
4954,3,1
4954,32,1
4954,111,1
4954,6,1
4955,46,1
4955,47,1
4955,30,1
4955,30,1
4955,41,1
4955,37,1
4955,101,1
4956,111,1
4956,32,1
4956,12,1
4956,100,1
4956,9,1
4956,30,1
4956,38,1
4957,101,1
4957,41,1
4957,74,1
4957,3,1
4957,6,1
4957,43,1
4957,100,1
4958,35,1
4958,58,1
4958,45,1
4958,47,1
4958,37,1
4958,40,1
4958,67,1
4959,58,1
4959,47,1
4959,1,1
4959,58,1
4959,102,1
4959,30,1
4959,32,1
4960,37,1
4960,66,1
4960,43,1
4960,79,1
4960,80,1
4960,60,1
4960,37,1
4961,15,1
4961,28,1
4961,71,1
4961,100,1
4961,30,1
4961,76,1
4961,101,1
4961,85,1
4961,40,1
4962,79,1
4962,41,1
4962,67,1
4962,117,1
4962,80,1
4962,124,1
4962,46,1
4963,74,1
4963,1,1
4963,77,1
4963,43,1
4963,47,1
4963,80,1
4963,130,1
4964,30,1
4964,120,1
4964,6,1
4964,67,1
4964,125,1
4964,6,1
4964,43,1
4965,4,1
4965,20,1
4965,100,1
4965,85,1
4965,101,1
4965,66,1
4965,38,1
4966,61,1
4966,37,1
4966,41,1
4966,118,1
4966,85,1
4966,42,1
4966,47,1
4967,6,1
4967,77,1
4967,108,1
4967,137,1
4967,102,1
4967,101,1
4967,1,1
4968,37,1
4968,67,1
4968,47,1
4968,76,1
4968,121,1
4968,41,1
4968,30,1
4969,38,1
4969,1,1
4969,115,1
4969,37,1
4969,41,1
4969,101,1
4969,89,1
4970,77,1
4970,43,1
4970,67,1
4970,100,1
4970,89,1
4970,68,1
4970,47,1
4971,6,1
4971,61,1
4971,152,1
4971,99,1
4971,30,1
4971,78,1
4971,70,1
4972,40,1
4972,6,1
4972,68,1
4972,41,1
4972,46,1
4972,136,1
4972,115,1
4973,74,1
4973,38,1
4973,32,1
4973,108,1
4973,146,1
4973,80,1
4973,130,1
4974,101,1
4974,38,1
4974,6,1
4974,67,1
4974,25,1
4974,101,1
4974,97,1
4975,32,1
4975,6,1
4975,32,1
4975,43,1
4975,7,1
4975,6,1
4975,6,1
4976,143,1
4976,146,1
4976,66,1
4976,120,1
4976,44,1
4976,130,1
4976,30,1
4977,142,1
4977,41,1
4977,42,1
4977,117,1
4977,30,1
4977,68,1
4977,43,1
4978,41,1
4978,143,1
4978,45,1
4978,153,1
4978,77,1
4978,143,1
4978,47,1
4979,78,1
4979,69,1
4979,32,1
4979,80,1
4979,66,1
4979,77,1
4979,105,1
4980,97,1
4980,40,1
4980,81,1
4980,67,1
4980,136,1
4980,98,1
4980,60,1
4981,101,1
4981,6,1
4981,41,1
4981,153,1
4981,60,1
4981,6,1
4981,100,1
4982,67,1
4982,25,1
4982,153,1
4982,60,1
4982,6,1
4982,100,1
4982,41,1
4983,40,1
4983,37,1
4983,98,1
4983,43,1
4983,9,1
4983,66,1
4983,6,1
4984,136,1
4984,43,1
4984,67,1
4984,108,1
4984,79,1
4984,101,1
4984,115,1
4985,60,1
4985,69,1
4985,113,1
4985,6,1
4985,44,1
4985,102,1
4985,9,1
4986,105,1
4986,41,1
4986,137,1
4986,25,1
4986,84,1
4986,6,1
4986,60,1
4987,43,1
4987,41,1
4987,76,1
4987,25,1
4987,84,1
4987,6,1
4987,4,1
4987,37,1
4987,68,1
4988,78,1
4988,25,1
4988,89,1
4988,67,1
4988,74,1
4988,6,1
4988,124,1
4989,75,1
4989,80,1
4989,30,1
4989,69,1
4989,32,1
4989,76,1
4989,47,1
4990,101,1
4990,6,1
4990,115,1
4990,67,1
4990,60,1
4990,6,1
4990,47,1
4991,100,1
4991,67,1
4991,32,1
4991,115,1
4991,43,1
4991,67,1
4991,143,1
4992,146,1
4992,80,1
4992,98,1
4992,44,1
4992,100,1
4992,68,1
4992,46,1
4993,30,1
4993,113,1
4993,136,1
4993,69,1
4993,79,1
4993,6,1
4993,108,1
4994,43,1
4994,18,1
4994,74,1
4994,137,1
4994,89,1
4994,25,1
4994,46,1
4995,74,1
4995,47,1
4995,113,1
4995,130,1
4995,76,1
4995,153,1
4995,37,1
4995,115,1
4995,43,1
4995,6,1
4995,118,1
4995,102,1
4996,38,1
4996,41,1
4996,46,1
4996,100,1
4996,6,1
4996,76,1
4996,89,1
4997,105,1
4997,41,1
4997,47,1
4997,102,1
4997,108,1
4997,81,1
4997,100,1
4998,41,1
4998,77,1
4998,43,1
4998,68,1
4998,25,1
4998,38,1
4998,98,1
4999,47,1
4999,147,1
4999,30,1
4999,48,1
4999,77,1
4999,43,1
4999,100,1
5000,76,1
5000,30,1
5000,45,1
5000,89,1
5000,76,1
5000,121,1
5000,67,1
5001,101,1
5001,30,1
5001,6,1
5001,143,1
5001,100,1
5001,47,1
5001,118,1
5002,6,1
5002,37,1
5002,43,1
5002,98,1
5002,38,1
5002,97,1
5002,121,1
5003,32,1
5003,37,1
5003,6,1
5003,6,1
5003,38,1
5003,148,1
5003,78,1
5004,81,1
5004,9,1
5004,1,1
5004,79,1
5004,46,1
5004,117,1
5004,76,1
5005,101,1
5005,60,1
5005,136,1
5005,43,1
5005,69,1
5005,6,1
5005,60,1
5005,6,1
5005,60,1
5005,68,1
5005,106,1
5006,79,1
5006,25,1
5006,89,1
5006,85,1
5006,74,1
5006,46,1
5006,38,1
5007,77,1
5007,60,1
5007,143,1
5007,100,1
5007,88,1
5007,60,1
5007,135,1
5008,32,1
5008,43,1
5008,45,1
5008,68,1
5008,46,1
5008,136,1
5008,38,1
5008,105,1
5009,47,1
5009,25,1
5009,40,1
5009,61,1
5009,77,1
5009,143,1
5009,41,1
5010,1,1
5010,41,1
5010,79,1
5010,67,1
5010,6,1
5010,149,1
5010,74,1
5011,47,1
5011,77,1
5011,47,1
5011,137,1
5011,41,1
5011,137,1
5011,38,1
5012,66,1
5012,135,1
5012,6,1
5012,25,1
5012,80,1
5012,38,1
5012,6,1
5013,78,1
5013,79,1
5013,80,1
5013,81,1
5013,60,1
5013,41,1
5013,6,1
5014,45,1
5014,3,1
5014,25,1
5014,102,1
5014,1,1
5014,115,1
5014,32,1
5015,43,1
5015,89,1
5015,61,1
5015,47,1
5015,30,1
5015,43,1
5015,6,1
5016,47,1
5016,18,1
5016,123,1
5016,38,1
5016,100,1
5016,6,1
5016,43,1
5017,41,1
5017,80,1
5017,74,1
5017,130,1
5017,38,1
5017,77,1
5017,1,1
5018,6,1
5018,46,1
5018,129,1
5018,32,1
5018,137,1
5018,78,1
5018,30,1
5019,89,1
5019,6,1
5019,41,1
5019,25,1
5019,30,1
5019,74,1
5019,30,1
5020,40,1
5020,6,1
5020,67,1
5020,47,1
5020,80,1
5020,89,1
5020,25,1
5021,136,1
5021,39,1
5021,41,1
5021,40,1
5021,37,1
5021,60,1
5021,75,1
5021,101,1
5022,25,1
5022,77,1
5022,67,1
5022,44,1
5022,68,1
5022,80,1
5022,113,1
5023,27,1
5023,25,1
5023,98,1
5023,43,1
5023,116,1
5023,46,1
5023,118,1
5024,25,1
5024,32,1
5024,115,1
5024,43,1
5024,67,1
5024,74,1
5024,89,1
5025,1,1
5025,60,1
5025,43,1
5025,68,1
5025,138,1
5025,30,1
5025,47,1
5026,89,1
5026,74,1
5026,76,1
5026,105,1
5026,97,1
5026,32,1
5026,9,1
5026,32,1
5026,70,1
5026,47,1
5026,46,1
5026,25,1
5026,67,1
5026,76,1
5027,101,1
5027,32,1
5027,101,1
5027,47,1
5027,101,1
5027,153,1
5027,79,1
5028,131,1
5028,44,1
5028,43,1
5028,124,1
5028,108,1
5028,60,1
5028,47,1
5029,45,1
5029,69,1
5029,30,1
5029,143,1
5029,30,1
5029,60,1
5029,38,1
5030,39,1
5030,152,1
5030,137,1
5030,46,1
5030,80,1
5030,40,1
5030,67,1
5030,6,1
5030,79,1
5030,38,1
5031,15,1
5031,47,1
5031,102,1
5031,25,1
5031,30,1
5031,47,1
5031,76,1
5032,46,1
5032,32,1
5032,6,1
5032,101,1
5032,60,1
5032,44,1
5032,37,1
5033,47,1
5033,76,1
5033,6,1
5033,45,1
5033,3,1
5033,38,1
5033,40,1
5034,6,1
5034,7,1
5034,76,1
5034,138,1
5034,85,1
5034,1,1
5034,41,1
5035,38,1
5035,41,1
5035,75,1
5035,6,1
5035,84,1
5035,6,1
5035,47,1
5035,25,1
5036,67,1
5036,45,1
5036,78,1
5036,47,1
5036,80,1
5036,121,1
5036,41,1
5037,146,1
5037,47,1
5037,76,1
5037,40,1
5037,147,1
5037,81,1
5037,40,1
5038,47,1
5038,46,1
5038,38,1
5038,32,1
5038,44,1
5038,20,1
5038,118,1
5038,76,1
5038,89,1
5038,136,1
5038,136,1
5038,32,1
5038,6,1
5039,137,1
5039,20,1
5039,78,1
5039,74,1
5039,121,1
5039,32,1
5039,41,1
5040,76,1
5040,47,1
5040,30,1
5040,67,1
5040,47,1
5040,38,1
5040,39,1
5041,43,1
5041,89,1
5041,100,1
5041,69,1
5041,47,1
5041,6,1
5041,32,1
5042,115,1
5042,37,1
5042,67,1
5042,79,1
5042,47,1
5042,77,1
5042,6,1
5043,74,1
5043,37,1
5043,6,1
5043,67,1
5043,101,1
5043,47,1
5043,61,1
5044,101,1
5044,25,1
5044,6,1
5044,105,1
5044,43,1
5044,32,1
5044,39,1
5044,101,1
5044,30,1
5044,47,1
5044,84,1
5044,1,1
5045,136,1
5045,39,1
5045,6,1
5045,74,1
5045,25,1
5045,1,1
5045,135,1
5046,43,1
5046,137,1
5046,6,1
5046,67,1
5046,137,1
5046,41,1
5046,98,1
5047,1,1
5047,43,1
5047,135,1
5047,37,1
5047,125,1
5047,79,1
5047,101,1
5048,143,1
5048,47,1
5048,78,1
5048,136,1
5048,47,1
5048,38,1
5048,67,1
5049,68,1
5049,9,1
5049,100,1
5049,32,1
5049,97,1
5049,130,1
5049,30,1
5050,89,1
5050,74,1
5050,153,1
5050,6,1
5050,47,1
5050,80,1
5050,78,1
5050,74,1
5051,30,1
5051,38,1
5051,77,1
5051,151,1
5051,76,1
5051,97,1
5051,67,1
5052,47,1
5052,25,1
5052,39,1
5052,28,1
5052,47,1
5052,25,1
5052,76,1
5053,47,1
5053,101,1
5053,143,1
5053,136,1
5053,32,1
5053,67,1
5053,101,1
5054,47,1
5054,81,1
5054,76,1
5054,74,1
5054,113,1
5054,40,1
5054,32,1
5055,68,1
5055,74,1
5055,30,1
5055,89,1
5055,153,1
5055,60,1
5055,43,1
5056,6,1
5056,129,1
5056,74,1
5056,6,1
5056,25,1
5056,84,1
5056,47,1
5057,77,1
5057,75,1
5057,46,1
5057,25,1
5057,101,1
5057,30,1
5057,1,1
5058,6,1
5058,43,1
5058,125,1
5058,42,1
5058,98,1
5058,102,1
5058,18,1
5059,32,1
5059,6,1
5059,67,1
5059,78,1
5059,9,1
5059,80,1
5059,76,1
5060,44,1
5060,60,1
5060,6,1
5060,43,1
5060,89,1
5060,1,1
5060,41,1
5061,47,1
5061,68,1
5061,30,1
5061,25,1
5061,41,1
5061,67,1
5061,81,1
5062,30,1
5062,67,1
5062,47,1
5062,47,1
5062,1,1
5062,60,1
5062,98,1
5062,100,1
5063,76,1
5063,66,1
5063,137,1
5063,76,1
5063,74,1
5063,47,1
5063,136,1
5064,38,1
5064,6,1
5064,47,1
5064,74,1
5064,3,1
5064,43,1
5064,67,1
5065,130,1
5065,98,1
5065,32,1
5065,6,1
5065,67,1
5065,47,1
5065,39,1
5066,81,1
5066,67,1
5066,108,1
5066,47,1
5066,25,1
5066,113,1
5066,38,1
5067,43,1
5067,115,1
5067,102,1
5067,32,1
5067,25,1
5067,6,1
5067,69,1
5067,101,1
5068,40,1
5068,60,1
5068,115,1
5068,98,1
5068,43,1
5068,101,1
5068,129,1
5069,6,1
5069,43,1
5069,67,1
5069,47,1
5069,80,1
5069,25,1
5069,66,1
5069,136,1
5069,97,1
5070,60,1
5070,47,1
5070,89,1
5070,98,1
5070,6,1
5070,37,1
5070,137,1
5071,68,1
5071,3,1
5071,40,1
5071,6,1
5071,68,1
5071,130,1
5071,47,1
5072,38,1
5072,32,1
5072,143,1
5072,44,1
5072,6,1
5072,25,1
5072,30,1
5073,47,1
5073,6,1
5073,41,1
5073,80,1
5073,130,1
5073,76,1
5073,30,1
5073,6,1
5074,136,1
5074,60,1
5074,62,1
5074,80,1
5074,25,1
5074,81,1
5074,6,1
5075,143,1
5075,68,1
5075,47,1
5075,74,1
5075,89,1
5075,3,1
5075,136,1
5076,41,1
5076,89,1
5076,47,1
5076,47,1
5076,47,1
5076,74,1
5076,130,1
5077,76,1
5077,113,1
5077,1,1
5077,79,1
5077,135,1
5077,47,1
5077,41,1
5078,101,1
5078,89,1
5078,47,1
5078,69,1
5078,32,1
5078,47,1
5078,41,1
5079,68,1
5079,30,1
5079,6,1
5079,135,1
5079,130,1
5079,98,1
5079,30,1
5080,105,1
5080,6,1
5080,132,1
5080,42,1
5080,68,1
5080,30,1
5080,6,1
5080,85,1
5081,113,1
5081,46,1
5081,39,1
5081,41,1
5081,38,1
5081,60,1
5081,43,1
5082,67,1
5082,129,1
5082,32,1
5082,60,1
5082,115,1
5082,47,1
5082,101,1
5083,74,1
5083,67,1
5083,137,1
5083,6,1
5083,118,1
5083,100,1
5083,84,1
5084,41,1
5084,99,1
5084,37,1
5084,6,1
5084,47,1
5084,39,1
5084,41,1
5084,38,1
5085,77,1
5085,6,1
5085,68,1
5085,46,1
5085,41,1
5085,30,1
5085,38,1
5085,77,1
5086,98,1
5086,40,1
5086,132,1
5086,47,1
5086,68,1
5086,80,1
5086,124,1
5087,30,1
5087,38,1
5087,32,1
5087,148,1
5087,6,1
5087,68,1
5087,118,1
5088,47,1
5088,101,1
5088,134,1
5088,32,1
5088,101,1
5088,47,1
5088,78,1
5089,80,1
5089,6,1
5089,67,1
5089,47,1
5089,68,1
5089,41,1
5089,84,1
5090,62,1
5090,15,1
5090,32,1
5090,67,1
5090,76,1
5090,46,1
5090,80,1
5091,105,1
5091,67,1
5091,6,1
5091,117,1
5091,30,1
5091,41,1
5091,80,1
5092,4,1
5092,60,1
5092,101,1
5092,68,1
5092,7,1
5092,79,1
5092,89,1
5093,135,1
5093,101,1
5093,6,1
5093,25,1
5093,85,1
5093,38,1
5093,124,1
5094,75,1
5094,45,1
5094,6,1
5094,69,1
5094,6,1
5094,45,1
5094,41,1
5095,38,1
5095,132,1
5095,129,1
5095,76,1
5095,74,1
5095,143,1
5095,78,1
5096,20,1
5096,68,1
5096,46,1
5096,101,1
5096,34,1
5096,113,1
5096,40,1
5097,43,1
5097,4,1
5097,101,1
5097,89,1
5097,30,1
5097,24,1
5097,105,1
5098,40,1
5098,6,1
5098,43,1
5098,101,1
5098,74,1
5098,76,1
5098,41,1
5098,43,1
5098,6,1
5099,25,1
5099,129,1
5099,98,1
5099,32,1
5099,68,1
5099,25,1
5099,46,1
5100,74,1
5100,32,1
5100,6,1
5100,47,1
5100,102,1
5100,45,1
5100,25,1
5101,101,1
5101,6,1
5101,67,1
5101,81,1
5101,68,1
5101,143,1
5101,47,1
5102,79,1
5102,28,1
5102,81,1
5102,68,1
5102,74,1
5102,32,1
5102,74,1
5102,84,1
5103,105,1
5103,6,1
5103,41,1
5103,18,1
5103,74,1
5103,77,1
5103,47,1
5104,6,1
5104,25,1
5104,41,1
5104,61,1
5104,6,1
5104,137,1
5104,46,1
5105,100,1
5105,68,1
5105,60,1
5105,117,1
5105,20,1
5105,46,1
5105,101,1
5106,74,1
5106,60,1
5106,39,1
5106,143,1
5106,47,1
5106,68,1
5106,89,1
5107,113,1
5107,47,1
5107,44,1
5107,47,1
5107,76,1
5107,69,1
5107,25,1
5107,38,1
5108,85,1
5108,37,1
5108,45,1
5108,76,1
5108,32,1
5108,143,1
5108,47,1
5109,148,1
5109,41,1
5109,47,1
5109,47,1
5109,76,1
5109,38,1
5109,46,1
5109,40,1
5110,61,1
5110,105,1
5110,60,1
5110,41,1
5110,78,1
5110,69,1
5110,38,1
5111,115,1
5111,47,1
5111,120,1
5111,39,1
5111,47,1
5111,41,1
5111,124,1
5112,25,1
5112,47,1
5112,18,1
5112,25,1
5112,39,1
5112,78,1
5112,66,1
5113,77,1
5113,32,1
5113,43,1
5113,81,1
5113,74,1
5113,1,1
5113,41,1
5114,123,1
5114,18,1
5114,47,1
5114,101,1
5114,47,1
5114,40,1
5114,41,1
5115,137,1
5115,47,1
5115,130,1
5115,74,1
5115,113,1
5115,76,1
5115,38,1
5115,25,1
5115,130,1
5116,3,1
5116,32,1
5116,37,1
5116,6,1
5116,30,1
5116,69,1
5116,41,1
5117,47,1
5117,1,1
5117,98,1
5117,41,1
5117,113,1
5117,74,1
5117,80,1
5118,30,1
5118,38,1
5118,41,1
5118,130,1
5118,101,1
5118,74,1
5118,30,1
5119,66,1
5119,60,1
5119,38,1
5119,43,1
5119,68,1
5119,25,1
5119,76,1
5119,105,1
5119,85,1
5119,60,1
5119,40,1
5119,6,1
5120,137,1
5120,18,1
5120,9,1
5120,6,1
5120,47,1
5120,78,1
5120,25,1
5121,30,1
5121,37,1
5121,43,1
5121,45,1
5121,25,1
5121,6,1
5121,47,1
5122,68,1
5122,100,1
5122,6,1
5122,45,1
5122,101,1
5122,41,1
5122,130,1
5123,47,1
5123,89,1
5123,25,1
5123,120,1
5123,38,1
5123,115,1
5123,153,1
5124,6,1
5124,74,1
5124,125,1
5124,25,1
5124,38,1
5124,38,1
5124,85,1
5125,101,1
5125,41,1
5125,100,1
5125,69,1
5125,100,1
5125,41,1
5125,47,1
5126,38,1
5126,136,1
5126,101,1
5126,25,1
5126,38,1
5126,99,1
5126,43,1
5127,6,1
5127,123,1
5127,41,1
5127,47,1
5127,101,1
5127,46,1
5127,30,1
5128,25,1
5128,100,1
5128,115,1
5128,136,1
5128,130,1
5128,85,1
5128,135,1
5129,60,1
5129,41,1
5129,101,1
5129,69,1
5129,105,1
5129,101,1
5129,47,1
5130,1,1
5130,115,1
5130,74,1
5130,47,1
5130,76,1
5130,30,1
5130,46,1
5131,117,1
5131,47,1
5131,89,1
5131,61,1
5131,30,1
5131,38,1
5131,47,1
5132,85,1
5132,41,1
5132,38,1
5132,1,1
5132,41,1
5132,1,1
5132,47,1
5133,25,1
5133,89,1
5133,84,1
5133,101,1
5133,101,1
5133,45,1
5133,30,1
5134,115,1
5134,41,1
5134,47,1
5134,47,1
5134,101,1
5134,6,1
5134,32,1
5134,43,1
5135,47,1
5135,69,1
5135,89,1
5135,102,1
5135,113,1
5135,32,1
5135,47,1
5136,74,1
5136,38,1
5136,76,1
5136,47,1
5136,130,1
5136,30,1
5136,47,1
5137,6,1
5137,97,1
5137,37,1
5137,45,1
5137,123,1
5137,9,1
5137,85,1
5137,32,1
5138,32,1
5138,101,1
5138,136,1
5138,32,1
5138,6,1
5138,129,1
5138,25,1
5139,105,1
5139,15,1
5139,98,1
5139,47,1
5139,7,1
5139,6,1
5139,69,1
5140,32,1
5140,30,1
5140,136,1
5140,32,1
5140,43,1
5140,129,1
5140,100,1
5141,76,1
5141,47,1
5141,18,1
5141,3,1
5141,32,1
5141,47,1
5141,38,1
5142,41,1
5142,47,1
5142,106,1
5142,143,1
5142,6,1
5142,25,1
5142,101,1
5143,89,1
5143,38,1
5143,138,1
5143,89,1
5143,38,1
5143,147,1
5143,129,1
5144,3,1
5144,81,1
5144,60,1
5144,32,1
5144,132,1
5144,47,1
5144,46,1
5145,62,1
5145,32,1
5145,81,1
5145,38,1
5145,6,1
5145,47,1
5145,129,1
5146,80,1
5146,38,1
5146,89,1
5146,41,1
5146,46,1
5146,30,1
5146,100,1
5147,47,1
5147,25,1
5147,47,1
5147,30,1
5147,47,1
5147,76,1
5147,38,1
5148,69,1
5148,40,1
5148,32,1
5148,60,1
5148,9,1
5148,77,1
5148,32,1
5149,39,1
5149,137,1
5149,76,1
5149,47,1
5149,38,1
5149,105,1
5149,47,1
5150,6,1
5150,32,1
5150,47,1
5150,38,1
5150,25,1
5150,97,1
5150,40,1
5151,41,1
5151,78,1
5151,102,1
5151,38,1
5151,32,1
5151,101,1
5151,85,1
5151,6,1
5152,43,1
5152,38,1
5152,47,1
5152,101,1
5152,30,1
5152,76,1
5152,143,1
5153,32,1
5153,39,1
5153,47,1
5153,32,1
5153,143,1
5153,132,1
5153,41,1
5153,25,1
5154,47,1
5154,38,1
5154,32,1
5154,43,1
5154,125,1
5154,41,1
5154,143,1
5155,47,1
5155,74,1
5155,47,1
5155,61,1
5155,37,1
5155,89,1
5155,6,1
5156,44,1
5156,135,1
5156,137,1
5156,47,1
5156,24,1
5156,6,1
5156,43,1
5157,47,1
5157,68,1
5157,30,1
5157,41,1
5157,47,1
5157,30,1
5157,60,1
5158,6,1
5158,18,1
5158,25,1
5158,74,1
5158,98,1
5158,39,1
5158,47,1
5159,105,1
5159,143,1
5159,47,1
5159,38,1
5159,43,1
5159,108,1
5159,78,1
5160,68,1
5160,113,1
5160,25,1
5160,1,1
5160,43,1
5160,47,1
5160,25,1
5161,30,1
5161,102,1
5161,84,1
5161,30,1
5161,38,1
5161,45,1
5161,30,1
5162,74,1
5162,38,1
5162,38,1
5162,97,1
5162,41,1
5162,25,1
5162,32,1
5162,43,1
5163,101,1
5163,100,1
5163,25,1
5163,6,1
5163,60,1
5163,46,1
5163,25,1
5164,66,1
5164,37,1
5164,118,1
5164,44,1
5164,47,1
5164,77,1
5164,6,1
5165,62,1
5165,101,1
5165,47,1
5165,38,1
5165,1,1
5165,40,1
5165,41,1
5166,25,1
5166,102,1
5166,136,1
5166,43,1
5166,45,1
5166,74,1
5166,130,1
5166,32,1
5166,44,1
5166,38,1
5166,47,1
5167,113,1
5167,47,1
5167,89,1
5167,25,1
5167,30,1
5167,70,1
5167,97,1
5168,46,1
5168,41,1
5168,76,1
5168,30,1
5168,47,1
5168,153,1
5168,115,1
5169,136,1
5169,137,1
5169,69,1
5169,101,1
5169,76,1
5169,117,1
5169,6,1
5170,100,1
5170,89,1
5170,74,1
5170,47,1
5170,84,1
5170,113,1
5170,130,1
5171,46,1
5171,47,1
5171,25,1
5171,113,1
5171,108,1
5171,30,1
5171,136,1
5172,1,1
5172,47,1
5172,47,1
5172,25,1
5172,47,1
5172,44,1
5172,47,1
5172,30,1
5173,18,1
5173,105,1
5173,102,1
5173,89,1
5173,101,1
5173,47,1
5173,38,1
5174,32,1
5174,47,1
5174,30,1
5174,101,1
5174,47,1
5174,38,1
5174,115,1
5175,41,1
5175,47,1
5175,130,1
5175,76,1
5175,38,1
5175,47,1
5175,85,1
5176,41,1
5176,38,1
5176,97,1
5176,18,1
5176,46,1
5176,38,1
5176,32,1
5177,42,1
5177,43,1
5177,137,1
5177,24,1
5177,25,1
5177,47,1
5177,47,1
5178,38,1
5178,37,1
5178,118,1
5178,30,1
5178,68,1
5178,47,1
5178,47,1
5179,41,1
5179,130,1
5179,30,1
5179,113,1
5179,32,1
5179,97,1
5179,136,1
5180,38,1
5180,143,1
5180,30,1
5180,40,1
5180,68,1
5180,6,1
5180,30,1
5181,76,1
5181,47,1
5181,41,1
5181,25,1
5181,136,1
5181,41,1
5181,47,1
5182,47,1
5182,32,1
5182,60,1
5182,68,1
5182,130,1
5182,30,1
5182,47,1
5183,45,1
5183,6,1
5183,37,1
5183,41,1
5183,47,1
5183,25,1
5183,6,1
5184,43,1
5184,108,1
5184,89,1
5184,68,1
5184,4,1
5184,105,1
5184,43,1
5185,100,1
5185,47,1
5185,89,1
5185,120,1
5185,6,1
5185,125,1
5185,30,1
5186,136,1
5186,115,1
5186,44,1
5186,115,1
5186,102,1
5186,89,1
5186,38,1
5187,100,1
5187,6,1
5187,121,1
5187,30,1
5187,143,1
5187,47,1
5187,121,1
5188,102,1
5188,99,1
5188,47,1
5188,68,1
5188,46,1
5188,40,1
5188,41,1
5189,99,1
5189,108,1
5189,6,1
5189,68,1
5189,89,1
5189,38,1
5189,25,1
5190,41,1
5190,47,1
5190,130,1
5190,47,1
5190,89,1
5190,136,1
5190,100,1
5190,136,1
5191,153,1
5191,135,1
5191,68,1
5191,118,1
5191,47,1
5191,76,1
5191,6,1
5191,101,1
5191,69,1
5192,30,1
5192,130,1
5192,76,1
5192,124,1
5192,113,1
5192,38,1
5192,89,1
5193,76,1
5193,101,1
5193,32,1
5193,47,1
5193,47,1
5193,30,1
5193,115,1
5194,47,1
5194,38,1
5194,89,1
5194,113,1
5194,130,1
5194,121,1
5194,1,1
5195,47,1
5195,100,1
5195,42,1
5195,89,1
5195,76,1
5195,47,1
5195,38,1
5196,89,1
5196,113,1
5196,130,1
5196,38,1
5196,38,1
5196,47,1
5196,89,1
5197,38,1
5197,89,1
5197,30,1
5197,6,1
5197,137,1
5197,46,1
5197,69,1
5198,7,1
5198,100,1
5198,32,1
5198,47,1
5198,101,1
5198,32,1
5198,43,1
5199,6,1
5199,143,1
5199,78,1
5199,80,1
5199,25,1
5199,21,1
5199,2,1
5200,30,1
5200,29,1
5200,38,1
5200,41,1
5200,101,1
5200,76,1
5200,85,1
5200,47,1
5201,38,1
5201,97,1
5201,105,1
5201,147,1
5201,47,1
5201,38,1
5201,41,1
5202,85,1
5202,66,1
5202,77,1
5202,40,1
5202,132,1
5202,46,1
5202,84,1
5202,46,1
5202,38,1
5202,25,1
5202,85,1
5202,113,1
5202,102,1
5202,124,1
5202,68,1
5202,30,1
5202,39,1
5202,47,1
5202,97,1
5202,47,1
5202,47,1
5202,39,1
5202,66,1
5202,77,1
5202,101,1
5202,47,1
5202,41,1
5202,47,1
5202,47,1
5202,40,1
5202,115,1
5202,32,1
5202,143,1
5202,43,1
5202,39,1
5202,97,1
5202,38,1
5202,32,1
5202,121,1
5202,43,1
5202,137,1
5202,25,1
5202,68,1
5202,30,1
5202,108,1
5202,38,1
5202,47,1
5202,125,1
5202,77,1
5203,6,1
5203,115,1
5203,118,1
5203,47,1
5203,47,1
5203,38,1
5203,136,1
5203,60,1
5203,143,1
5203,89,1
5203,25,1
5203,30,1
5203,47,1
5203,74,1
5204,41,1
5204,68,1
5204,60,1
5204,38,1
5204,43,1
5204,143,1
5204,118,1
5205,121,1
5205,61,1
5205,37,1
5205,69,1
5205,153,1
5205,44,1
5205,38,1
5206,143,1
5206,6,1
5206,121,1
5206,39,1
5206,43,1
5206,100,1
5206,9,1
5207,18,1
5207,25,1
5207,6,1
5207,10,1
5207,22,1
5207,2,1
5207,9,1
5208,1,1
5208,18,1
5208,17,1
5208,16,1
5208,150,1
5208,87,1
5208,28,1
5209,24,1
5209,25,1
5209,26,1
5209,102,1
5209,51,1
5209,76,1
5209,119,1
5210,27,1
5210,24,1
5210,46,1
5210,29,1
5210,25,1
5210,30,1
5210,32,1
5210,74,1
5211,5,1
5211,24,1
5211,58,1
5211,24,1
5211,81,1
5211,28,1
5211,94,1
5212,4,1
5212,56,1
5212,35,1
5212,83,1
5212,133,1
5212,43,1
5212,6,1
5213,101,1
5213,45,1
5213,47,1
5213,101,1
5213,47,1
5213,47,1
5213,39,1
5214,38,1
5214,115,1
5214,41,1
5214,38,1
5214,32,1
5214,44,1
5214,47,1
5215,76,1
5215,60,1
5215,117,1
5215,76,1
5215,136,1
5215,30,1
5215,38,1
5216,44,1
5216,85,1
5216,47,1
5216,45,1
5216,46,1
5216,101,1
5216,47,1
5217,76,1
5217,38,1
5217,47,1
5217,30,1
5217,1,1
5217,37,1
5217,100,1
5218,38,1
5218,30,1
5218,60,1
5218,135,1
5218,143,1
5218,6,1
5218,81,1
5219,78,1
5219,38,1
5219,43,1
5219,143,1
5219,100,1
5219,77,1
5219,102,1
5220,47,1
5220,6,1
5220,138,1
5220,97,1
5220,1,1
5220,89,1
5220,30,1
5220,30,1
5220,47,1
5220,68,1
5221,101,1
5221,136,1
5221,47,1
5221,30,1
5221,89,1
5221,130,1
5221,38,1
5222,66,1
5222,60,1
5222,99,1
5222,43,1
5222,78,1
5222,47,1
5222,25,1
5222,38,1
5223,76,1
5223,6,1
5223,41,1
5223,46,1
5223,137,1
5223,118,1
5223,30,1
5224,102,1
5224,37,1
5224,40,1
5224,74,1
5224,76,1
5224,47,1
5224,30,1
5225,41,1
5225,43,1
5225,18,1
5225,89,1
5225,130,1
5225,101,1
5225,115,1
5226,76,1
5226,30,1
5226,32,1
5226,41,1
5226,43,1
5226,32,1
5226,116,1
5227,89,1
5227,130,1
5227,30,1
5227,24,1
5227,40,1
5227,37,1
5227,43,1
5228,4,1
5228,18,1
5228,30,1
5228,70,1
5228,6,1
5228,43,1
5228,47,1
5229,25,1
5229,30,1
5229,44,1
5229,85,1
5229,32,1
5229,101,1
5229,43,1
5230,6,1
5230,43,1
5230,41,1
5230,47,1
5230,25,1
5230,46,1
5230,47,1
5231,6,1
5231,77,1
5231,115,1
5231,47,1
5231,102,1
5231,89,1
5231,47,1
5232,101,1
5232,108,1
5232,101,1
5232,38,1
5232,136,1
5232,47,1
5232,30,1
5233,38,1
5233,102,1
5233,41,1
5233,43,1
5233,25,1
5233,9,1
5233,115,1
5234,130,1
5234,136,1
5234,39,1
5234,47,1
5234,41,1
5234,136,1
5234,43,1
5235,74,1
5235,30,1
5235,136,1
5235,50,1
5235,6,1
5235,47,1
5235,78,1
5236,74,1
5236,30,1
5236,130,1
5236,38,1
5236,101,1
5236,30,1
5236,39,1
5237,136,1
5237,25,1
5237,47,1
5237,89,1
5237,47,1
5237,41,1
5237,130,1
5238,40,1
5238,77,1
5238,105,1
5238,43,1
5238,89,1
5238,6,1
5238,39,1
5239,76,1
5239,76,1
5239,120,1
5239,41,1
5239,101,1
5239,153,1
5239,60,1
5239,108,1
5239,47,1
5239,117,1
5239,30,1
5239,38,1
5239,47,1
5240,76,1
5240,30,1
5240,76,1
5240,47,1
5240,77,1
5240,1,1
5240,43,1
5240,18,1
5241,101,1
5241,3,1
5241,60,1
5241,40,1
5241,71,1
5241,101,1
5241,47,1
5241,47,1
5241,66,1
5241,60,1
5242,38,1
5242,25,1
5242,76,1
5242,66,1
5242,136,1
5242,47,1
5242,89,1
5243,117,1
5243,129,1
5243,47,1
5243,66,1
5243,120,1
5243,134,1
5243,136,1
5244,101,1
5244,43,1
5244,69,1
5244,30,1
5244,81,1
5244,6,1
5244,38,1
5245,78,1
5245,47,1
5245,25,1
5245,68,1
5245,101,1
5245,38,1
5245,32,1
5246,125,1
5246,41,1
5246,47,1
5246,78,1
5246,81,1
5246,100,1
5246,41,1
5247,32,1
5247,38,1
5247,44,1
5247,101,1
5247,30,1
5247,38,1
5247,4,1
5248,47,1
5248,25,1
5248,69,1
5248,6,1
5248,40,1
5248,4,1
5248,68,1
5249,100,1
5249,69,1
5249,113,1
5249,47,1
5249,25,1
5249,113,1
5249,38,1
5250,45,1
5250,32,1
5250,38,1
5250,41,1
5250,47,1
5250,30,1
5250,77,1
5251,68,1
5251,30,1
5251,76,1
5251,38,1
5251,41,1
5251,28,1
5251,47,1
5252,32,1
5252,38,1
5252,38,1
5252,70,1
5252,43,1
5252,68,1
5252,71,1
5253,105,1
5253,32,1
5253,30,1
5253,6,1
5253,60,1
5253,99,1
5253,47,1
5253,41,1
5254,32,1
5254,69,1
5254,66,1
5254,38,1
5254,3,1
5254,85,1
5254,76,1
5255,77,1
5255,32,1
5255,47,1
5255,74,1
5255,136,1
5255,1,1
5255,43,1
5256,41,1
5256,121,1
5256,43,1
5256,101,1
5256,81,1
5256,47,1
5256,1,1
5257,6,1
5257,47,1
5257,18,1
5257,41,1
5257,102,1
5257,47,1
5257,1,1
5257,115,1
5257,47,1
5258,38,1
5258,32,1
5258,101,1
5258,30,1
5258,38,1
5258,30,1
5258,105,1
5259,41,1
5259,47,1
5259,69,1
5259,74,1
5259,41,1
5259,147,1
5259,89,1
5260,30,1
5260,101,1
5260,47,1
5260,41,1
5260,38,1
5260,105,1
5260,43,1
5261,25,1
5261,30,1
5261,89,1
5261,6,1
5261,147,1
5261,81,1
5261,89,1
5262,43,1
5262,46,1
5262,68,1
5262,89,1
5262,41,1
5262,120,1
5262,38,1
5263,32,1
5263,78,1
5263,100,1
5263,24,1
5263,47,1
5263,30,1
5263,115,1
5264,101,1
5264,68,1
5264,74,1
5264,130,1
5264,97,1
5264,38,1
5264,30,1
5265,102,1
5265,47,1
5265,108,1
5265,77,1
5265,43,1
5265,6,1
5265,118,1
5266,74,1
5266,30,1
5266,76,1
5266,84,1
5266,124,1
5266,25,1
5266,41,1
5267,61,1
5267,6,1
5267,76,1
5267,32,1
5267,68,1
5267,101,1
5267,47,1
5268,1,1
5268,47,1
5268,38,1
5268,77,1
5268,43,1
5268,42,1
5268,123,1
5269,6,1
5269,25,1
5269,101,1
5269,153,1
5269,41,1
5269,6,1
5269,76,1
5270,38,1
5270,38,1
5270,89,1
5270,76,1
5270,30,1
5270,153,1
5270,47,1
5271,76,1
5271,6,1
5271,4,1
5271,137,1
5271,45,1
5271,74,1
5271,47,1
5272,101,1
5272,38,1
5272,47,1
5272,41,1
5272,38,1
5272,41,1
5272,85,1
5273,40,1
5273,78,1
5273,18,1
5273,46,1
5273,101,1
5273,76,1
5273,25,1
5274,69,1
5274,38,1
5274,38,1
5274,47,1
5274,66,1
5274,47,1
5274,76,1
5275,129,1
5275,32,1
5275,38,1
5275,41,1
5275,30,1
5275,38,1
5275,97,1
5276,41,1
5276,143,1
5276,47,1
5276,100,1
5276,30,1
5276,45,1
5276,137,1
5277,45,1
5277,85,1
5277,153,1
5277,102,1
5277,6,1
5277,101,1
5277,32,1
5277,30,1
5278,101,1
5278,32,1
5278,38,1
5278,76,1
5278,76,1
5278,101,1
5278,47,1
5279,45,1
5279,18,1
5279,25,1
5279,38,1
5279,60,1
5279,32,1
5279,6,1
5280,137,1
5280,41,1
5280,39,1
5280,47,1
5280,30,1
5280,25,1
5280,41,1
5281,6,1
5281,47,1
5281,42,1
5281,89,1
5281,6,1
5281,41,1
5281,47,1
5281,101,1
5282,30,1
5282,47,1
5282,47,1
5282,89,1
5282,38,1
5282,113,1
5282,130,1
5283,45,1
5283,75,1
5283,47,1
5283,47,1
5283,100,1
5283,38,1
5283,39,1
5284,30,1
5284,68,1
5284,25,1
5284,30,1
5284,76,1
5284,38,1
5284,32,1
5285,47,1
5285,68,1
5285,38,1
5285,41,1
5285,149,1
5285,30,1
5285,101,1
5286,47,1
5286,40,1
5286,43,1
5286,6,1
5286,47,1
5286,77,1
5286,60,1
5287,43,1
5287,7,1
5287,76,1
5287,6,1
5287,43,1
5287,99,1
5287,30,1
5288,81,1
5288,47,1
5288,101,1
5288,38,1
5288,113,1
5288,68,1
5288,38,1
5289,115,1
5289,3,1
5289,38,1
5289,101,1
5289,149,1
5289,47,1
5289,47,1
5290,47,1
5290,100,1
5290,38,1
5290,101,1
5290,113,1
5290,30,1
5290,40,1
5291,132,1
5291,47,1
5291,113,1
5291,25,1
5291,9,1
5291,32,1
5291,101,1
5292,32,1
5292,74,1
5292,38,1
5292,76,1
5292,102,1
5292,6,1
5292,125,1
5293,76,1
5293,68,1
5293,97,1
5293,25,1
5293,47,1
5293,76,1
5293,47,1
5294,40,1
5294,20,1
5294,68,1
5294,30,1
5294,46,1
5294,76,1
5294,32,1
5295,76,1
5295,47,1
5295,32,1
5295,69,1
5295,47,1
5295,76,1
5295,32,1
5296,135,1
5296,143,1
5296,117,1
5296,124,1
5296,3,1
5296,130,1
5296,101,1
5297,44,1
5297,47,1
5297,32,1
5297,101,1
5297,76,1
5297,101,1
5297,135,1
5297,32,1
5298,41,1
5298,6,1
5298,66,1
5298,135,1
5298,41,1
5298,76,1
5298,30,1
5299,47,1
5299,32,1
5299,30,1
5299,47,1
5299,32,1
5299,38,1
5299,115,1
5300,143,1
5300,38,1
5300,102,1
5300,69,1
5300,47,1
5300,81,1
5300,47,1
5301,41,1
5301,101,1
5301,30,1
5301,38,1
5301,106,1
5301,85,1
5301,121,1
5302,108,1
5302,113,1
5302,32,1
5302,47,1
5302,78,1
5302,81,1
5302,32,1
5303,101,1
5303,47,1
5303,30,1
5303,69,1
5303,47,1
5303,40,1
5303,66,1
5304,99,1
5304,38,1
5304,25,1
5304,41,1
5304,3,1
5304,32,1
5304,115,1
5305,43,1
5305,100,1
5305,25,1
5305,30,1
5305,130,1
5305,41,1
5305,102,1
5306,105,1
5306,143,1
5306,41,1
5306,47,1
5306,38,1
5306,47,1
5306,85,1
5307,30,1
5307,25,1
5307,76,1
5307,43,1
5307,41,1
5307,125,1
5307,74,1
5308,76,1
5308,32,1
5308,32,1
5308,69,1
5308,105,1
5308,47,1
5308,38,1
5309,32,1
5309,44,1
5309,30,1
5309,76,1
5309,47,1
5309,38,1
5309,30,1
5310,40,1
5310,6,1
5310,42,1
5310,47,1
5310,30,1
5310,45,1
5310,85,1
5311,30,1
5311,76,1
5311,43,1
5311,37,1
5311,78,1
5311,25,1
5311,30,1
5312,38,1
5312,47,1
5312,30,1
5312,85,1
5312,45,1
5312,38,1
5312,37,1
5313,124,1
5313,47,1
5313,74,1
5313,24,1
5313,30,1
5313,97,1
5313,32,1
5314,105,1
5314,39,1
5314,6,1
5314,32,1
5314,101,1
5314,69,1
5314,47,1
5315,47,1
5315,40,1
5315,105,1
5315,6,1
5315,89,1
5315,47,1
5315,30,1
5315,121,1
5316,137,1
5316,118,1
5316,101,1
5316,85,1
5316,37,1
5316,45,1
5316,38,1
5317,38,1
5317,47,1
5317,101,1
5317,39,1
5317,32,1
5317,99,1
5317,47,1
5318,129,1
5318,102,1
5318,32,1
5318,28,1
5318,38,1
5318,130,1
5318,136,1
5319,38,1
5319,6,1
5319,47,1
5319,41,1
5319,25,1
5319,100,1
5319,32,1
5320,69,1
5320,18,1
5320,106,1
5320,47,1
5320,15,1
5320,117,1
5320,18,1
5321,25,1
5321,40,1
5321,6,1
5321,102,1
5321,115,1
5321,135,1
5321,6,1
5322,25,1
5322,47,1
5322,38,1
5322,41,1
5322,78,1
5322,75,1
5322,89,1
5323,130,1
5323,76,1
5323,25,1
5323,102,1
5323,32,1
5323,6,1
5323,47,1
5324,32,1
5324,37,1
5324,41,1
5324,134,1
5324,76,1
5324,30,1
5324,38,1
5325,43,1
5325,100,1
5325,101,1
5325,41,1
5325,124,1
5325,135,1
5325,6,1
5325,47,1
5326,76,1
5326,100,1
5326,30,1
5326,6,1
5326,60,1
5326,43,1
5326,18,1
5327,74,1
5327,30,1
5327,136,1
5327,47,1
5327,41,1
5327,25,1
5327,32,1
5328,39,1
5328,25,1
5328,38,1
5328,41,1
5328,30,1
5328,38,1
5328,30,1
5329,47,1
5329,41,1
5329,77,1
5329,81,1
5329,3,1
5329,32,1
5329,47,1
5330,32,1
5330,40,1
5330,43,1
5330,100,1
5330,41,1
5330,81,1
5330,30,1
5331,41,1
5331,30,1
5331,32,1
5331,47,1
5331,106,1
5331,38,1
5331,147,1
5332,76,1
5332,18,1
5332,32,1
5332,30,1
5332,38,1
5332,30,1
5332,68,1
5333,47,1
5333,46,1
5333,84,1
5333,39,1
5333,41,1
5333,118,1
5333,101,1
5334,25,1
5334,46,1
5334,32,1
5334,25,1
5334,32,1
5334,41,1
5334,81,1
5335,85,1
5335,32,1
5335,30,1
5335,47,1
5335,100,1
5335,74,1
5335,24,1
5336,40,1
5336,102,1
5336,43,1
5336,6,1
5336,46,1
5336,102,1
5336,6,1
5337,68,1
5337,30,1
5337,40,1
5337,15,1
5337,89,1
5337,138,1
5337,102,1
5338,135,1
5338,46,1
5338,25,1
5338,66,1
5338,40,1
5338,124,1
5338,6,1
5339,42,1
5339,30,1
5339,115,1
5339,101,1
5339,38,1
5339,47,1
5339,38,1
5340,85,1
5340,47,1
5340,84,1
5340,113,1
5340,130,1
5340,37,1
5340,89,1
5341,102,1
5341,41,1
5341,1,1
5341,32,1
5341,41,1
5341,30,1
5341,102,1
5342,47,1
5342,101,1
5342,32,1
5342,40,1
5342,46,1
5342,76,1
5342,32,1
5343,121,1
5343,43,1
5343,143,1
5343,47,1
5343,41,1
5343,89,1
5343,130,1
5343,25,1
5344,1,1
5344,41,1
5344,130,1
5344,89,1
5344,6,1
5344,60,1
5344,43,1
5345,41,1
5345,76,1
5345,118,1
5345,47,1
5345,47,1
5345,113,1
5345,102,1
5346,30,1
5346,121,1
5346,46,1
5346,6,1
5346,1,1
5346,24,1
5346,28,1
5347,30,1
5347,29,1
5347,32,1
5347,38,1
5347,47,1
5347,85,1
5347,4,1
5348,32,1
5348,71,1
5348,47,1
5348,9,1
5348,69,1
5348,30,1
5348,68,1
5349,6,1
5349,47,1
5349,113,1
5349,76,1
5349,66,1
5349,40,1
5349,6,1
5349,101,1
5349,118,1
5349,32,1
5349,101,1
5349,101,1
5349,101,1
5350,45,1
5350,116,1
5350,41,1
5350,100,1
5350,118,1
5350,47,1
5350,136,1
5351,47,1
5351,78,1
5351,85,1
5351,32,1
5351,76,1
5351,4,1
5351,45,1
5352,101,1
5352,32,1
5352,68,1
5352,38,1
5352,101,1
5352,25,1
5352,47,1
5353,38,1
5353,32,1
5353,102,1
5353,106,1
5353,100,1
5353,76,1
5353,32,1
5354,25,1
5354,30,1
5354,121,1
5354,39,1
5354,47,1
5354,123,1
5354,68,1
5355,130,1
5355,40,1
5355,152,1
5355,44,1
5355,12,1
5355,74,1
5355,98,1
5356,85,1
5356,153,1
5356,43,1
5356,41,1
5356,47,1
5356,76,1
5356,30,1
5357,47,1
5357,47,1
5357,76,1
5357,47,1
5357,143,1
5357,47,1
5357,30,1
5358,40,1
5358,38,1
5358,42,1
5358,89,1
5358,47,1
5358,76,1
5358,32,1
5359,68,1
5359,101,1
5359,6,1
5359,28,1
5359,74,1
5359,30,1
5359,30,1
5360,66,1
5360,120,1
5360,38,1
5360,37,1
5360,6,1
5360,30,1
5360,25,1
5361,47,1
5361,38,1
5361,71,1
5361,20,1
5361,74,1
5361,120,1
5361,77,1
5361,98,1
5361,44,1
5361,37,1
5361,20,1
5362,113,1
5362,30,1
5362,38,1
5362,30,1
5362,47,1
5362,43,1
5362,152,1
5363,68,1
5363,118,1
5363,32,1
5363,115,1
5363,25,1
5363,30,1
5363,130,1
5364,47,1
5364,32,1
5364,6,1
5364,41,1
5364,69,1
5364,47,1
5364,43,1
5365,32,1
5365,101,1
5365,30,1
5365,43,1
5365,32,1
5365,39,1
5365,25,1
5366,46,1
5366,32,1
5366,6,1
5366,46,1
5366,76,1
5366,32,1
5366,47,1
5367,143,1
5367,78,1
5367,46,1
5367,41,1
5367,38,1
5367,47,1
5367,76,1
5367,101,1
5368,46,1
5368,32,1
5368,6,1
5368,47,1
5368,101,1
5368,68,1
5368,77,1
5369,60,1
5369,68,1
5369,6,1
5369,74,1
5369,47,1
5369,32,1
5369,76,1
5370,66,1
5370,43,1
5370,101,1
5370,47,1
5370,25,1
5370,74,1
5370,38,1
5371,60,1
5371,100,1
5371,81,1
5371,9,1
5371,43,1
5371,6,1
5371,118,1
5372,46,1
5372,6,1
5372,32,1
5372,137,1
5372,78,1
5372,71,1
5372,74,1
5373,113,1
5373,43,1
5373,38,1
5373,41,1
5373,47,1
5373,120,1
5373,148,1
5374,18,1
5374,38,1
5374,41,1
5374,47,1
5374,30,1
5374,41,1
5374,100,1
5375,6,1
5375,149,1
5375,81,1
5375,74,1
5375,101,1
5375,113,1
5375,60,1
5375,68,1
5376,153,1
5376,89,1
5376,37,1
5376,38,1
5376,43,1
5376,25,1
5376,38,1
5377,115,1
5377,41,1
5377,47,1
5377,68,1
5377,25,1
5377,38,1
5377,37,1
5378,15,1
5378,50,1
5378,6,1
5378,85,1
5378,30,1
5378,41,1
5378,38,1
5379,147,1
5379,44,1
5379,38,1
5379,102,1
5379,101,1
5379,20,1
5379,80,1
